{
  "model_spike_times_same_across_sweeps": {
    "n1": 1,
    "n2": 1
  },
  "run_model_spike_times_match_database": {
    "n2": true
  },
  "n2_after_opt_sanitycheck": 0.950598037180236,
  "after_opt": {
    "noise_1": 0.9576992699299677,
    "noise_2": 0.950597042741526
  },
  "before_opt": {
    "noise_1": 0.9546775442612534,
    "noise_2": 0.9483828955740147
  }
}