{
  "El_reference": -0.06477644602457683,
  "C": 7.948117037065293e-11,
  "asc_amp_array": [
    1.9783102478952043e-11,
    3.255457360773015e-10
  ],
  "init_threshold": 0.022136024601061573,
  "threshold_reset_method": {
    "params": {
      "a_spike": 0.0016486250461082094,
      "b_spike": 75.74667006507744
    },
    "name": "three_components"
  },
  "th_inf": 0.022136024601061573,
  "spike_cut_length": 26,
  "init_AScurrents": [
    0.0,
    0.0
  ],
  "init_voltage": 0.0,
  "threshold_dynamics_method": {
    "params": {
      "b_voltage": 326.6996939670744,
      "a_spike": 0.0016486250461082094,
      "b_spike": 75.74667006507744,
      "a_voltage": 83.40678702003157
    },
    "name": "three_components_exact"
  },
  "voltage_reset_method": {
    "params": {
      "a": 0.05883112892998307,
      "b": 0.004264143350299804
    },
    "name": "v_before"
  },
  "extrapolation_method_name": "endpoints",
  "dt": 5e-05,
  "voltage_dynamics_method": {
    "params": {},
    "name": "linear_forward_euler"
  },
  "El": 0.0,
  "asc_tau_array": [
    0.03333333333333334,
    0.0033333333333333335
  ],
  "R_input": 104886966.64757802,
  "AScurrent_dynamics_method": {
    "params": {},
    "name": "exp"
  },
  "AScurrent_reset_method": {
    "params": {
      "r": [
        1.0,
        1.0
      ]
    },
    "name": "sum"
  },
  "dt_multiplier": 10,
  "th_adapt": null,
  "coeffs": {
    "a": 1,
    "C": 1,
    "b": 1,
    "G": 1,
    "th_inf": 0.8333303035274428,
    "asc_amp_array": [
      1.0,
      1.0
    ]
  },
  "type": "GLIF"
}