{
  "model_spike_times_same_across_sweeps": {
    "n1": 1,
    "n2": 1
  },
  "run_model_spike_times_match_database": {
    "n2": true
  },
  "n2_after_opt_sanitycheck": 0.026879794079665228,
  "after_opt": {
    "noise_1": 0.15046531884273068,
    "noise_2": 0.0268804250494186
  },
  "before_opt": {
    "noise_1": 0.0,
    "noise_2": 0.0
  }
}