{
  "model_spike_times_same_across_sweeps": {
    "n1": 1,
    "n2": 1
  },
  "run_model_spike_times_match_database": {
    "n2": true
  },
  "n2_after_opt_sanitycheck": 0.18393697028185896,
  "after_opt": {
    "noise_1": 0.36963331384675313,
    "noise_2": 0.183959914802044
  },
  "before_opt": {
    "noise_1": 0.31514997471747513,
    "noise_2": 0.1782594202892261
  }
}