{
  "El": {
    "El_max_subth_long_square": {
      "dependencies": null, 
      "value": -0.07405300140380859
    }, 
    "El_noise": {
      "measured": {
        "dependencies": null, 
        "list": [
          -0.07396871185302731, 
          -0.0740869216918945, 
          -0.07331103515625, 
          -0.0727115707397461
        ], 
        "mean": -0.073519559860229469
      }
    }, 
    "El_ramp": {
      "dependencies": null, 
      "value": -0.07430877685546881
    }, 
    "El_suprathreshold_blip": {
      "dependencies": null, 
      "value": -0.07324462127685549
    }, 
    "El_subthreshold_blip": {
      "dependencies": null, 
      "value": -0.07401198577880859
    }
  }, 
  "spike_cut_length": {
    "no deltaV shift": {
      "slope": 0.42541394212246803, 
      "length": 58.0, 
      "intercept": 0.0072743231845842082, 
      "dependencies": null
    }
  }, 
  "threshold_adaptation": {
    "b_spike_component_of_threshold": null, 
    "b_voltage_comp_of_thr_from_fitab": null, 
    "b_voltage_comp_of_thr_from_fitabth": null, 
    "a_voltage_comp_of_thr_from_fitab": null, 
    "a_spike_component_of_threshold": null, 
    "a_voltage_comp_of_thr_from_fitabth": null
  }, 
  "th_inf": {
    "via_Vmeasure": {
      "from_zero": 0.033885144176978368, 
      "dependencies": "measured from suprathreshold blip", 
      "value": -0.039359477099877124
    }, 
    "fit_with_v_comp_of_th": {
      "from_zero": null, 
      "value": null
    }
  }, 
  "resistance": {
    "R_test_list": {
      "list": [
        455417110.01968771, 
        454725739.89511621, 
        443364844.48112494, 
        382845206.4109835
      ], 
      "mean": 434088225.20172811
    }, 
    "R_fit_ASC_and_R": {
      "list": [
        564617102.1071944, 
        579684172.5811591, 
        572992696.9766155, 
        493036513.944066
      ], 
      "mean": 552582621.40225875
    }, 
    "R_from_lims": {
      "value": 279062509.536743
    }
  }, 
  "asc": {
    "amp": [
      -1.999095745301936e-12, 
      -6.641944995232721e-11
    ], 
    "k": [
      3.0, 
      100.0
    ], 
    "dependencies": "Cap and res from least squares"
  }, 
  "capacitance": {
    "C_from_lims": {
      "value": 5.654730016703403e-11
    }, 
    "C_test_list": {
      "list": [
        4.4355726460234747e-11, 
        4.5815073201435885e-11, 
        4.4454029841263367e-11, 
        4.6350929662875679e-11
      ], 
      "mean": 4.5243939791452416e-11
    }
  }, 
  "MLIN": {
    "tau_from_AC": 0.024634728320231732, 
    "sv_for_expsymm": 0.00021702924776081399, 
    "var_of_section": 9.4203388767249582e-08
  }, 
  "sweep_properties": {
    "multi_short_square": {
      "sweep_num": null
    }, 
    "noise1": {
      "1": {
        "sweep_num": 40, 
        "El": -0.07396871185302731, 
        "spike_ind": [
          201288, 
          201979, 
          202924, 
          203681, 
          204634, 
          206096, 
          208305, 
          214582, 
          216585, 
          218264, 
          221254, 
          222739, 
          223683, 
          224761, 
          228470, 
          234798, 
          236908, 
          238456, 
          241344, 
          242953, 
          244143, 
          244924, 
          249435, 
          255480, 
          257884, 
          360912, 
          361120, 
          361450, 
          361870, 
          362378, 
          362794, 
          363210, 
          363621, 
          364151, 
          364603, 
          364960, 
          365721, 
          366511, 
          367428, 
          367994, 
          368580, 
          369278, 
          371906, 
          373421, 
          374385, 
          375229, 
          376303, 
          377130, 
          378053, 
          378649, 
          380877, 
          381452, 
          382385, 
          382970, 
          383569, 
          384299, 
          384762, 
          385885, 
          386929, 
          388034, 
          389091, 
          393347, 
          394584, 
          395586, 
          396550, 
          397306, 
          398157, 
          398763, 
          400897, 
          401568, 
          402480, 
          403171, 
          403758, 
          404505, 
          404907, 
          405949, 
          406954, 
          408058, 
          409161, 
          413249, 
          414507, 
          415526, 
          416527, 
          417381, 
          418174, 
          418807
        ]
      }, 
      "3": {
        "sweep_num": 44, 
        "El": -0.07331103515625, 
        "spike_ind": [
          201278, 
          202079, 
          202968, 
          203761, 
          204691, 
          206597, 
          208581, 
          214575, 
          216548, 
          218167, 
          221139, 
          222657, 
          223579, 
          224697, 
          228355, 
          234505, 
          236756, 
          238404, 
          241258, 
          242872, 
          243825, 
          244764, 
          247987, 
          255308, 
          257279, 
          258703, 
          360894, 
          361108, 
          361475, 
          361898, 
          362424, 
          362870, 
          363319, 
          363727, 
          364328, 
          364732, 
          365312, 
          365973, 
          366656, 
          367587, 
          368294, 
          369131, 
          370507, 
          372504, 
          373449, 
          374397, 
          375299, 
          376370, 
          377167, 
          377974, 
          378540, 
          380813, 
          381422, 
          382367, 
          382970, 
          383537, 
          384221, 
          384700, 
          385825, 
          386709, 
          387913, 
          388825, 
          389584, 
          393202, 
          394289, 
          395292, 
          396435, 
          397282, 
          398094, 
          398753, 
          400874, 
          401496, 
          402414, 
          403014, 
          403597, 
          404369, 
          404829, 
          405903, 
          406868, 
          407969, 
          408736, 
          409532, 
          413112, 
          414329, 
          415286, 
          416415, 
          417241, 
          418118, 
          418716
        ]
      }, 
      "2": {
        "sweep_num": 42, 
        "El": -0.0740869216918945,