{
  "model_spike_times_same_across_sweeps": {
    "n1": 1,
    "n2": 1
  },
  "run_model_spike_times_match_database": {
    "n2": true
  },
  "n2_after_opt_sanitycheck": 0.46098173597578856,
  "after_opt": {
    "noise_1": 0.26192690198414187,
    "noise_2": 0.461030845106594
  },
  "before_opt": {
    "noise_1": 0.4263226816691433,
    "noise_2": 0.41595654380192404
  }
}