{
  "model_spike_times_same_across_sweeps": {
    "n1": 1,
    "n2": 1
  },
  "run_model_spike_times_match_database": {
    "n2": true
  },
  "n2_after_opt_sanitycheck": 0.5037596645490693,
  "after_opt": {
    "noise_1": 0.42411591505222623,
    "noise_2": 0.503863488010231
  },
  "before_opt": {
    "noise_1": 0.5452885501701993,
    "noise_2": 0.5199036473055654
  }
}