{
  "model_spike_times_same_across_sweeps": {
    "n1": 1,
    "n2": 1
  },
  "run_model_spike_times_match_database": {
    "n2": true
  },
  "n2_after_opt_sanitycheck": 0.2696240254774175,
  "after_opt": {
    "noise_1": 0.2757330551237836,
    "noise_2": 0.26963010450791
  },
  "before_opt": {
    "noise_1": 0.3142690788090241,
    "noise_2": 0.30954372881164427
  }
}