{
  "model_spike_times_same_across_sweeps": {
    "n1": 1,
    "n2": 1
  },
  "run_model_spike_times_match_database": {
    "n2": true
  },
  "n2_after_opt_sanitycheck": 0.5225701092368467,
  "after_opt": {
    "noise_1": 0.3980936213286081,
    "noise_2": 0.52258946206429
  },
  "before_opt": {
    "noise_1": 0.08395485555228634,
    "noise_2": 0.07584596098839999
  }
}