{
  "noise1": {
    "RSS_of_voltage_diff": 45.11400837256155,
    "var_of_voltage_difference": 1.0811731983138236e-05,
    "var_of_voltage_data": 8.68267308531693e-05,
    "num_data_points_wo_spike_shape": 4165680
  },
  "noise2": {
    "RSS_of_voltage_diff": 31.52587982672072,
    "var_of_voltage_difference": 1.1307184177022648e-05,
    "var_of_voltage_data": 8.591778008650278e-05,
    "num_data_points_wo_spike_shape": 2776560
  }
}