{
  "model_spike_times_same_across_sweeps": {
    "n1": 1,
    "n2": 1
  },
  "run_model_spike_times_match_database": {
    "n2": true
  },
  "n2_after_opt_sanitycheck": 0.6932925394897799,
  "after_opt": {
    "noise_1": 0.7447555198761119,
    "noise_2": 0.693295078228022
  },
  "before_opt": {
    "noise_1": 0.3071544349242133,
    "noise_2": 0.28503408893435034
  }
}