{
  "model_spike_times_same_across_sweeps": {
    "n1": 1,
    "n2": 1
  },
  "run_model_spike_times_match_database": {
    "n2": true
  },
  "n2_after_opt_sanitycheck": 0.7270716660918924,
  "after_opt": {
    "noise_1": 0.4100257928283469,
    "noise_2": 0.727205590345854
  },
  "before_opt": {
    "noise_1": 0.4616976080149422,
    "noise_2": 0.5305832660407835
  }
}