{
  "model_spike_times_same_across_sweeps": {
    "n1": 1,
    "n2": 1
  },
  "run_model_spike_times_match_database": {
    "n2": true
  },
  "n2_after_opt_sanitycheck": 0.7323047114434846,
  "after_opt": {
    "noise_1": 0.406150073008511,
    "noise_2": 0.732509427155242
  },
  "before_opt": {
    "noise_1": 0.4740458525813136,
    "noise_2": 0.54990245130896
  }
}