{
  "noise1": {
    "RSS_of_voltage_diff": 7.323818016391668,
    "var_of_voltage_difference": 1.2879393305117832e-06,
    "var_of_voltage_data": 2.1580982290552233e-05,
    "num_data_points_wo_spike_shape": 5595679
  },
  "noise2": {
    "RSS_of_voltage_diff": 4.55905642883996,
    "var_of_voltage_difference": 1.0653406062954499e-06,
    "var_of_voltage_data": 2.1967592705353057e-05,
    "num_data_points_wo_spike_shape": 4197976
  }
}