{
  "model_spike_times_same_across_sweeps": {
    "n1": 1,
    "n2": 1
  },
  "run_model_spike_times_match_database": {
    "n2": true
  },
  "n2_after_opt_sanitycheck": 0.7057924397613271,
  "after_opt": {
    "noise_1": 0.4471472487755325,
    "noise_2": 0.705788185753415
  },
  "before_opt": {
    "noise_1": 0.46846870805965696,
    "noise_2": 0.440775170071759
  }
}