{
  "model_spike_times_same_across_sweeps": {
    "n1": 1,
    "n2": 1
  },
  "run_model_spike_times_match_database": {
    "n2": true
  },
  "n2_after_opt_sanitycheck": 0.5689239231793476,
  "after_opt": {
    "noise_1": 0.6552230632740056,
    "noise_2": 0.568919224192382
  },
  "before_opt": {
    "noise_1": 0.5620808542740673,
    "noise_2": 0.5792701515300593
  }
}