{
  "model_spike_times_same_across_sweeps": {
    "n1": 1,
    "n2": 1
  },
  "run_model_spike_times_match_database": {
    "n2": true
  },
  "n2_after_opt_sanitycheck": 0.8814977632739851,
  "after_opt": {
    "noise_1": 0.9112005915609293,
    "noise_2": 0.881495880460664
  },
  "before_opt": {
    "noise_1": 0.9014432550254923,
    "noise_2": 0.8749190252772204
  }
}