{
  "model_spike_times_same_across_sweeps": {
    "n1": 1,
    "n2": 1
  },
  "run_model_spike_times_match_database": {
    "n2": true
  },
  "n2_after_opt_sanitycheck": 0.8923017716469979,
  "after_opt": {
    "noise_1": 0.9123309608028218,
    "noise_2": 0.892297573595525
  },
  "before_opt": {
    "noise_1": 0.8467619553889503,
    "noise_2": 0.8352327537160531
  }
}