{
  "model_spike_times_same_across_sweeps": {
    "n1": 1,
    "n2": 1
  },
  "run_model_spike_times_match_database": {
    "n2": true
  },
  "n2_after_opt_sanitycheck": 0.7622362823384988,
  "after_opt": {
    "noise_1": 0.8152724895190139,
    "noise_2": 0.762216869881102
  },
  "before_opt": {
    "noise_1": 0.7301620144125524,
    "noise_2": 0.6792838582715082
  }
}