{
  "model_spike_times_same_across_sweeps": {
    "n1": 1,
    "n2": 1
  },
  "run_model_spike_times_match_database": {
    "n2": true
  },
  "n2_after_opt_sanitycheck": 0.6711419588717514,
  "after_opt": {
    "noise_1": 0.6469990018372547,
    "noise_2": 0.671130030830353
  },
  "before_opt": {
    "noise_1": 0.558721477160761,
    "noise_2": 0.6351483197769551
  }
}