{
  "model_spike_times_same_across_sweeps": {
    "n1": 1,
    "n2": 1
  },
  "run_model_spike_times_match_database": {
    "n2": true
  },
  "n2_after_opt_sanitycheck": 0.5980680111056392,
  "after_opt": {
    "noise_1": 0.56646051107342,
    "noise_2": 0.598022800193338
  },
  "before_opt": {
    "noise_1": 0.730861408110672,
    "noise_2": 0.8474294278898858
  }
}