{
  "model_spike_times_same_across_sweeps": {
    "n1": 1,
    "n2": 1
  },
  "run_model_spike_times_match_database": {
    "n2": true
  },
  "n2_after_opt_sanitycheck": 0.6139413367359667,
  "after_opt": {
    "noise_1": 0.7102011206275425,
    "noise_2": 0.613875473127255
  },
  "before_opt": {
    "noise_1": 0.6259545950643682,
    "noise_2": 0.6035459558784925
  }
}