{
  "El_reference": -0.06976716232299802,
  "C": 1.133356604529124e-10,
  "asc_amp_array": [
    -3.0714120274848236e-11,
    -3.6101433464465866e-11
  ],
  "init_threshold": 0.026712342586744438,
  "threshold_reset_method": {
    "params": {
      "a_spike": 0.003470984610390996,
      "b_spike": 71.56021100875185
    },
    "name": "three_components"
  },
  "th_inf": 0.026712342586744438,
  "spike_cut_length": 84,
  "init_AScurrents": [
    0.0,
    0.0
  ],
  "init_voltage": 0.0,
  "threshold_dynamics_method": {
    "params": {
      "b_voltage": 0,
      "a_spike": 0.003470984610390996,
      "b_spike": 71.56021100875185,
      "a_voltage": 0
    },
    "name": "spike_component"
  },
  "voltage_reset_method": {
    "params": {
      "a": 0.5068155399964859,
      "b": 0.004122839817054552
    },
    "name": "v_before"
  },
  "extrapolation_method_name": "endpoints",
  "dt": 5e-05,
  "voltage_dynamics_method": {
    "params": {},
    "name": "linear_forward_euler"
  },
  "El": 0.0,
  "asc_tau_array": [
    0.1,
    0.03333333333333334
  ],
  "R_input": 262496487.07758772,
  "AScurrent_dynamics_method": {
    "params": {},
    "name": "exp"
  },
  "AScurrent_reset_method": {
    "params": {
      "r": [
        1.0,
        1.0
      ]
    },
    "name": "sum"
  },
  "dt_multiplier": 10,
  "th_adapt": null,
  "coeffs": {
    "a": 1,
    "C": 1,
    "b": 1,
    "G": 1,
    "th_inf": 1.0725274931056188,
    "asc_amp_array": [
      1.0,
      1.0
    ]
  },
  "type": "GLIF"
}