{
  "El": {
    "El_max_subth_long_square": {
      "dependencies": null, 
      "value": -0.07204888153076171
    }, 
    "El_noise": {
      "measured": {
        "dependencies": null, 
        "list": [
          -0.0727598114013672, 
          -0.0722041244506836, 
          -0.0722335586547852, 
          -0.0722346572875977
        ], 
        "mean": -0.072358037948608428
      }
    }, 
    "El_ramp": {
      "dependencies": null, 
      "value": -0.07233582305908201
    }, 
    "El_suprathreshold_blip": {
      "dependencies": null, 
      "value": -0.07232280731201171
    }, 
    "El_subthreshold_blip": {
      "dependencies": null, 
      "value": -0.0735284042358398
    }
  }, 
  "spike_cut_length": {
    "no deltaV shift": {
      "slope": 0.26737749933238758, 
      "length": 102.0, 
      "intercept": 0.01558260350104434, 
      "dependencies": null
    }
  }, 
  "threshold_adaptation": {
    "b_spike_component_of_threshold": 165.45983710685775, 
    "b_voltage_comp_of_thr_from_fitab": 59.266975569233139, 
    "b_voltage_comp_of_thr_from_fitabth": 742.1645608733387, 
    "a_voltage_comp_of_thr_from_fitab": 17.820533610985954, 
    "a_spike_component_of_threshold": 0.0026554957143355715, 
    "a_voltage_comp_of_thr_from_fitabth": 376.32542296885947
  }, 
  "th_inf": {
    "via_Vmeasure": {
      "from_zero": 0.026018909928377569, 
      "dependencies": "measured from suprathreshold blip", 
      "value": -0.046303897383634142
    }, 
    "fit_with_v_comp_of_th": {
      "from_zero": 0.017392679309205114, 
      "value": -0.054965358639403314
    }
  }, 
  "resistance": {
    "R_test_list": {
      "list": [
        163352641.03713313, 
        149241449.3384234, 
        141376044.94986051, 
        135344499.71223056
      ], 
      "mean": 147328658.7594119
    }, 
    "R_fit_ASC_and_R": {
      "list": [
        148525532.60878924, 
        137812611.1277917, 
        132171641.14257918, 
        130895679.18981072
      ], 
      "mean": 137351366.01724273
    }, 
    "R_from_lims": {
      "value": 168281286.95488
    }
  }, 
  "asc": {
    "amp": [
      -6.604896095983924e-12, 
      -1.7882937517319518e-10
    ], 
    "k": [
      3.0, 
      100.0
    ], 
    "dependencies": "Cap and res from least squares"
  }, 
  "capacitance": {
    "C_from_lims": {
      "value": 1.4470170344895474e-10
    }, 
    "C_test_list": {
      "list": [
        1.0517537120771043e-10, 
        1.0436388589649259e-10, 
        9.6764995473118364e-11, 
        1.0417646944485221e-10
      ], 
      "mean": 1.0262018050554339e-10
    }
  }, 
  "MLIN": {
    "tau_from_AC": 0.031517426647915826, 
    "sv_for_expsymm": 0.00065260472432596963, 
    "var_of_section": 8.5178585242514963e-07
  }, 
  "sweep_properties": {
    "multi_short_square": {
      "sweep_num": [
        84, 
        85, 
        86, 
        87, 
        88, 
        89, 
        90, 
        91, 
        92, 
        93, 
        94, 
        96, 
        97, 
        98, 
        99, 
        100, 
        101, 
        102, 
        103, 
        104
      ]
    }, 
    "noise1": {
      "1": {
        "sweep_num": 56, 
        "El": -0.0727598114013672, 
        "spike_ind": [
          201119, 
          202979, 
          204512, 
          223047, 
          224690, 
          244873, 
          360811, 
          361250, 
          361803, 
          362454, 
          362953, 
          363566, 
          364387, 
          364819, 
          366163, 
          367895, 
          369370, 
          375266, 
          378118, 
          380918, 
          382857, 
          383712, 
          384632, 
          396582, 
          398215, 
          400940, 
          402902, 
          403723, 
          404606, 
          418161
        ]
      }, 
      "3": {
        "sweep_num": 60, 
        "El": -0.0722335586547852, 
        "spike_ind": [
          202750, 
          204716, 
          360831, 
          361368, 
          362376, 
          362924, 
          363524, 
          364413, 
          364834, 
          365967, 
          367963, 
          369434, 
          376502, 
          378149, 
          380915, 
          382870, 
          384662, 
          398176, 
          400912, 
          402895, 
          403825, 
          404679, 
          418189
        ]
      }, 
      "2": {
        "sweep_num": 58, 
        "El": -0.0722041244506836, 
        "spike_ind": [
          202958, 
          204583, 
          244853, 
          360802, 
          361087, 
          361572, 
          362418, 
          363148, 
          363774, 
          364464, 
          369467, 
          377291, 
          380921, 
          382941, 
          383714, 
          384669, 
          398217, 
          400954, 
          402885, 
          403843, 
          404675
        ]
      }, 
      "5": {
        "sweep_num": null, 
        "El": null, 
        "spike_ind": null
      }, 
      "4": {
        "sweep_num": 62, 
        "El": -0.0722346572875977, 
        "spike_ind": [
          201096, 
          202986, 
          204659, 
          360759, 
          361078, 
          361802, 
          362418, 
          362938, 
          363560, 
          364372, 
          364801, 
          369272, 
          376552, 
          378158, 
          380891, 
          382921, 
          383815, 
          384663, 
          398148, 
          400950, 
          403010, 
          404664, 
          418199
        ]
      }
    }, 
    "ramp": {
      "sweep_num": [
        4, 
        5, 
        6
      ]
    }, 
    "max_subthresh_long_square": {
      "sweep_num": [
        68
      ]
    }, 
    "suprathreshold_short_square": {
      "R_testpulsesweep_num": [
        15, 
        17
      ]
    }, 
    "subthreshold_short_square": {
      "sweep_num": [
        26
      ]
    }
  }, 
  "spike_cutting": {
    "NOdeltaV": {
      "slope": 0.26737749933238758, 
      "intercept": 0.01558260350104434, 
      "cut_length": 102.0, 
      "dependencies": null
    }
  }, 
  "dt_used_for_preprocessor_calculations": 5e-05
}