{
  "El_reference": -0.06982619476318361, 
  "C": 5.4723553690492346e-11, 
  "asc_amp_array": [
    -1.0893534505652001e-11, 
    -1.5204120815184828e-10
  ], 
  "init_threshold": 0.025429594473938666, 
  "threshold_reset_method": {
    "params": {
      "a_spike": 0.002288241776908414, 
      "b_spike": 97.33154599832535
    }, 
    "name": "three_components"
  }, 
  "th_inf": 0.025429594473938666, 
  "spike_cut_length": 43, 
  "init_AScurrents": [
    0.0, 
    0.0
  ], 
  "init_voltage": 0.0, 
  "threshold_dynamics_method": {
    "params": {
      "b_voltage": 0, 
      "a_spike": 0.002288241776908414, 
      "b_spike": 97.33154599832535, 
      "a_voltage": 0
    }, 
    "name": "spike_component"
  }, 
  "voltage_reset_method": {
    "params": {
      "a": 0.7320718252312161, 
      "b": -0.0007240983336681758
    }, 
    "name": "v_before"
  }, 
  "extrapolation_method_name": "endpoints", 
  "dt": 5e-05, 
  "voltage_dynamics_method": {
    "params": {}, 
    "name": "linear_forward_euler"
  }, 
  "El": 0.0, 
  "asc_tau_array": [
    0.3333333333333333, 
    0.01
  ], 
  "R_input": 112914177.89795215, 
  "AScurrent_dynamics_method": {
    "params": {}, 
    "name": "exp"
  }, 
  "AScurrent_reset_method": {
    "params": {
      "r": [
        1.0, 
        1.0
      ]
    }, 
    "name": "sum"
  }, 
  "dt_multiplier": 10, 
  "th_adapt": null, 
  "coeffs": {
    "a": 1, 
    "C": 1, 
    "b": 1, 
    "G": 1, 
    "th_inf": 0.9825244788761252, 
    "asc_amp_array": [
      1.0, 
      1.0
    ]
  }, 
  "type": "GLIF"
}