{
  "model_spike_times_same_across_sweeps": {
    "n1": 1,
    "n2": 1
  },
  "run_model_spike_times_match_database": {
    "n2": true
  },
  "n2_after_opt_sanitycheck": 0.9274333460095321,
  "after_opt": {
    "noise_1": 0.897535712608886,
    "noise_2": 0.927431270697955
  },
  "before_opt": {
    "noise_1": 0.8190780464829944,
    "noise_2": 0.836577733617915
  }
}