{
  "model_spike_times_same_across_sweeps": {
    "n1": 1,
    "n2": 1
  },
  "run_model_spike_times_match_database": {
    "n2": true
  },
  "n2_after_opt_sanitycheck": 0.6596425773670338,
  "after_opt": {
    "noise_1": 0.739509126043759,
    "noise_2": 0.659644929555254
  },
  "before_opt": {
    "noise_1": 0.24957465459353112,
    "noise_2": 0.2475342692570566
  }
}