{
  "model_spike_times_same_across_sweeps": {
    "n1": 1,
    "n2": 1
  },
  "run_model_spike_times_match_database": {
    "n2": true
  },
  "n2_after_opt_sanitycheck": 0.6984161251081261,
  "after_opt": {
    "noise_1": 0.6771521139488524,
    "noise_2": 0.698413791998647
  },
  "before_opt": {
    "noise_1": 0.7241698626552006,
    "noise_2": 0.7956815203392715
  }
}