{
  "model_spike_times_same_across_sweeps": {
    "n1": 1,
    "n2": 1
  },
  "run_model_spike_times_match_database": {
    "n2": true
  },
  "n2_after_opt_sanitycheck": 0.8157589664788938,
  "after_opt": {
    "noise_1": 0.6869920144607596,
    "noise_2": 0.815766670669226
  },
  "before_opt": {
    "noise_1": 0.3611448974714271,
    "noise_2": 0.4939726453186355
  }
}