{
  "model_spike_times_same_across_sweeps": {
    "n1": 1,
    "n2": 1
  },
  "run_model_spike_times_match_database": {
    "n2": true
  },
  "n2_after_opt_sanitycheck": 0.7305625064407238,
  "after_opt": {
    "noise_1": 0.6053623439915814,
    "noise_2": 0.730559151838995
  },
  "before_opt": {
    "noise_1": 0.6337483010904598,
    "noise_2": 0.6406672479862255
  }
}