{
  "model_spike_times_same_across_sweeps": {
    "n1": 1,
    "n2": 1
  },
  "run_model_spike_times_match_database": {
    "n2": true
  },
  "n2_after_opt_sanitycheck": 0.7426466348531149,
  "after_opt": {
    "noise_1": 0.7281223236931266,
    "noise_2": 0.742650093030387
  },
  "before_opt": {
    "noise_1": 0.5499568084761713,
    "noise_2": 0.5333061732255775
  }
}