{
  "model_spike_times_same_across_sweeps": {
    "n1": 1,
    "n2": 1
  },
  "run_model_spike_times_match_database": {
    "n2": true
  },
  "n2_after_opt_sanitycheck": 0.8725994709310337,
  "after_opt": {
    "noise_1": 0.8273778340648797,
    "noise_2": 0.87261539785714
  },
  "before_opt": {
    "noise_1": 0.6368058686093888,
    "noise_2": 0.6209145288667783
  }
}