{
  "model_spike_times_same_across_sweeps": {
    "n1": 1,
    "n2": 1
  },
  "run_model_spike_times_match_database": {
    "n2": true
  },
  "n2_after_opt_sanitycheck": 0.43371212444580204,
  "after_opt": {
    "noise_1": 0.5377079030377501,
    "noise_2": 0.43371023472997
  },
  "before_opt": {
    "noise_1": 0.7485846102378818,
    "noise_2": 0.6973135985186966
  }
}