{
  "model_spike_times_same_across_sweeps": {
    "n1": 1,
    "n2": 1
  },
  "run_model_spike_times_match_database": {
    "n2": true
  },
  "n2_after_opt_sanitycheck": 0.8850461767209555,
  "after_opt": {
    "noise_1": 0.8887871785252007,
    "noise_2": 0.88504515214785
  },
  "before_opt": {
    "noise_1": 0.8884745392161006,
    "noise_2": 0.8848002556109055
  }
}