{
  "model_spike_times_same_across_sweeps": {
    "n1": 1,
    "n2": 1
  },
  "run_model_spike_times_match_database": {
    "n2": true
  },
  "n2_after_opt_sanitycheck": 0.6443369013892263,
  "after_opt": {
    "noise_1": 0.5353945266777496,
    "noise_2": 0.644310007735556
  },
  "before_opt": {
    "noise_1": 0.6344546013833431,
    "noise_2": 0.7828630812783092
  }
}