{
  "noise1": {
    "RSS_of_voltage_diff": 53.17242616828772,
    "var_of_voltage_difference": 8.681828360586824e-06,
    "var_of_voltage_data": 7.657100189300907e-05,
    "num_data_points_wo_spike_shape": 5590239
  },
  "noise2": {
    "RSS_of_voltage_diff": 53.62088110583986,
    "var_of_voltage_difference": 8.41822276694987e-06,
    "var_of_voltage_data": 7.340142813819628e-05,
    "num_data_points_wo_spike_shape": 5589348
  }
}