{
  "El_reference": -0.07179606437683103, 
  "C": 1.4046335246091762e-10, 
  "asc_amp_array": [
    -4.627299142094252e-12, 
    -9.231411186015559e-11
  ], 
  "init_threshold": 0.024836168895060053, 
  "threshold_reset_method": {
    "params": {
      "a_spike": 0.002608047133530783, 
      "b_spike": 154.80631601970103
    }, 
    "name": "three_components"
  }, 
  "th_inf": 0.024836168895060053, 
  "spike_cut_length": 99, 
  "init_AScurrents": [
    0.0, 
    0.0
  ], 
  "init_voltage": 0.0, 
  "threshold_dynamics_method": {
    "params": {
      "b_voltage": 35.39770231130445, 
      "a_spike": 0.002608047133530783, 
      "b_spike": 154.80631601970103, 
      "a_voltage": 11.610151122940106
    }, 
    "name": "three_components_exact"
  }, 
  "voltage_reset_method": {
    "params": {
      "a": 0.9111504845018369, 
      "b": -0.002983536702337211
    }, 
    "name": "v_before"
  }, 
  "extrapolation_method_name": "endpoints", 
  "dt": 5e-05, 
  "voltage_dynamics_method": {
    "params": {}, 
    "name": "linear_forward_euler"
  }, 
  "El": 0.0, 
  "asc_tau_array": [
    0.3333333333333333, 
    0.03333333333333334
  ], 
  "R_input": 207304751.1040717, 
  "AScurrent_dynamics_method": {
    "params": {}, 
    "name": "exp"
  }, 
  "AScurrent_reset_method": {
    "params": {
      "r": [
        1.0, 
        1.0
      ]
    }, 
    "name": "sum"
  }, 
  "dt_multiplier": 10, 
  "th_adapt": null, 
  "coeffs": {
    "a": 1, 
    "C": 1, 
    "b": 1, 
    "G": 1, 
    "th_inf": 0.7804952235929439, 
    "asc_amp_array": [
      1.0, 
      1.0
    ]
  }, 
  "type": "GLIF"
}