{
  "model_spike_times_same_across_sweeps": {
    "n1": 1,
    "n2": 1
  },
  "run_model_spike_times_match_database": {
    "n2": true
  },
  "n2_after_opt_sanitycheck": 0.5555702080201979,
  "after_opt": {
    "noise_1": 0.3601437404771328,
    "noise_2": 0.555699828332212
  },
  "before_opt": {
    "noise_1": 0.36025074575969984,
    "noise_2": 0.5562170658368157
  }
}