{
  "model_spike_times_same_across_sweeps": {
    "n1": 1,
    "n2": 1
  },
  "run_model_spike_times_match_database": {
    "n2": true
  },
  "n2_after_opt_sanitycheck": 0.5765748863353374,
  "after_opt": {
    "noise_1": 0.40426155881317183,
    "noise_2": 0.576571110489719
  },
  "before_opt": {
    "noise_1": 0.18275389775895481,
    "noise_2": 0.39612387534080296
  }
}