{
  "noise1": {
    "RSS_of_voltage_diff": 24.07631429461374,
    "var_of_voltage_difference": 3.97158504816508e-06,
    "var_of_voltage_data": 7.01580457571311e-05,
    "num_data_points_wo_spike_shape": 5594750
  },
  "noise2": {
    "RSS_of_voltage_diff": 22.347193183665965,
    "var_of_voltage_difference": 3.666881564733672e-06,
    "var_of_voltage_data": 6.832854958198229e-05,
    "num_data_points_wo_spike_shape": 5596125
  }
}