{
  "El_reference": -0.07656130027770996, 
  "C": 1.3911307890447865e-10, 
  "asc_amp_array": [
    -3.681380712531383e-11, 
    -2.0902093678168014e-10
  ], 
  "init_threshold": 0.029265839387913925, 
  "threshold_reset_method": {
    "params": {
      "a_spike": 0.001286214755029606, 
      "b_spike": 460.19912761448853
    }, 
    "name": "three_components"
  }, 
  "th_inf": 0.029265839387913925, 
  "spike_cut_length": 125, 
  "init_AScurrents": [
    0.0, 
    0.0
  ], 
  "init_voltage": 0.0, 
  "threshold_dynamics_method": {
    "params": {
      "b_voltage": 0, 
      "a_spike": 0.001286214755029606, 
      "b_spike": 460.19912761448853, 
      "a_voltage": 0
    }, 
    "name": "spike_component"
  }, 
  "voltage_reset_method": {
    "params": {
      "a": 0.20573281910048113, 
      "b": 0.015283158661422963
    }, 
    "name": "v_before"
  }, 
  "extrapolation_method_name": "endpoints", 
  "dt": 5e-05, 
  "voltage_dynamics_method": {
    "params": {}, 
    "name": "linear_forward_euler"
  }, 
  "El": 0.0, 
  "asc_tau_array": [
    0.1, 
    0.01
  ], 
  "R_input": 240286592.16326812, 
  "AScurrent_dynamics_method": {
    "params": {}, 
    "name": "exp"
  }, 
  "AScurrent_reset_method": {
    "params": {
      "r": [
        1.0, 
        1.0
      ]
    }, 
    "name": "sum"
  }, 
  "dt_multiplier": 10, 
  "th_adapt": null, 
  "coeffs": {
    "a": 1, 
    "C": 1, 
    "b": 1, 
    "G": 1, 
    "th_inf": 1.008019578597953, 
    "asc_amp_array": [
      1.0, 
      1.0
    ]
  }, 
  "type": "GLIF"
}