{
  "model_spike_times_same_across_sweeps": {
    "n1": 1,
    "n2": 1
  },
  "run_model_spike_times_match_database": {
    "n2": true
  },
  "n2_after_opt_sanitycheck": 0.5587688379266359,
  "after_opt": {
    "noise_1": 0.38900583728298505,
    "noise_2": 0.558906114689472
  },
  "before_opt": {
    "noise_1": 0.3611067961483723,
    "noise_2": 0.5100505778378582
  }
}