{
  "model_spike_times_same_across_sweeps": {
    "n1": 1,
    "n2": 1
  },
  "run_model_spike_times_match_database": {
    "n2": true
  },
  "n2_after_opt_sanitycheck": 0.9708241596531879,
  "after_opt": {
    "noise_1": 0.9665981393064543,
    "noise_2": 0.970823018239093
  },
  "before_opt": {
    "noise_1": 0.9572027090845754,
    "noise_2": 0.9611204699045134
  }
}