{
  "noise1": {
    "RSS_of_voltage_diff": 3.8278930249764604,
    "var_of_voltage_difference": 8.818872313431175e-07,
    "var_of_voltage_data": 6.162930342221391e-05,
    "num_data_points_wo_spike_shape": 4200180
  },
  "noise2": {
    "RSS_of_voltage_diff": 6.070464472869029,
    "var_of_voltage_difference": 1.0160606326539372e-06,
    "var_of_voltage_data": 5.9640692614247956e-05,
    "num_data_points_wo_spike_shape": 5600160
  }
}