{
  "El": {
    "El_max_subth_long_square": {
      "dependencies": null, 
      "value": -0.0743175201416016
    }, 
    "El_noise": {
      "measured": {
        "dependencies": null, 
        "list": [
          -0.0745412521362305, 
          -0.0741921310424805, 
          -0.0738303985595703
        ], 
        "mean": -0.074187927246093757
      }
    }, 
    "El_ramp": {
      "dependencies": null, 
      "value": -0.0739665222167969
    }, 
    "El_suprathreshold_blip": {
      "dependencies": null, 
      "value": -0.074565071105957
    }, 
    "El_subthreshold_blip": {
      "dependencies": null, 
      "value": -0.0743812866210938
    }
  }, 
  "spike_cut_length": {
    "no deltaV shift": {
      "slope": 0.113907176690086, 
      "length": 145.0, 
      "intercept": 0.017490675573859225, 
      "dependencies": null
    }
  }, 
  "threshold_adaptation": {
    "b_spike_component_of_threshold": 240.74667184326196, 
    "b_voltage_comp_of_thr_from_fitab": 68.546600303475245, 
    "b_voltage_comp_of_thr_from_fitabth": 1307.2344858298447, 
    "a_voltage_comp_of_thr_from_fitab": 11.803898639861956, 
    "a_spike_component_of_threshold": 0.0016090392501472708, 
    "a_voltage_comp_of_thr_from_fitabth": 821.85505285688532
  }, 
  "th_inf": {
    "via_Vmeasure": {
      "from_zero": 0.026800111520608384, 
      "dependencies": "measured from suprathreshold blip", 
      "value": -0.047764959585348619
    }, 
    "fit_with_v_comp_of_th": {
      "from_zero": 0.011560537292404902, 
      "value": -0.062627389953688856
    }
  }, 
  "resistance": {
    "R_test_list": {
      "list": [
        292824717.5312984, 
        300621657.56263125, 
        298142853.90603948
      ], 
      "mean": 297196409.66665637
    }, 
    "R_fit_ASC_and_R": {
      "list": [
        412170194.30867046, 
        414355564.3075505, 
        424223763.3674311
      ], 
      "mean": 416916507.32788402
    }, 
    "R_from_lims": {
      "value": 192499995.231628
    }
  }, 
  "asc": {
    "amp": [
      -1.0279152615579698e-10, 
      -4.282989392234373e-10
    ], 
    "k": [
      29.999999999999996, 
      300.0
    ], 
    "dependencies": "Cap and res from least squares"
  }, 
  "capacitance": {
    "C_from_lims": {
      "value": 1.2957753961712527e-10
    }, 
    "C_test_list": {
      "list": [
        1.3676784428801111e-10, 
        1.3543357342586479e-10, 
        1.2891062277243995e-10
      ], 
      "mean": 1.3370401349543864e-10
    }
  }, 
  "MLIN": {
    "tau_from_AC": 0.088290527975697572, 
    "sv_for_expsymm": 0.0012755334723442166, 
    "var_of_section": 3.2539712781409889e-06
  }, 
  "sweep_properties": {
    "multi_short_square": {
      "sweep_num": [
        59, 
        60, 
        61, 
        62, 
        63, 
        64, 
        65, 
        66, 
        67, 
        68, 
        69, 
        70, 
        71, 
        72, 
        73, 
        74, 
        75, 
        76, 
        77, 
        78, 
        79
      ]
    }, 
    "noise1": {
      "1": {
        "sweep_num": 50, 
        "El": -0.0745412521362305, 
        "spike_ind": [
          253381, 
          255996, 
          261201, 
          270629, 
          276912, 
          280088, 
          285434, 
          296439, 
          302625, 
          305703, 
          311336, 
          320899, 
          451737, 
          453219, 
          454371, 
          455768, 
          457644, 
          459856, 
          461641, 
          465696, 
          467971, 
          470072, 
          472076, 
          473427, 
          476342, 
          478068, 
          479408, 
          480888, 
          482970, 
          485192, 
          487236, 
          491513, 
          493940, 
          496091, 
          497888, 
          501229, 
          503055, 
          504435, 
          505897, 
          508124, 
          510439, 
          512971, 
          516961, 
          519170, 
          521311, 
          523073
        ]
      }, 
      "3": {
        "sweep_num": 56, 
        "El": -0.0738303985595703, 
        "spike_ind": [
          252694, 
          254945, 
          257665, 
          261756, 
          268919, 
          272966, 
          277472, 
          279882, 
          282919, 
          286927, 
          294626, 
          298393, 
          302921, 
          305809, 
          311006, 
          320550, 
          451587, 
          452968, 
          454101, 
          455476, 
          456955, 
          459212, 
          460977, 
          464104, 
          466864, 
          468941, 
          470762, 
          472598, 
          475916, 
          477452, 
          478997, 
          480515, 
          482322, 
          484835, 
          486751, 
          490961, 
          493509, 
          495792, 
          497661, 
          501252, 
          503207, 
          504571, 
          505940, 
          508096, 
          510522, 
          514896, 
          518062, 
          520750, 
          522763
        ]
      }, 
      "2": {
        "sweep_num": 52, 
        "El": -0.0741921310424805, 
        "spike_ind": [
          253089, 
          255595, 
          259823, 
          270164, 
          275949, 
          279485, 
          282571, 
          288300, 
          296043, 
          302143, 
          305070, 
          308935, 
          321459, 
          451672, 
          453084, 
          454297, 
          455548, 
          457028, 
          459216, 
          460830, 
          463416, 
          466640, 
          468955, 
          471027, 
          472785, 
          476148, 
          477658, 
          479059, 
          480564, 
          482612, 
          485332, 
          488389, 
          492058, 
          494200, 
          496244, 
          498181, 
          501376, 
          503407, 
          504735, 
          506039, 
          508609, 
          511232, 
          516796, 
          519117, 
          521366, 
          523301
        ]
      }, 
      "5": {
        "sweep_num": null, 
        "El": null, 
        "spike_ind": null
      }, 
      "4": {
        "sweep_num": null, 
        "El": null, 
        "spike_ind": null
      }
    }, 
    "ramp": {
      "sweep_num": [
        4, 
        5, 
        6
      ]
    }, 
    "max_subthresh_long_square": {
      "sweep_num": [
        80
      ]
    }, 
    "suprathreshold_short_square": {
      "R_testpulsesweep_num": [
        17
      ]
    }, 
    "subthreshold_short_square": {
      "sweep_num": [
        22
      ]
    }
  }, 
  "spike_cutting": {
    "NOdeltaV": {
      "slope": 0.113907176690086, 
      "intercept": 0.017490675573859225, 
      "cut_length": 145.0, 
      "dependencies": null
    }
  }, 
  "dt_used_for_preprocessor_calculations": 5e-05
}