{
  "noise1": {
    "RSS_of_voltage_diff": 235.86647968569523,
    "var_of_voltage_difference": 5.2774143056621704e-05,
    "var_of_voltage_data": 6.78431765383819e-05,
    "num_data_points_wo_spike_shape": 4182555
  },
  "noise2": {
    "RSS_of_voltage_diff": 227.73581521310692,
    "var_of_voltage_difference": 5.171984982904779e-05,
    "var_of_voltage_data": 6.712558356391543e-05,
    "num_data_points_wo_spike_shape": 4182990
  }
}