{
  "model_spike_times_same_across_sweeps": {
    "n1": 1,
    "n2": 1
  },
  "run_model_spike_times_match_database": {
    "n2": true
  },
  "n2_after_opt_sanitycheck": 0.3632604406408762,
  "after_opt": {
    "noise_1": 0.47046761717105356,
    "noise_2": 0.363268186621589
  },
  "before_opt": {
    "noise_1": 0.3816102499498843,
    "noise_2": 0.4195848987910192
  }
}