{
  "model_spike_times_same_across_sweeps": {
    "n1": 1,
    "n2": 1
  },
  "run_model_spike_times_match_database": {
    "n2": true
  },
  "n2_after_opt_sanitycheck": 0.6290356143340418,
  "after_opt": {
    "noise_1": 0.6320726855745482,
    "noise_2": 0.629031502229439
  },
  "before_opt": {
    "noise_1": 0.44664133237313114,
    "noise_2": 0.4762312548669764
  }
}