{
  "El": {
    "El_max_subth_long_square": {
      "dependencies": null, 
      "value": -0.07375656890869141
    }, 
    "El_noise": {
      "measured": {
        "dependencies": null, 
        "list": [
          -0.07481462097167971, 
          -0.074374755859375
        ], 
        "mean": -0.074594688415527355
      }
    }, 
    "El_ramp": {
      "dependencies": null, 
      "value": -0.0739991455078125
    }, 
    "El_suprathreshold_blip": {
      "dependencies": null, 
      "value": -0.0748991012573242
    }, 
    "El_subthreshold_blip": {
      "dependencies": null, 
      "value": -0.074484001159668
    }
  }, 
  "spike_cut_length": {
    "no deltaV shift": {
      "slope": 0.36632177391476672, 
      "length": 126.0, 
      "intercept": 0.0083687438670256836, 
      "dependencies": null
    }
  }, 
  "threshold_adaptation": {
    "b_spike_component_of_threshold": null, 
    "b_voltage_comp_of_thr_from_fitab": null, 
    "b_voltage_comp_of_thr_from_fitabth": null, 
    "a_voltage_comp_of_thr_from_fitab": null, 
    "a_spike_component_of_threshold": null, 
    "a_voltage_comp_of_thr_from_fitabth": null
  }, 
  "th_inf": {
    "via_Vmeasure": {
      "from_zero": 0.024501504760133588, 
      "dependencies": "measured from suprathreshold blip", 
      "value": -0.050397596497190611
    }, 
    "fit_with_v_comp_of_th": {
      "from_zero": null, 
      "value": null
    }
  }, 
  "resistance": {
    "R_test_list": {
      "list": [
        156389686.45889449, 
        144536359.82019582
      ], 
      "mean": 150463023.13954514
    }, 
    "R_fit_ASC_and_R": {
      "list": [
        166892410.25182086, 
        161449728.627747
      ], 
      "mean": 164171069.43978393
    }, 
    "R_from_lims": {
      "value": 188593819.737434
    }
  }, 
  "asc": {
    "amp": [
      -2.5623692901029297e-11, 
      -2.399377751109373e-10
    ], 
    "k": [
      10.0, 
      100.0
    ], 
    "dependencies": "Cap and res from least squares"
  }, 
  "capacitance": {
    "C_from_lims": {
      "value": 1.0871875084908216e-10
    }, 
    "C_test_list": {
      "list": [
        1.1005124766666015e-10, 
        1.0535624956868583e-10
      ], 
      "mean": 1.07703748617673e-10
    }
  }, 
  "MLIN": {
    "tau_from_AC": 0.036368911410931778, 
    "sv_for_expsymm": 0.0010616100698937754, 
    "var_of_section": 2.254031880999733e-06
  }, 
  "sweep_properties": {
    "multi_short_square": {
      "sweep_num": null
    }, 
    "noise1": {
      "1": {
        "sweep_num": 45, 
        "El": -0.07481462097167971, 
        "spike_ind": [
          253151, 
          254057, 
          255765, 
          260390, 
          270640, 
          272639, 
          276159, 
          278378, 
          279489, 
          280813, 
          286836, 
          295648, 
          297626, 
          301165, 
          303190, 
          304538, 
          305851, 
          311868, 
          321551, 
          323062, 
          451088, 
          451747, 
          452643, 
          453402, 
          453974, 
          454527, 
          455431, 
          455874, 
          457341, 
          458118, 
          459251, 
          459879, 
          460696, 
          461426, 
          464827, 
          466384, 
          467361, 
          468407, 
          469101, 
          470156, 
          470778, 
          471421, 
          472441, 
          473093, 
          474323, 
          475894, 
          476264, 
          477160, 
          478025, 
          478632, 
          479400, 
          480440, 
          480878, 
          482326, 
          483174, 
          484442, 
          485378, 
          486470, 
          489928, 
          491461, 
          493099, 
          494027, 
          495407, 
          496344, 
          497437, 
          498131, 
          500909, 
          501292, 
          502283, 
          503084, 
          503674, 
          504403, 
          505418, 
          505864, 
          507382, 
          508672, 
          509854, 
          511403, 
          514915, 
          516445, 
          518128, 
          519024, 
          520436, 
          521345, 
          522452, 
          523226, 
          524368
        ]
      }, 
      "3": {
        "sweep_num": null, 
        "El": null, 
        "spike_ind": null
      }, 
      "2": {
        "sweep_num": 49, 
        "El": -0.074374755859375, 
        "spike_ind": [
          253009, 
          253994, 
          255546, 
          270684, 
          272648, 
          276140, 
          278019, 
          279015, 
          279812, 
          280789, 
          286837, 
          295565, 
          297669, 
          301142, 
          303426, 
          304730, 
          305817, 
          311837, 
          322556, 
          450987, 
          451681, 
          452569, 
          453241, 
          453950, 
          454468, 
          455198, 
          455762, 
          456974, 
          457438, 
          458211, 
          459433, 
          460386, 
          461305, 
          464815, 
          466391, 
          467314, 
          468154, 
          468999, 
          470106, 
          470648, 
          471362, 
          472394, 
          473082, 
          474294, 
          475872, 
          476245, 
          476877, 
          477945, 
          478639, 
          479384, 
          480209, 
          480770, 
          482375, 
          483180, 
          484482, 
          485365, 
          486364, 
          489916, 
          491418, 
          492380, 
          493460, 
          494454, 
          495459, 
          496366, 
          497435, 
          498138, 
          499379, 
          500954, 
          501780, 
          502958, 
          503608, 
          504323, 
          505441, 
          505890, 
          507375, 
          508216, 
          509528, 
          510362, 
          511514, 
          514905, 
          516456, 
          518185, 
          519055, 
          520468, 
          521350, 
          522445, 
          523123, 
          524361
        ]
      }, 
      "5": {
        "sweep_num": null, 
        "El": null, 
        "spike_ind": null
      }, 
      "4": {
        "sweep_num": null, 
        "El": null, 
        "spike_ind": null
      }
    }, 
    "ramp": {
      "sweep_num": [
        4, 
        5, 
        6
      ]
    }, 
    "max_subthresh_long_square": {
      "sweep_num": [
        30
      ]
    }, 
    "suprathreshold_short_square": {
      "R_testpulsesweep_num": [
        13, 
        14, 
        15, 
        16, 
        17, 
        18
      ]
    }, 
    "subthreshold_short_square": {
      "sweep_num": [
        12
      ]
    }
  }, 
  "spike_cutting": {
    "NOdeltaV": {
      "slope": 0.36632177391476672, 
      "intercept": 0.0083687438670256836, 
      "cut_length": 126.0, 
      "dependencies": null
    }
  }, 
  "dt_used_for_preprocessor_calculations": 5e-05
}