{
  "model_spike_times_same_across_sweeps": {
    "n1": 1,
    "n2": 1
  },
  "run_model_spike_times_match_database": {
    "n2": true
  },
  "n2_after_opt_sanitycheck": 0.7454813135765239,
  "after_opt": {
    "noise_1": 0.829449186718489,
    "noise_2": 0.745483472443587
  },
  "before_opt": {
    "noise_1": 0.840301800083755,
    "noise_2": 0.7491677902686721
  }
}