{
  "El": {
    "El_max_subth_long_square": {
      "dependencies": null, 
      "value": -0.0742575836181641
    }, 
    "El_noise": {
      "measured": {
        "dependencies": null, 
        "list": [
          -0.0728472061157227, 
          -0.0742212448120117, 
          -0.073066291809082
        ], 
        "mean": -0.073378247578938807
      }
    }, 
    "El_ramp": {
      "dependencies": null, 
      "value": -0.0726419906616211
    }, 
    "El_suprathreshold_blip": {
      "dependencies": null, 
      "value": -0.0741930313110352
    }, 
    "El_subthreshold_blip": {
      "dependencies": null, 
      "value": -0.0735017166137695
    }
  }, 
  "spike_cut_length": {
    "no deltaV shift": {
      "slope": 0.12849040040784995, 
      "length": 38.0, 
      "intercept": 0.01036573007788881, 
      "dependencies": null
    }
  }, 
  "threshold_adaptation": {
    "b_spike_component_of_threshold": 2.5412773909482871, 
    "b_voltage_comp_of_thr_from_fitab": 89.103443687158631, 
    "b_voltage_comp_of_thr_from_fitabth": 242.89009317931755, 
    "a_voltage_comp_of_thr_from_fitab": 26.075509328554105, 
    "a_spike_component_of_threshold": 0.0005184395897815374, 
    "a_voltage_comp_of_thr_from_fitabth": 212.07795018695919
  }, 
  "th_inf": {
    "via_Vmeasure": {
      "from_zero": 0.031080971414713249, 
      "dependencies": "measured from suprathreshold blip", 
      "value": -0.043112059896321955
    }, 
    "fit_with_v_comp_of_th": {
      "from_zero": 0.0073047170237281189, 
      "value": -0.066073530555210688
    }
  }, 
  "resistance": {
    "R_test_list": {
      "list": [
        333012737.04922253, 
        333882686.23861992, 
        337952678.61340648
      ], 
      "mean": 334949367.30041629
    }, 
    "R_fit_ASC_and_R": {
      "list": [
        438038218.1766668, 
        425910226.31030965, 
        428566946.55365103
      ], 
      "mean": 430838463.68020916
    }, 
    "R_from_lims": {
      "value": 207656323.90976
    }
  }, 
  "asc": {
    "amp": [
      -9.887809647439864e-11, 
      2.732623921201713e-10
    ], 
    "k": [
      100.0, 
      300.0
    ], 
    "dependencies": "Cap and res from least squares"
  }, 
  "capacitance": {
    "C_from_lims": {
      "value": 8.841193622553577e-11
    }, 
    "C_test_list": {
      "list": [
        6.8256355859046894e-11, 
        6.8010517276011534e-11, 
        6.6565035679165488e-11
      ], 
      "mean": 6.7610636271407968e-11
    }
  }, 
  "MLIN": {
    "tau_from_AC": 0.037425814094711157, 
    "sv_for_expsymm": 0.00025177536059062104, 
    "var_of_section": 1.267816644010745e-07
  }, 
  "sweep_properties": {
    "multi_short_square": {
      "sweep_num": [
        73, 
        75, 
        76, 
        77, 
        78, 
        80, 
        82, 
        83, 
        84, 
        85, 
        86, 
        87, 
        88, 
        90, 
        92
      ]
    }, 
    "noise1": {
      "1": {
        "sweep_num": 47, 
        "El": -0.0728472061157227, 
        "spike_ind": [
          201491, 
          203213, 
          204659, 
          216566, 
          218781, 
          224817, 
          236615, 
          238762, 
          242974, 
          244709, 
          360966, 
          361414, 
          362051, 
          362729, 
          363201, 
          363657, 
          364383, 
          364759, 
          365942, 
          374880, 
          376212, 
          377158, 
          378111, 
          378686, 
          380812, 
          381436, 
          382381, 
          382933, 
          383501, 
          384185, 
          384674, 
          387997, 
          389131, 
          393197, 
          394782, 
          396400, 
          397284, 
          398097, 
          398681, 
          400898, 
          401506, 
          402445, 
          402994, 
          403570, 
          404392, 
          404800, 
          405994, 
          407962, 
          409271, 
          413210, 
          414496, 
          415626, 
          416482, 
          417303, 
          418123, 
          418704
        ]
      }, 
      "3": {
        "sweep_num": 51, 
        "El": -0.073066291809082, 
        "spike_ind": [
          201490, 
          203175, 
          204618, 
          218824, 
          224758, 
          242985, 
          244696, 
          360969, 
          361394, 
          361983, 
          362685, 
          363192, 
          363666, 
          364341, 
          364748, 
          365942, 
          367979, 
          369115, 
          373117, 
          376508, 
          380863, 
          381456, 
          382433, 
          382978, 
          383534, 
          384385, 
          384755, 
          387948, 
          389145, 
          393285, 
          394526, 
          395390, 
          396417, 
          397172, 
          398026, 
          398624, 
          400854, 
          401464, 
          402446, 
          402961, 
          403552, 
          404414, 
          404794, 
          407964, 
          409235, 
          413206, 
          414477, 
          415585, 
          416448, 
          417233, 
          418033, 
          418576
        ]
      }, 
      "2": {
        "sweep_num": 49, 
        "El": -0.0742212448120117, 
        "spike_ind": [
          201524, 
          203139, 
          204647, 
          222990, 
          224704, 
          238791, 
          244815, 
          360960, 
          361370, 
          361969, 
          362690, 
          363177, 
          363693, 
          364353, 
          364745, 
          365980, 
          367975, 
          369178, 
          373196, 
          374412, 
          375312, 
          376384, 
          377234, 
          378099, 
          378693, 
          380841, 
          381513, 
          382475, 
          383088, 
          383600, 
          384400, 
          384790, 
          387946, 
          389157, 
          393231, 
          396580, 
          398006, 
          398658, 
          400886, 
          401491, 
          402520, 
          403169, 
          403723, 
          404441, 
          404830, 
          405967, 
          407966, 
          409165, 
          413229, 
          414615, 
          416460, 
          418100, 
          418755
        ]
      }, 
      "5": {
        "sweep_num": null, 
        "El": null, 
        "spike_ind": null
      }, 
      "4": {
        "sweep_num": null, 
        "El": null, 
        "spike_ind": null
      }
    }, 
    "ramp": {
      "sweep_num": [
        4, 
        5, 
        6
      ]
    }, 
    "max_subthresh_long_square": {
      "sweep_num": [
        42
      ]
    }, 
    "suprathreshold_short_square": {
      "R_testpulsesweep_num": [
        12, 
        17
      ]
    }, 
    "subthreshold_short_square": {
      "sweep_num": [
        19
      ]
    }
  }, 
  "spike_cutting": {
    "NOdeltaV": {
      "slope": 0.12849040040784995, 
      "intercept": 0.01036573007788881, 
      "cut_length": 38.0, 
      "dependencies": null
    }
  }, 
  "dt_used_for_preprocessor_calculations": 5e-05
}