{
  "noise1": {
    "RSS_of_voltage_diff": 260.4479320957231,
    "var_of_voltage_difference": 1.5493974423628692e-05,
    "var_of_voltage_data": 0.00017113239806282947,
    "num_data_points_wo_spike_shape": 16804523
  },
  "noise2": {
    "RSS_of_voltage_diff": 248.46895299816484,
    "var_of_voltage_difference": 1.4783037936330196e-05,
    "var_of_voltage_data": 0.00017255204574880028,
    "num_data_points_wo_spike_shape": 16804963
  }
}