{
  "El_reference": -0.07841676839192706, 
  "C": 1.0949424420741503e-10, 
  "asc_amp_array": [
    -4.6588692992501775e-11, 
    -1.5356269164220922e-10
  ], 
  "init_threshold": 0.03418635859613008, 
  "threshold_reset_method": {
    "params": {
      "a_spike": 0.002684257062614408, 
      "b_spike": 205.63058743663166
    }, 
    "name": "three_components"
  }, 
  "th_inf": 0.03418635859613008, 
  "spike_cut_length": 55, 
  "init_AScurrents": [
    0.0, 
    0.0
  ], 
  "init_voltage": 0.0, 
  "threshold_dynamics_method": {
    "params": {
      "b_voltage": 46.96113566059407, 
      "a_spike": 0.002684257062614408, 
      "b_spike": 205.63058743663166, 
      "a_voltage": 12.867807199760634
    }, 
    "name": "three_components_exact"
  }, 
  "voltage_reset_method": {
    "params": {
      "a": 0.7896670803414986, 
      "b": 8.944113266275838e-05
    }, 
    "name": "v_before"
  }, 
  "extrapolation_method_name": "endpoints", 
  "dt": 5e-05, 
  "voltage_dynamics_method": {
    "params": {}, 
    "name": "linear_forward_euler"
  }, 
  "El": 0.0, 
  "asc_tau_array": [
    0.1, 
    0.01
  ], 
  "R_input": 225012799.8320706, 
  "AScurrent_dynamics_method": {
    "params": {}, 
    "name": "exp"
  }, 
  "AScurrent_reset_method": {
    "params": {
      "r": [
        1.0, 
        1.0
      ]
    }, 
    "name": "sum"
  }, 
  "dt_multiplier": 10, 
  "th_adapt": null, 
  "coeffs": {
    "a": 1, 
    "C": 1, 
    "b": 1, 
    "G": 1, 
    "th_inf": 0.8508208202589207, 
    "asc_amp_array": [
      1.0, 
      1.0
    ]
  }, 
  "type": "GLIF"
}