{
  "model_spike_times_same_across_sweeps": {
    "n1": 1,
    "n2": 1
  },
  "run_model_spike_times_match_database": {
    "n2": true
  },
  "n2_after_opt_sanitycheck": 0.8282843878476528,
  "after_opt": {
    "noise_1": 0.7957836498548653,
    "noise_2": 0.828269142204036
  },
  "before_opt": {
    "noise_1": 0.672331163169081,
    "noise_2": 0.6729069905374963
  }
}