{
  "model_spike_times_same_across_sweeps": {
    "n1": 1,
    "n2": 1
  },
  "run_model_spike_times_match_database": {
    "n2": true
  },
  "n2_after_opt_sanitycheck": 0.7989565016387555,
  "after_opt": {
    "noise_1": 0.7981285356741601,
    "noise_2": 0.798883019096717
  },
  "before_opt": {
    "noise_1": 0.8280423539521069,
    "noise_2": 0.8380106950545428
  }
}