{
  "model_spike_times_same_across_sweeps": {
    "n1": 1,
    "n2": 1
  },
  "run_model_spike_times_match_database": {
    "n2": true
  },
  "n2_after_opt_sanitycheck": 0.5095895911485575,
  "after_opt": {
    "noise_1": 0.5443695742534503,
    "noise_2": 0.509638139137457
  },
  "before_opt": {
    "noise_1": 0.55266751080879,
    "noise_2": 0.6306058256077082
  }
}