{
  "model_spike_times_same_across_sweeps": {
    "n1": 1,
    "n2": 1
  },
  "run_model_spike_times_match_database": {
    "n2": true
  },
  "n2_after_opt_sanitycheck": 0.9246541282529278,
  "after_opt": {
    "noise_1": 0.9264122198335596,
    "noise_2": 0.924661866680774
  },
  "before_opt": {
    "noise_1": 0.6282412656219428,
    "noise_2": 0.6437543901306666
  }
}