{
  "El": {
    "El_max_subth_long_square": {
      "dependencies": null,
      "value": -0.0692194442749023
    },
    "El_noise": {
      "measured": {
        "dependencies": null,
        "list": [
          -0.0688782272338867,
          -0.06936858367919921,
          -0.069249755859375,
          -0.06985263824462891
        ],
        "mean": -0.06933730125427245
      }
    },
    "El_ramp": {
      "dependencies": null,
      "value": -0.0690327911376953
    },
    "El_suprathreshold_blip": {
      "dependencies": null,
      "value": -0.069713005065918
    },
    "El_subthreshold_blip": {
      "dependencies": null,
      "value": -0.0698486022949219
    }
  },
  "spike_cut_length": {
    "no deltaV shift": {
      "slope": -0.007010329355654575,
      "length": 39.0,
      "intercept": 0.006409955351606974,
      "dependencies": null
    }
  },
  "threshold_adaptation": {
    "b_spike_component_of_threshold": 34.20009601008513,
    "b_voltage_comp_of_thr_from_fitab": 100.24188751120028,
    "b_voltage_comp_of_thr_from_fitabth": 568.2445309103737,
    "a_voltage_comp_of_thr_from_fitab": 26.468564607500724,
    "a_spike_component_of_threshold": 0.0009719588185018223,
    "a_voltage_comp_of_thr_from_fitabth": 529.2133070820453
  },
  "th_inf": {
    "via_Vmeasure": {
      "from_zero": 0.028410202280259686,
      "dependencies": "measured from suprathreshold blip",
      "value": -0.041302802785658316
    },
    "fit_with_v_comp_of_th": {
      "from_zero": 0.0056298505086399,
      "value": -0.06370745074563255
    }
  },
  "resistance": {
    "R_test_list": {
      "list": [
        168866259.88812342,
        163431841.86161345,
        164911200.95164296,
        160335016.92873716
      ],
      "mean": 164386079.90752926
    },
    "R_fit_ASC_and_R": {
      "list": [
        182213281.08535656,
        169947214.6578071,
        173276276.8709533,
        161613455.8294497
      ],
      "mean": 171762557.1108917
    },
    "R_from_lims": {
      "value": 167187497.019768
    }
  },
  "asc": {
    "amp": [
      -1.2962401459873017e-10,
      7.94039438204912e-11
    ],
    "k": [
      100.0,
      300.0
    ],
    "dependencies": "Cap and res from least squares"
  },
  "capacitance": {
    "C_from_lims": {
      "value": 9.132304599171267e-11
    },
    "C_test_list": {
      "list": [
        9.906068307185622e-11,
        9.699845546630617e-11,
        9.070688624225636e-11,
        9.694163900089196e-11
      ],
      "mean": 9.592691594532768e-11
    }
  },
  "MLIN": {
    "tau_from_AC": 0.030637254584384453,
    "sv_for_expsymm": 0.00026977043921621853,
    "var_of_section": 1.4555217974982289e-07
  },
  "sweep_properties": {
    "multi_short_square": {
      "sweep_num": [
        94,
        95,
        96,
        97,
        98,
        99,
        100,
        101,
        102,
        103,
        104,
        106,
        107,
        108,
        109,
        110,
        111,
        112
      ]
    },
    "noise1": {
      "1": {
        "sweep_num": 54,
        "El": -0.0688782272338867,
        "spike_ind": [
          251160,
          255824,
          276259,
          278665,
          279660,
          280842,
          297774,
          301261,
          303641,
          304701,
          305815,
          450875,
          451185,
          451658,
          452166,
          452673,
          453151,
          453564,
          453970,
          454384,
          454755,
          455217,
          455592,
          455907,
          456316,
          456992,
          457471,
          458092,
          458658,
          459442,
          459927,
          460460,
          461299,
          461778,
          464891,
          466406,
          467115,
          467910,
          468524,
          469119,
          470140,
          470643,
          471333,
          472164,
          472658,
          473137,
          474312,
          475895,
          476275,
          476789,
          477336,
          477980,
          478462,
          478940,
          479399,
          479766,
          480381,
          480787,
          481106,
          482040,
          482637,
          483244,
          484281,
          484907,
          485510,
          486350,
          486848,
          489932,
          491442,
          492321,
          493192,
          493981,
          495156,
          495687,
          496369,
          497274,
          497740,
          498211,
          499353,
          500957,
          501325,
          501851,
          502602,
          503231,
          503675,
          504142,
          504593,
          505197,
          505676,
          506021,
          507414,
          508207,
          509532,
          510327,
          511347,
          511893,
          516504,
          517398,
          518467,
          519118,
          520158,
          520717,
          521389,
          522209,
          522708,
          523207,
          524339
        ]
      },
      "3": {
        "sweep_num": 58,
        "El": -0.069249755859375,
        "spike_ind": [
          251172,
          254818,
          255833,
          272749,
          276246,
          280795,
          301297,
          305826,
          450892,
          451202,
          451697,
          452211,
          452942,
          453410,
          453817,
          454263,
          454652,
          455188,
          455615,
          455936,
          456386,
          457364,
          458084,
          459253,
          459871,
          460446,
          461326,
          461833,
          464899,
          466418,
          467202,
          468113,
          468961,
          469592,
          470408,
          471105,
          471598,
          472423,
          472937,
          473366,
          474343,
          475865,
          476249,
          476801,
          477368,
          478023,
          478546,
          479017,
          479476,
          480158,
          480639,
          480974,
          482417,
          483235,
          484493,
          485347,
          486353,
          486895,
          489974,
          491462,
          492394,
          493502,
          494144,
          495485,
          496340,
          497222,
          497710,
          498240,
          499382,
          501019,
          501397,
          501951,
          503003,
          503529,
          504023,
          504481,
          505143,
          505611,
          505960,
          507393,
          508182,
          509509,
          510394,
          511376,
          516493,
          517432,
          518508,
          519205,
          520511,
          521363,
          522448,
          523024,
          523473
        ]
      },
      "2": {
        "sweep_num": 56,
        "El": -0.06936858367919921,