{
  "noise1": {
    "RSS_of_voltage_diff": 70.21208765431015,
    "var_of_voltage_difference": 1.159619625264412e-05,
    "var_of_voltage_data": 0.00011995631000131469,
    "num_data_points_wo_spike_shape": 5586042
  },
  "noise2": {
    "RSS_of_voltage_diff": 66.42476589632291,
    "var_of_voltage_difference": 1.088173355473869e-05,
    "var_of_voltage_data": 0.00012126652050416816,
    "num_data_points_wo_spike_shape": 5587354
  }
}