{
  "noise1": {
    "RSS_of_voltage_diff": 14.213796194618745,
    "var_of_voltage_difference": 2.543318237220173e-06,
    "var_of_voltage_data": 0.00011995631000131469,
    "num_data_points_wo_spike_shape": 5586042
  },
  "noise2": {
    "RSS_of_voltage_diff": 13.851140655325471,
    "var_of_voltage_difference": 2.464406714069938e-06,
    "var_of_voltage_data": 0.00012126652050416816,
    "num_data_points_wo_spike_shape": 5587354
  }
}