{
  "noise1": {
    "RSS_of_voltage_diff": 15.4079101258826,
    "var_of_voltage_difference": 2.5482305992760478e-06,
    "var_of_voltage_data": 0.00011995631000131469,
    "num_data_points_wo_spike_shape": 5586042
  },
  "noise2": {
    "RSS_of_voltage_diff": 14.602358099275195,
    "var_of_voltage_difference": 2.424379599722812e-06,
    "var_of_voltage_data": 0.00012126652050416816,
    "num_data_points_wo_spike_shape": 5587354
  }
}