{
  "model_spike_times_same_across_sweeps": {
    "n1": 1,
    "n2": 1
  },
  "run_model_spike_times_match_database": {
    "n2": true
  },
  "n2_after_opt_sanitycheck": 0.6393066437632698,
  "after_opt": {
    "noise_1": 0.6751172469719126,
    "noise_2": 0.639345450638585
  },
  "before_opt": {
    "noise_1": 0.5492617554469622,
    "noise_2": 0.5128985018726437
  }
}