{
  "model_spike_times_same_across_sweeps": {
    "n1": 1,
    "n2": 1
  },
  "run_model_spike_times_match_database": {
    "n2": true
  },
  "n2_after_opt_sanitycheck": 0.7496824191443673,
  "after_opt": {
    "noise_1": 0.7739975683224984,
    "noise_2": 0.74967157994695
  },
  "before_opt": {
    "noise_1": 0.7358541743352233,
    "noise_2": 0.7415264483691069
  }
}