{
  "noise1": {
    "RSS_of_voltage_diff": 166.6496069954644,
    "var_of_voltage_difference": 2.6920568006603303e-05,
    "var_of_voltage_data": 6.846337044816997e-05,
    "num_data_points_wo_spike_shape": 5533909
  },
  "noise2": {
    "RSS_of_voltage_diff": 186.61820602018824,
    "var_of_voltage_difference": 3.033923105527674e-05,
    "var_of_voltage_data": 7.457773441235981e-05,
    "num_data_points_wo_spike_shape": 5530101
  }
}