{
  "noise1": {
    "RSS_of_voltage_diff": 81.11772196674787,
    "var_of_voltage_difference": 1.686185753524317e-05,
    "var_of_voltage_data": 0.00013144012931579267,
    "num_data_points_wo_spike_shape": 4186800
  },
  "noise2": {
    "RSS_of_voltage_diff": 71.2516028120708,
    "var_of_voltage_difference": 1.5528881873788466e-05,
    "var_of_voltage_data": 0.00013296807412219652,
    "num_data_points_wo_spike_shape": 4188240
  }
}