{
  "model_spike_times_same_across_sweeps": {
    "n1": 1,
    "n2": 1
  },
  "run_model_spike_times_match_database": {
    "n2": true
  },
  "n2_after_opt_sanitycheck": 0.7040624821599901,
  "after_opt": {
    "noise_1": 0.631155004273942,
    "noise_2": 0.704000044950913
  },
  "before_opt": {
    "noise_1": 0.7271712094717918,
    "noise_2": 0.6465097740643444
  }
}