{
  "El_reference": -0.0746551030476888,
  "C": 8.33304755526445e-11,
  "asc_amp_array": [
    -3.449484813393494e-11,
    2.362485692570985e-10
  ],
  "init_threshold": 0.03362959936232808,
  "threshold_reset_method": {
    "params": {
      "a_spike": 0.0014758497329660151,
      "b_spike": 45.74781952825033
    },
    "name": "three_components"
  },
  "th_inf": 0.03362959936232808,
  "spike_cut_length": 93,
  "init_AScurrents": [
    0.0,
    0.0
  ],
  "init_voltage": 0.0,
  "threshold_dynamics_method": {
    "params": {
      "b_voltage": 12.895071958723022,
      "a_spike": 0.0014758497329660151,
      "b_spike": 45.74781952825033,
      "a_voltage": 2.6081368993736467
    },
    "name": "three_components_exact"
  },
  "voltage_reset_method": {
    "params": {
      "a": 0.5213792978525483,
      "b": 0.00040194437130071023
    },
    "name": "v_before"
  },
  "extrapolation_method_name": "endpoints",
  "dt": 5e-05,
  "voltage_dynamics_method": {
    "params": {},
    "name": "linear_forward_euler"
  },
  "El": 0.0,
  "asc_tau_array": [
    0.03333333333333334,
    0.0033333333333333335
  ],
  "R_input": 409519614.49701494,
  "AScurrent_dynamics_method": {
    "params": {},
    "name": "exp"
  },
  "AScurrent_reset_method": {
    "params": {
      "r": [
        1.0,
        1.0
      ]
    },
    "name": "sum"
  },
  "dt_multiplier": 10,
  "th_adapt": null,
  "coeffs": {
    "a": 1,
    "C": 1,
    "b": 1,
    "G": 1,
    "th_inf": 0.9064060998462846,
    "asc_amp_array": [
      1.0,
      1.0
    ]
  },
  "type": "GLIF"
}