{
  "noise1": {
    "RSS_of_voltage_diff": 7.894949111594916,
    "var_of_voltage_difference": 1.8734932725734355e-06,
    "var_of_voltage_data": 0.0001273432057571542,
    "num_data_points_wo_spike_shape": 4186725
  },
  "noise2": {
    "RSS_of_voltage_diff": 5.937651730548516,
    "var_of_voltage_difference": 1.7562615929331587e-06,
    "var_of_voltage_data": 0.0001273290497069561,
    "num_data_points_wo_spike_shape": 2791212
  }
}