{
  "model_spike_times_same_across_sweeps": {
    "n1": 1,
    "n2": 1
  },
  "run_model_spike_times_match_database": {
    "n2": true
  },
  "n2_after_opt_sanitycheck": 0.6211506490330204,
  "after_opt": {
    "noise_1": 0.588094867509533,
    "noise_2": 0.621267109685285
  },
  "before_opt": {
    "noise_1": 0.5123385243988384,
    "noise_2": 0.49846488638451136
  }
}