{
  "El": {
    "El_max_subth_long_square": {
      "dependencies": null, 
      "value": -0.0796446838378906
    }, 
    "El_noise": {
      "measured": {
        "dependencies": null, 
        "list": [
          -0.0807023544311523, 
          -0.08050927734375, 
          -0.08088311004638671, 
          -0.0813172988891602
        ], 
        "mean": -0.080853010177612303
      }
    }, 
    "El_ramp": {
      "dependencies": null, 
      "value": -0.08006854248046881
    }, 
    "El_suprathreshold_blip": {
      "dependencies": null, 
      "value": -0.0805182495117188
    }, 
    "El_subthreshold_blip": {
      "dependencies": null, 
      "value": -0.08066416168212891
    }
  }, 
  "spike_cut_length": {
    "no deltaV shift": {
      "slope": 0.28638215355160318, 
      "length": 124.0, 
      "intercept": 0.020056208737613289, 
      "dependencies": null
    }
  }, 
  "threshold_adaptation": {
    "b_spike_component_of_threshold": null, 
    "b_voltage_comp_of_thr_from_fitab": null, 
    "b_voltage_comp_of_thr_from_fitabth": null, 
    "a_voltage_comp_of_thr_from_fitab": null, 
    "a_spike_component_of_threshold": null, 
    "a_voltage_comp_of_thr_from_fitabth": null
  }, 
  "th_inf": {
    "via_Vmeasure": {
      "from_zero": 0.03177482620128165, 
      "dependencies": "measured from suprathreshold blip", 
      "value": -0.048743423310437156
    }, 
    "fit_with_v_comp_of_th": {
      "from_zero": null, 
      "value": null
    }
  }, 
  "resistance": {
    "R_test_list": {
      "list": [
        278376057.20747691, 
        253343948.31277192, 
        252977297.05382344, 
        255910648.78050601
      ], 
      "mean": 260151987.83864456
    }, 
    "R_fit_ASC_and_R": {
      "list": [
        328758432.92487043, 
        276612054.28096473, 
        270256885.7786052, 
        273935788.5228027
      ], 
      "mean": 287390790.37681079
    }, 
    "R_from_lims": {
      "value": 159374848.008156
    }
  }, 
  "asc": {
    "amp": [
      -3.121211369138441e-11, 
      -2.337115895013839e-10
    ], 
    "k": [
      10.0, 
      100.0
    ], 
    "dependencies": "Cap and res from least squares"
  }, 
  "capacitance": {
    "C_from_lims": {
      "value": 1.2349550191738266e-10
    }, 
    "C_test_list": {
      "list": [
        1.2832316648451736e-10, 
        1.1932675808189103e-10, 
        1.2296143271747072e-10, 
        1.1758218259840027e-10
      ], 
      "mean": 1.2204838497056984e-10
    }
  }, 
  "MLIN": {
    "tau_from_AC": 0.044304846758663037, 
    "sv_for_expsymm": 0.00057742890590199269, 
    "var_of_section": 6.6684828274234458e-07
  }, 
  "sweep_properties": {
    "multi_short_square": {
      "sweep_num": null
    }, 
    "noise1": {
      "1": {
        "sweep_num": 54, 
        "El": -0.0807023544311523, 
        "spike_ind": [
          253226, 
          254802, 
          256157, 
          270716, 
          273100, 
          276444, 
          278641, 
          280614, 
          285712, 
          297670, 
          301287, 
          303629, 
          305523, 
          310705, 
          320797, 
          323073, 
          451170, 
          451856, 
          452989, 
          453803, 
          454644, 
          455627, 
          457403, 
          459470, 
          460652, 
          461798, 
          464986, 
          466563, 
          468130, 
          469522, 
          470715, 
          472210, 
          473157, 
          475969, 
          476961, 
          478323, 
          479252, 
          480524, 
          481208, 
          483037, 
          484824, 
          486449, 
          490888, 
          492643, 
          494115, 
          495638, 
          497443, 
          498380, 
          501066, 
          502067, 
          503408, 
          504383, 
          505510, 
          506173, 
          508170, 
          509940, 
          511684, 
          516503, 
          519062, 
          520628, 
          522482, 
          523480
        ]
      }, 
      "3": {
        "sweep_num": 58, 
        "El": -0.08088311004638671, 
        "spike_ind": [
          253491, 
          255844, 
          273007, 
          276911, 
          279320, 
          281022, 
          298358, 
          301950, 
          304134, 
          306000, 
          322876, 
          451203, 
          451819, 
          452988, 
          453774, 
          454606, 
          455623, 
          457389, 
          459540, 
          460882, 
          466478, 
          468383, 
          470344, 
          471613, 
          472705, 
          473553, 
          476096, 
          477362, 
          478633, 
          479659, 
          480776, 
          483260, 
          485026, 
          486699, 
          492359, 
          494164, 
          495692, 
          497495, 
          501175, 
          503051, 
          504113, 
          505595, 
          509947, 
          517089, 
          519544, 
          521389, 
          522749
        ]
      }, 
      "2": {
        "sweep_num": 56, 
        "El": -0.08050927734375, 
        "spike_ind": [
          253495, 
          255746, 
          272919, 
          276712, 
          279080, 
          280923, 
          297867, 
          301546, 
          304146, 
          305942, 
          323421, 
          451198, 
          451945, 
          453073, 
          453914, 
          454716, 
          455665, 
          457419, 
          459497, 
          460821, 
          461889, 
          466466, 
          468444, 
          470244, 
          471559, 
          472785, 
          476074, 
          477261, 
          478532, 
          479519, 
          480699, 
          482669, 
          484939, 
          486636, 
          492192, 
          494039, 
          495614, 
          497487, 
          498503, 
          501118, 
          502349, 
          503686, 
          504640, 
          505807, 
          510566, 
          517345, 
          520465, 
          522467
        ]
      }, 
      "5": {
        "sweep_num": null, 
        "El": null, 
        "spike_ind": null
      }, 
      "4": {
        "sweep_num": 60, 
        "El": -0.0813172988891602, 
        "spike_ind": [
          253145, 
          254717, 
          256137, 
          261865, 
          273121, 
          276856, 
          279010, 
          280950, 
          297837, 
          301840, 
          304061, 
          305922, 
          322876, 
          451197, 
          451878, 
          452977, 
          453678, 
          454507, 
          455581, 
          456218, 
          457681, 
          459485, 
          460752, 
          461841, 
          466451, 
          468185, 
          470246, 
          471507, 
          472690, 
          476113, 
          477284, 
          478533, 
          479525, 
          480756, 
          483253, 
          485152, 
          486735, 
          492209, 
          494145, 
          495661, 
          497442, 
          498477, 
          501147, 
          502651, 
          503874, 
          504804, 
          505880, 
          510061, 
          511848, 
          519005, 
          520699, 
          522772
        ]
      }
    }, 
    "ramp": {
      "sweep_num": [
        4, 
        5, 
        6
      ]
    }, 
    "max_subthresh_long_square": {
      "sweep_num": [
        51
      ]
    }, 
    "suprathreshold_short_square": {
      "R_testpulsesweep_num": [
        14
      ]
    }, 
    "subthreshold_short_square": {
      "sweep_num": [
        22
      ]
    }
  }, 
  "spike_cutting": {
    "NOdeltaV": {
      "slope": 0.28638215355160318, 
      "intercept": 0.020056208737613289, 
      "cut_length": 124.0, 
      "dependencies": null
    }
  }, 
  "dt_used_for_preprocessor_calculations": 5e-05
}