{
  "noise1": {
    "RSS_of_voltage_diff": 103.97893025185012,
    "var_of_voltage_difference": 1.7457730146065102e-05,
    "var_of_voltage_data": 0.00015983252878184594,
    "num_data_points_wo_spike_shape": 5578084
  },
  "noise2": {
    "RSS_of_voltage_diff": 95.51467391087822,
    "var_of_voltage_difference": 1.6300182732167637e-05,
    "var_of_voltage_data": 0.0001568860334954334,
    "num_data_points_wo_spike_shape": 5580316
  }
}