{
  "model_spike_times_same_across_sweeps": {
    "n1": 1,
    "n2": 1
  },
  "run_model_spike_times_match_database": {
    "n2": true
  },
  "n2_after_opt_sanitycheck": 0.7019821545427468,
  "after_opt": {
    "noise_1": 0.7343263688691332,
    "noise_2": 0.701979350405495
  },
  "before_opt": {
    "noise_1": 0.5196045762194492,
    "noise_2": 0.5219131861878719
  }
}