{
  "model_spike_times_same_across_sweeps": {
    "n1": 1,
    "n2": 1
  },
  "run_model_spike_times_match_database": {
    "n2": true
  },
  "n2_after_opt_sanitycheck": 0.6848254703415265,
  "after_opt": {
    "noise_1": 0.6962134000196473,
    "noise_2": 0.684824835367439
  },
  "before_opt": {
    "noise_1": 0.44938077195247145,
    "noise_2": 0.3550373287853245
  }
}