{
  "model_spike_times_same_across_sweeps": {
    "n1": 1,
    "n2": 1
  },
  "run_model_spike_times_match_database": {
    "n2": true
  },
  "n2_after_opt_sanitycheck": 0.6808620570004087,
  "after_opt": {
    "noise_1": 0.6468424835165516,
    "noise_2": 0.680860285721081
  },
  "before_opt": {
    "noise_1": 0.29570287112920496,
    "noise_2": 0.31051106315475935
  }
}