{
  "model_spike_times_same_across_sweeps": {
    "n1": 1,
    "n2": 1
  },
  "run_model_spike_times_match_database": {
    "n2": true
  },
  "n2_after_opt_sanitycheck": 0.638701037083732,
  "after_opt": {
    "noise_1": 0.6111267212642761,
    "noise_2": 0.638682227906879
  },
  "before_opt": {
    "noise_1": 0.66355873826251,
    "noise_2": 0.7269238470873869
  }
}