{
  "noise1": {
    "RSS_of_voltage_diff": 6.89802973199774,
    "var_of_voltage_difference": 1.2074931524535658e-06,
    "var_of_voltage_data": 4.766738355401817e-05,
    "num_data_points_wo_spike_shape": 5595072
  },
  "noise2": {
    "RSS_of_voltage_diff": 9.119035116578445,
    "var_of_voltage_difference": 1.9243260584274406e-06,
    "var_of_voltage_data": 4.8939686254878194e-05,
    "num_data_points_wo_spike_shape": 4196862
  }
}