{
  "model_spike_times_same_across_sweeps": {
    "n1": 1,
    "n2": 1
  },
  "run_model_spike_times_match_database": {
    "n2": true
  },
  "n2_after_opt_sanitycheck": 0.7940512628490267,
  "after_opt": {
    "noise_1": 0.7709171833799338,
    "noise_2": 0.794050380016099
  },
  "before_opt": {
    "noise_1": 0.7388950877416437,
    "noise_2": 0.7151325620587908
  }
}