{
  "El": {
    "El_max_subth_long_square": {
      "dependencies": null, 
      "value": -0.07123431396484381
    }, 
    "El_noise": {
      "measured": {
        "dependencies": null, 
        "list": [
          -0.0710581207275391, 
          -0.07240394592285161, 
          -0.0725341339111328, 
          -0.0720118789672852
        ], 
        "mean": -0.072002019882202173
      }
    }, 
    "El_ramp": {
      "dependencies": null, 
      "value": -0.07205812835693359
    }, 
    "El_suprathreshold_blip": {
      "dependencies": null, 
      "value": -0.07268751525878911
    }, 
    "El_subthreshold_blip": {
      "dependencies": null, 
      "value": -0.0730150985717773
    }
  }, 
  "spike_cut_length": {
    "no deltaV shift": {
      "slope": 0.53029673962885604, 
      "length": 51.0, 
      "intercept": 0.011335825007327167, 
      "dependencies": null
    }
  }, 
  "threshold_adaptation": {
    "b_spike_component_of_threshold": 1003.4588509307318, 
    "b_voltage_comp_of_thr_from_fitab": 2967.9394203433944, 
    "b_voltage_comp_of_thr_from_fitabth": 21.178907124328305, 
    "a_voltage_comp_of_thr_from_fitab": 694.84369881932139, 
    "a_spike_component_of_threshold": 0.45067223202343643, 
    "a_voltage_comp_of_thr_from_fitabth": 0.75375575820130525
  }, 
  "th_inf": {
    "via_Vmeasure": {
      "from_zero": 0.032557169446543813, 
      "dependencies": "measured from suprathreshold blip", 
      "value": -0.040130345812245297
    }, 
    "fit_with_v_comp_of_th": {
      "from_zero": 0.0408594571899746, 
      "value": -0.031142562692227573
    }
  }, 
  "resistance": {
    "R_test_list": {
      "list": [
        145821684.94660106, 
        144822963.88676086, 
        146158516.87613496, 
        149297616.67544043
      ], 
      "mean": 146525195.59623432
    }, 
    "R_fit_ASC_and_R": {
      "list": [
        155157808.70086217, 
        150000547.06465995, 
        151353880.10127836, 
        156670862.1446348
      ], 
      "mean": 153295774.50285882
    }, 
    "R_from_lims": {
      "value": 103437386.453152
    }
  }, 
  "asc": {
    "amp": [
      -1.8109377601510116e-10, 
      -2.550747497506497e-10
    ], 
    "k": [
      29.999999999999996, 
      300.0
    ], 
    "dependencies": "Cap and res from least squares"
  }, 
  "capacitance": {
    "C_from_lims": {
      "value": 7.406764150126019e-11
    }, 
    "C_test_list": {
      "list": [
        6.0488803815874698e-11, 
        5.9472231102576462e-11, 
        5.9302830812557013e-11, 
        5.7932493814424691e-11
      ], 
      "mean": 5.9299089886358214e-11
    }
  }, 
  "MLIN": {
    "tau_from_AC": 0.064714350439743398, 
    "sv_for_expsymm": 0.00037250753244287191, 
    "var_of_section": 2.775237234533546e-07
  }, 
  "sweep_properties": {
    "multi_short_square": {
      "sweep_num": [
        63, 
        64, 
        65, 
        66, 
        67, 
        68, 
        69, 
        70, 
        71, 
        72, 
        73, 
        74, 
        75, 
        76, 
        77, 
        78, 
        79, 
        80, 
        81, 
        82, 
        83
      ]
    }, 
    "noise1": {
      "1": {
        "sweep_num": 52, 
        "El": -0.0710581207275391, 
        "spike_ind": [
          202127, 
          203697, 
          204847, 
          209208, 
          216400, 
          218356, 
          220985, 
          222869, 
          224476, 
          228393, 
          236422, 
          238354, 
          241010, 
          242913, 
          244605, 
          249242, 
          256436, 
          258442, 
          360859, 
          361532, 
          362567, 
          363281, 
          364325, 
          364864, 
          365927, 
          367423, 
          368370, 
          369387, 
          371879, 
          373169, 
          374466, 
          375566, 
          376503, 
          377713, 
          378550, 
          380690, 
          381448, 
          382501, 
          383229, 
          384168, 
          384744, 
          385923, 
          387510, 
          388509, 
          389474, 
          391906, 
          393187, 
          394498, 
          395600, 
          396541, 
          397915, 
          398689, 
          400716, 
          401465, 
          402558, 
          403398, 
          404374, 
          404911, 
          406160, 
          407604, 
          408638, 
          411886, 
          413185, 
          413517, 
          414820, 
          416183, 
          417169, 
          418128, 
          419535
        ]
      }, 
      "3": {
        "sweep_num": 56, 
        "El": -0.0725341339111328, 
        "spike_ind": [
          202740, 
          204591, 
          209369, 
          216512, 
          218524, 
          221035, 
          222917, 
          224601, 
          228490, 
          236514, 
          238519, 
          241034, 
          242919, 
          244609, 
          249168, 
          256483, 
          258468, 
          360841, 
          361522, 
          362557, 
          363435, 
          364367, 
          365621, 
          366892, 
          367927, 
          369068, 
          371870, 
          373178, 
          374445, 
          375567, 
          376504, 
          377753, 
          378527, 
          380700, 
          381447, 
          382528, 
          383267, 
          384325, 
          384869, 
          386133, 
          387578, 
          388570, 
          389512, 
          391924, 
          393220, 
          394704, 
          396113, 
          397117, 
          398116, 
          400665, 
          401439, 
          402520, 
          403271, 
          404344, 
          404908, 
          406189, 
          407639, 
          409044, 
          411892, 
          413213, 
          414539, 
          415635, 
          416543, 
          417929, 
          418708
        ]
      }, 
      "2": {
        "sweep_num": 54, 
        "El": -0.07240394592285161, 
        "spike_ind": [
          202754, 
          204614, 
          209449, 
          216558, 
          218551, 
          221056, 
          222940, 
          224635, 
          229430, 
          236524, 
          238541, 
          241014, 
          242947, 
          244608, 
          249204, 
          256507, 
          258482, 
          360851, 
          361520, 
          362554, 
          363417, 
          364355, 
          364903, 
          366129, 
          367556, 
          368571, 
          369465, 
          371902, 
          373174, 
          374495, 
          375603, 
          376551, 
          377924, 
          378702, 
          380718, 
          381496, 
          382585, 
          383447, 
          384398, 
          385841, 
          387535, 
          388543, 
          389465, 
          391927, 
          393207, 
          394522, 
          395600, 
          396524, 
          397927, 
          398707, 
          400729, 
          401501, 
          402619, 
          403471, 
          404395, 
          405864, 
          407555, 
          408577, 
          411877, 
          413204, 
          414518, 
          415630, 
          416580, 
          417936, 
          418732
        ]
      }, 
      "5": {
        "sweep_num": null, 
        "El": null, 
        "spike_ind": null
      }, 
      "4": {
        "sweep_num": 58, 
        "El": -0.0720118789672852,