{
  "El_reference": -0.0709720687866211, 
  "C": 6.640845291594586e-11, 
  "asc_amp_array": [
    -4.471486198085146e-11, 
    -1.845709841316637e-10
  ], 
  "init_threshold": 0.026753756038364107, 
  "threshold_reset_method": {
    "params": {
      "a_spike": 0.003032131209499329, 
      "b_spike": 75.97287179232025
    }, 
    "name": "three_components"
  }, 
  "th_inf": 0.026753756038364107, 
  "spike_cut_length": 58, 
  "init_AScurrents": [
    0.0, 
    0.0
  ], 
  "init_voltage": 0.0, 
  "threshold_dynamics_method": {
    "params": {
      "b_voltage": 0, 
      "a_spike": 0.003032131209499329, 
      "b_spike": 75.97287179232025, 
      "a_voltage": 0
    }, 
    "name": "spike_component"
  }, 
  "voltage_reset_method": {
    "params": {
      "a": 0.19919582360885157, 
      "b": 0.01244481247175968
    }, 
    "name": "v_before"
  }, 
  "extrapolation_method_name": "endpoints", 
  "dt": 5e-05, 
  "voltage_dynamics_method": {
    "params": {}, 
    "name": "linear_forward_euler"
  }, 
  "El": 0.0, 
  "asc_tau_array": [
    0.1, 
    0.01
  ], 
  "R_input": 110683090.80813764, 
  "AScurrent_dynamics_method": {
    "params": {}, 
    "name": "none"
  }, 
  "AScurrent_reset_method": {
    "params": {}, 
    "name": "none"
  }, 
  "dt_multiplier": 10, 
  "th_adapt": null, 
  "coeffs": {
    "a": 1, 
    "C": 1, 
    "b": 1, 
    "G": 1, 
    "th_inf": 1.3512170135231112, 
    "asc_amp_array": [
      1.0, 
      1.0
    ]
  }, 
  "type": "GLIF"
}