{
  "model_spike_times_same_across_sweeps": {
    "n1": 1,
    "n2": 1
  },
  "run_model_spike_times_match_database": {
    "n2": true
  },
  "n2_after_opt_sanitycheck": 0.8842361384390969,
  "after_opt": {
    "noise_1": 0.8767425699472726,
    "noise_2": 0.884238568493645
  },
  "before_opt": {
    "noise_1": 0.8666040314811366,
    "noise_2": 0.8832607442202283
  }
}