{
  "noise1": {
    "RSS_of_voltage_diff": 593.139004240358,
    "var_of_voltage_difference": 2.569198453735918e-05,
    "var_of_voltage_data": 8.674429132545543e-05,
    "num_data_points_wo_spike_shape": 22395124
  },
  "noise2": {
    "RSS_of_voltage_diff": 609.1677354793314,
    "var_of_voltage_difference": 2.6331001140554542e-05,
    "var_of_voltage_data": 8.597359653560074e-05,
    "num_data_points_wo_spike_shape": 22393964
  }
}