{
  "model_spike_times_same_across_sweeps": {
    "n1": 1,
    "n2": 1
  },
  "run_model_spike_times_match_database": {
    "n2": true
  },
  "n2_after_opt_sanitycheck": 0.6172566185083505,
  "after_opt": {
    "noise_1": 0.723380769469978,
    "noise_2": 0.617183020326295
  },
  "before_opt": {
    "noise_1": 0.7545743542089425,
    "noise_2": 0.8116980327357383
  }
}