{
  "noise1": {
    "RSS_of_voltage_diff": 30.09582305297734,
    "var_of_voltage_difference": 5.328112463772055e-06,
    "var_of_voltage_data": 8.761372180589864e-05,
    "num_data_points_wo_spike_shape": 5594708
  },
  "noise2": {
    "RSS_of_voltage_diff": 26.267978090608892,
    "var_of_voltage_difference": 4.674395513261604e-06,
    "var_of_voltage_data": 8.377092977872347e-05,
    "num_data_points_wo_spike_shape": 5596088
  }
}