{
  "El": {
    "El_max_subth_long_square": {
      "dependencies": null,
      "value": -0.0717508087158203
    },
    "El_noise": {
      "measured": {
        "dependencies": null,
        "list": [
          -0.07205258178710941,
          -0.07174944305419921,
          -0.0716239776611328,
          -0.0711692123413086
        ],
        "mean": -0.07164880371093751
      }
    },
    "El_ramp": {
      "dependencies": null,
      "value": -0.07175700378417971
    },
    "El_suprathreshold_blip": {
      "dependencies": null,
      "value": -0.0722376022338867
    },
    "El_subthreshold_blip": {
      "dependencies": null,
      "value": -0.07175632476806641
    }
  },
  "spike_cut_length": {
    "no deltaV shift": {
      "slope": 0.42289847473252135,
      "length": 92.0,
      "intercept": 0.006757605226093316,
      "dependencies": null
    }
  },
  "threshold_adaptation": {
    "b_spike_component_of_threshold": 23.489114620607182,
    "b_voltage_comp_of_thr_from_fitab": 65.34079244000225,
    "b_voltage_comp_of_thr_from_fitabth": 199.9137915028034,
    "a_voltage_comp_of_thr_from_fitab": 21.244213800483386,
    "a_spike_component_of_threshold": 0.0021541536824379297,
    "a_voltage_comp_of_thr_from_fitabth": 129.69453649958308
  },
  "th_inf": {
    "via_Vmeasure": {
      "from_zero": 0.025431756014876454,
      "dependencies": "measured from suprathreshold blip",
      "value": -0.046805846219010246
    },
    "fit_with_v_comp_of_th": {
      "from_zero": 0.013802190799627682,
      "value": -0.05784661291130983
    }
  },
  "resistance": {
    "R_test_list": {
      "list": [
        222924116.59729722,
        201170134.25210673,
        187416912.16341287,
        176551839.77120706
      ],
      "mean": 197015750.696006
    },
    "R_fit_ASC_and_R": {
      "list": [
        245120314.1668681,
        222167353.85773596,
        196827427.99620262,
        184432762.0025765
      ],
      "mean": 212136964.5058458
    },
    "R_from_lims": {
      "value": 218906283.37860098
    }
  },
  "asc": {
    "amp": [
      -3.451158581057227e-11,
      1.2361407632740116e-10
    ],
    "k": [
      10.0,
      300.0
    ],
    "dependencies": "Cap and res from least squares"
  },
  "capacitance": {
    "C_from_lims": {
      "value": 1.426239329733932e-10
    },
    "C_test_list": {
      "list": [
        1.4795008637102328e-10,
        1.3760693480987432e-10,
        1.3558539801167523e-10,
        1.4407781220938414e-10
      ],
      "mean": 1.4130505785048923e-10
    }
  },
  "MLIN": {
    "tau_from_AC": 0.07366184755796358,
    "sv_for_expsymm": 0.0007527062040895568,
    "var_of_section": 1.133133259349819e-06
  },
  "sweep_properties": {
    "multi_short_square": {
      "sweep_num": [
        57,
        70,
        71,
        72,
        73,
        74,
        75,
        76,
        77,
        78,
        79,
        80,
        81,
        82,
        83,
        84,
        85,
        86,
        87,
        88,
        89,
        90
      ]
    },
    "noise1": {
      "1": {
        "sweep_num": 46,
        "El": -0.07205258178710941,
        "spike_ind": [
          253668,
          256006,
          273457,
          278870,
          281022,
          298431,
          303680,
          305970,
          323151,
          451326,
          452176,
          453530,
          454589,
          455806,
          458210,
          460254,
          462036,
          466951,
          469186,
          470802,
          472729,
          476168,
          478043,
          479392,
          480838,
          484871,
          491974,
          494539,
          496416,
          497927,
          501214,
          503286,
          504444,
          505794,
          510009,
          517205,
          520210,
          522468
        ]
      },
      "3": {
        "sweep_num": 50,
        "El": -0.0716239776611328,
        "spike_ind": [
          451847,
          453468,
          454719,
          455900,
          460356,
          470696,
          473057,
          476369,
          478634,
          480678,
          486743,
          495676,
          498028,
          501413,
          503682,
          505772,
          511741,
          521109,
          523328
        ]
      },
      "2": {
        "sweep_num": 48,
        "El": -0.07174944305419921,
        "spike_ind": [
          254344,
          279613,
          305869,
          451378,
          452394,
          453706,
          454813,
          455908,
          459764,
          461863,
          467236,
          469413,
          471550,
          473275,
          476225,
          478509,
          479759,
          480943,
          485324,
          494017,
          496438,
          498175,
          501280,
          503487,
          504699,
          505994,
          510720,
          519126,
          521586,
          523378
        ]
      },
      "5": {
        "sweep_num": null,
        "El": null,
        "spike_ind": null
      },
      "4": {
        "sweep_num": 52,
        "El": -0.0711692123413086,
        "spike_ind": [
          451835,
          453542,
          454763,
          456035,
          461468,
          469186,
          472761,
          476269,
          478657,
          480788,
          497670,
          503449,
          505767,
          522968
        ]
      }
    },
    "ramp": {
      "sweep_num": [
        4,
        5,
        6
      ]
    },
    "max_subthresh_long_square": {
      "sweep_num": [
        96
      ]
    },
    "suprathreshold_short_square": {
      "R_testpulsesweep_num": [
        12,
        16,
        17,
        18,
        19,
        21
      ]
    },
    "subthreshold_short_square": {
      "sweep_num": [
        67
      ]
    }
  },
  "spike_cutting": {
    "NOdeltaV": {
      "slope": 0.42289847473252135,
      "intercept": 0.006757605226093316,
      "cut_length": 92.0,
      "dependencies": null
    }
  },
  "dt_used_for_preprocessor_calculations": 5e-05
}