{
  "model_spike_times_same_across_sweeps": {
    "n1": 1,
    "n2": 1
  },
  "run_model_spike_times_match_database": {
    "n2": true
  },
  "n2_after_opt_sanitycheck": 0.7786398151978784,
  "after_opt": {
    "noise_1": 0.7881820403440823,
    "noise_2": 0.778629056119222
  },
  "before_opt": {
    "noise_1": 0.5903651891843289,
    "noise_2": 0.5715192884051981
  }
}