{
  "model_spike_times_same_across_sweeps": {
    "n1": 1,
    "n2": 1
  },
  "run_model_spike_times_match_database": {
    "n2": true
  },
  "n2_after_opt_sanitycheck": 0.1745351436025889,
  "after_opt": {
    "noise_1": 0.5672165850140038,
    "noise_2": 0.174534958085441
  },
  "before_opt": {
    "noise_1": 0.5379765315097037,
    "noise_2": 0.19156367402246943
  }
}