{
  "model_spike_times_same_across_sweeps": {
    "n1": 1,
    "n2": 1
  },
  "run_model_spike_times_match_database": {
    "n2": true
  },
  "n2_after_opt_sanitycheck": 0.7209024158502549,
  "after_opt": {
    "noise_1": 0.738550426163437,
    "noise_2": 0.720896253235038
  },
  "before_opt": {
    "noise_1": 0.6674902578628101,
    "noise_2": 0.6414708361488396
  }
}