{
  "noise1": {
    "RSS_of_voltage_diff": 216.68495458191742,
    "var_of_voltage_difference": 1.9037311262781087e-05,
    "var_of_voltage_data": 7.311043586568345e-05,
    "num_data_points_wo_spike_shape": 11201627
  },
  "noise2": {
    "RSS_of_voltage_diff": 228.37875695855172,
    "var_of_voltage_difference": 1.9902125212929733e-05,
    "var_of_voltage_data": 7.216759117051569e-05,
    "num_data_points_wo_spike_shape": 11201168
  }
}