{
  "n2_after_opt_sanitycheck": 0.643293998658038,
  "after_opt": {
    "noise_1": 0.5292570908007909,
    "noise_2": 0.630547957035882
  },
  "before_opt": {
    "noise_1": 0.5560984320766832,
    "noise_2": 0.5531213371437359
  }
}