{
  "model_spike_times_same_across_sweeps": {
    "n1": 1,
    "n2": 1
  },
  "run_model_spike_times_match_database": {
    "n2": true
  },
  "n2_after_opt_sanitycheck": 0.6526272125504314,
  "after_opt": {
    "noise_1": 0.721904377175809,
    "noise_2": 0.65260515537613
  },
  "before_opt": {
    "noise_1": 0.72459663106889,
    "noise_2": 0.635286817203205
  }
}