{
  "noise1": {
    "RSS_of_voltage_diff": 103.88252854474374,
    "var_of_voltage_difference": 9.253728735175112e-06,
    "var_of_voltage_data": 8.346314003562619e-05,
    "num_data_points_wo_spike_shape": 11200702
  },
  "noise2": {
    "RSS_of_voltage_diff": 204.25968148036893,
    "var_of_voltage_difference": 9.076849034587952e-06,
    "var_of_voltage_data": 8.30338488295723e-05,
    "num_data_points_wo_spike_shape": 22401904
  }
}