{
  "El": {
    "El_max_subth_long_square": {
      "dependencies": null, 
      "value": -0.07282776641845701
    }, 
    "El_noise": {
      "measured": {
        "dependencies": null, 
        "list": [
          -0.07297674560546881, 
          -0.0735718078613281
        ], 
        "mean": -0.073274276733398452
      }
    }, 
    "El_ramp": {
      "dependencies": null, 
      "value": -0.07281959533691411
    }, 
    "El_suprathreshold_blip": {
      "dependencies": null, 
      "value": -0.07340728759765619
    }, 
    "El_subthreshold_blip": {
      "dependencies": null, 
      "value": -0.073199333190918
    }
  }, 
  "spike_cut_length": {
    "no deltaV shift": {
      "slope": 0.2421762090349466, 
      "length": 50.0, 
      "intercept": 0.014633883461238964, 
      "dependencies": null
    }
  }, 
  "threshold_adaptation": {
    "b_spike_component_of_threshold": 77.983159728934197, 
    "b_voltage_comp_of_thr_from_fitab": 38.143193234725423, 
    "b_voltage_comp_of_thr_from_fitabth": 1048.4286497874223, 
    "a_voltage_comp_of_thr_from_fitab": 9.7254371625666884, 
    "a_spike_component_of_threshold": 0.0024452573168566027, 
    "a_voltage_comp_of_thr_from_fitabth": 998.81327398768951
  }, 
  "th_inf": {
    "via_Vmeasure": {
      "from_zero": 0.025541363903512089, 
      "dependencies": "measured from suprathreshold blip", 
      "value": -0.047865923694144101
    }, 
    "fit_with_v_comp_of_th": {
      "from_zero": 0.0027929829746947965, 
      "value": -0.070481293758703656
    }
  }, 
  "resistance": {
    "R_test_list": {
      "list": [
        276344706.55695438, 
        255876989.90310538
      ], 
      "mean": 266110848.23002988
    }, 
    "R_fit_ASC_and_R": {
      "list": [
        347552432.67971385, 
        323723479.9179782
      ], 
      "mean": 335637956.29884601
    }, 
    "R_from_lims": {
      "value": 210156217.21744502
    }
  }, 
  "asc": {
    "amp": [
      -2.5063516790444296e-12, 
      -2.3526799418825076e-11
    ], 
    "k": [
      3.0, 
      100.0
    ], 
    "dependencies": "Cap and res from least squares"
  }, 
  "capacitance": {
    "C_from_lims": {
      "value": 5.3944413225556196e-11
    }, 
    "C_test_list": {
      "list": [
        4.3878225607422916e-11, 
        4.3249342468391481e-11
      ], 
      "mean": 4.3563784037907196e-11
    }
  }, 
  "MLIN": {
    "tau_from_AC": 0.0062806598346142857, 
    "sv_for_expsymm": 9.0099514366425543e-05, 
    "var_of_section": 1.6235844978131453e-08
  }, 
  "sweep_properties": {
    "multi_short_square": {
      "sweep_num": [
        65, 
        66, 
        67, 
        68, 
        69, 
        70, 
        71, 
        72, 
        73, 
        74, 
        75, 
        76, 
        77, 
        78, 
        79, 
        80, 
        81, 
        82, 
        83, 
        84, 
        85
      ]
    }, 
    "noise1": {
      "1": {
        "sweep_num": 41, 
        "El": -0.07297674560546881, 
        "spike_ind": [
          201087, 
          201751, 
          202811, 
          203619, 
          204681, 
          209467, 
          217118, 
          218439, 
          221228, 
          222874, 
          223812, 
          224772, 
          236870, 
          238536, 
          241370, 
          242920, 
          243768, 
          244797, 
          257130, 
          258645, 
          360822, 
          360934, 
          361117, 
          361470, 
          361930, 
          362411, 
          362811, 
          363221, 
          363666, 
          364390, 
          364728, 
          365947, 
          367874, 
          368543, 
          369216, 
          373142, 
          373902, 
          374782, 
          375614, 
          376430, 
          377212, 
          378089, 
          378627, 
          380798, 
          381040, 
          381789, 
          382707, 
          383232, 
          383755, 
          384443, 
          384764, 
          386134, 
          387894, 
          389178, 
          393176, 
          393900, 
          395232, 
          396398, 
          397220, 
          398088, 
          398734, 
          400869, 
          401465, 
          402756, 
          404395, 
          404764, 
          407925, 
          409221, 
          413188, 
          414485, 
          415340, 
          416410, 
          417175, 
          418061, 
          418603
        ]
      }, 
      "3": {
        "sweep_num": null, 
        "El": null, 
        "spike_ind": null
      }, 
      "2": {
        "sweep_num": 47, 
        "El": -0.0735718078613281, 
        "spike_ind": [
          201203, 
          202616, 
          203453, 
          204674, 
          217268, 
          218673, 
          221342, 
          222997, 
          223859, 
          224857, 
          238205, 
          241450, 
          243142, 
          244633, 
          258213, 
          360815, 
          360935, 
          361364, 
          361798, 
          362399, 
          362807, 
          363216, 
          363608, 
          364373, 
          364713, 
          365913, 
          366920, 
          367888, 
          368539, 
          369402, 
          373138, 
          373917, 
          375185, 
          376398, 
          377204, 
          378041, 
          378587, 
          380838, 
          381055, 
          381841, 
          382648, 
          383226, 
          383674, 
          384439, 
          384814, 
          386181, 
          387918, 
          389218, 
          393199, 
          394750, 
          395587, 
          396453, 
          397217, 
          398100, 
          398639, 
          400864, 
          401488, 
          402542, 
          402996, 
          403596, 
          404434, 
          404834, 
          406591, 
          407935, 
          409212, 
          413190, 
          414574, 
          416407, 
          417290, 
          418119, 
          418772
        ]
      }, 
      "5": {
        "sweep_num": null, 
        "El": null, 
        "spike_ind": null
      }, 
      "4": {
        "sweep_num": null, 
        "El": null, 
        "spike_ind": null
      }
    }, 
    "ramp": {
      "sweep_num": [
        5, 
        6
      ]
    }, 
    "max_subthresh_long_square": {
      "sweep_num": [
        27, 
        38
      ]
    }, 
    "suprathreshold_short_square": {
      "R_testpulsesweep_num": [
        13, 
        15, 
        16, 
        17, 
        18
      ]
    }, 
    "subthreshold_short_square": {
      "sweep_num": [
        9, 
        14
      ]
    }
  }, 
  "spike_cutting": {
    "NOdeltaV": {
      "slope": 0.2421762090349466, 
      "intercept": 0.014633883461238964, 
      "cut_length": 50.0, 
      "dependencies": null
    }
  }, 
  "dt_used_for_preprocessor_calculations": 5e-05
}