{
  "model_spike_times_same_across_sweeps": {
    "n1": 1,
    "n2": 1
  },
  "run_model_spike_times_match_database": {
    "n2": true
  },
  "n2_after_opt_sanitycheck": 0.8256589514026627,
  "after_opt": {
    "noise_1": 0.8360440480543295,
    "noise_2": 0.825643084299458
  },
  "before_opt": {
    "noise_1": 0.8247283918069395,
    "noise_2": 0.8273580914658974
  }
}