{
  "model_spike_times_same_across_sweeps": {
    "n1": 1,
    "n2": 1
  },
  "run_model_spike_times_match_database": {
    "n2": true
  },
  "n2_after_opt_sanitycheck": 0.37848770584983527,
  "after_opt": {
    "noise_1": 0.37625418946081823,
    "noise_2": 0.378483020826781
  },
  "before_opt": {
    "noise_1": 0.17644424520669327,
    "noise_2": 0.36944544109005856
  }
}