{
  "noise1": {
    "RSS_of_voltage_diff": 299.6630679489874,
    "var_of_voltage_difference": 1.775942395893486e-05,
    "var_of_voltage_data": 8.28871608123928e-05,
    "num_data_points_wo_spike_shape": 16801300
  },
  "noise2": {
    "RSS_of_voltage_diff": 394.14674600077376,
    "var_of_voltage_difference": 1.7466787338662707e-05,
    "var_of_voltage_data": 8.270748763511308e-05,
    "num_data_points_wo_spike_shape": 22401913
  }
}