{
  "model_spike_times_same_across_sweeps": {
    "n1": 1,
    "n2": 1
  },
  "run_model_spike_times_match_database": {
    "n2": true
  },
  "n2_after_opt_sanitycheck": 0.7474783707371713,
  "after_opt": {
    "noise_1": 0.7448931484817465,
    "noise_2": 0.74752204394805
  },
  "before_opt": {
    "noise_1": 0.46593335483736426,
    "noise_2": 0.43497257048984045
  }
}