{
  "model_spike_times_same_across_sweeps": {
    "n1": 1,
    "n2": 1
  },
  "run_model_spike_times_match_database": {
    "n2": true
  },
  "n2_after_opt_sanitycheck": 0.7330468560533163,
  "after_opt": {
    "noise_1": 0.7426534170979522,
    "noise_2": 0.73304595550118
  },
  "before_opt": {
    "noise_1": 0.7697804865742188,
    "noise_2": 0.701980089053904
  }
}