{
  "noise1": {
    "RSS_of_voltage_diff": 15.589596492234277,
    "var_of_voltage_difference": 3.71630079947099e-06,
    "var_of_voltage_data": 6.813299319275603e-05,
    "num_data_points_wo_spike_shape": 4194908
  },
  "noise2": {
    "RSS_of_voltage_diff": 16.663470594048608,
    "var_of_voltage_difference": 3.7146524585829767e-06,
    "var_of_voltage_data": 6.749289664421067e-05,
    "num_data_points_wo_spike_shape": 4195044
  }
}