{
  "noise1": {
    "RSS_of_voltage_diff": 16.299090461284493,
    "var_of_voltage_difference": 3.852173987720204e-06,
    "var_of_voltage_data": 6.813299319275603e-05,
    "num_data_points_wo_spike_shape": 4194908
  },
  "noise2": {
    "RSS_of_voltage_diff": 16.668188226923426,
    "var_of_voltage_difference": 3.864152897702052e-06,
    "var_of_voltage_data": 6.749289664421067e-05,
    "num_data_points_wo_spike_shape": 4195044
  }
}