{
  "model_spike_times_same_across_sweeps": {
    "n1": 1,
    "n2": 1
  },
  "run_model_spike_times_match_database": {
    "n2": true
  },
  "n2_after_opt_sanitycheck": 0.7413093659853093,
  "after_opt": {
    "noise_1": 0.7661207505796361,
    "noise_2": 0.741239992478556
  },
  "before_opt": {
    "noise_1": 0.7613564417693278,
    "noise_2": 0.7468342275872107
  }
}