{
  "noise1": {
    "RSS_of_voltage_diff": 823.1529720707421,
    "var_of_voltage_difference": 3.581127821585889e-05,
    "var_of_voltage_data": 0.00016396142759824683,
    "num_data_points_wo_spike_shape": 22398409
  },
  "noise2": {
    "RSS_of_voltage_diff": 822.8752230696596,
    "var_of_voltage_difference": 3.581858924052824e-05,
    "var_of_voltage_data": 0.00015774298209156166,
    "num_data_points_wo_spike_shape": 22397259
  }
}