{
  "model_spike_times_same_across_sweeps": {
    "n1": 1,
    "n2": 1
  },
  "run_model_spike_times_match_database": {
    "n2": true
  },
  "n2_after_opt_sanitycheck": 0.5298778994559515,
  "after_opt": {
    "noise_1": 0.568594256244092,
    "noise_2": 0.52985767897017
  },
  "before_opt": {
    "noise_1": 0.10451016252166606,
    "noise_2": 0.10656725049862273
  }
}