{
  "model_spike_times_same_across_sweeps": {
    "n1": 1,
    "n2": 1
  },
  "run_model_spike_times_match_database": {
    "n2": true
  },
  "n2_after_opt_sanitycheck": 0.521517444862833,
  "after_opt": {
    "noise_1": 0.5989210205544963,
    "noise_2": 0.521579160381609
  },
  "before_opt": {
    "noise_1": 0.5539032692413614,
    "noise_2": 0.5461517231538123
  }
}