{
  "model_spike_times_same_across_sweeps": {
    "n1": 1,
    "n2": 1
  },
  "run_model_spike_times_match_database": {
    "n2": true
  },
  "n2_after_opt_sanitycheck": 0.6213186425263044,
  "after_opt": {
    "noise_1": 0.5624342562617493,
    "noise_2": 0.621322976593449
  },
  "before_opt": {
    "noise_1": 0.36119627404943433,
    "noise_2": 0.4315934652513457
  }
}