{
  "model_spike_times_same_across_sweeps": {
    "n1": 1,
    "n2": 1
  },
  "run_model_spike_times_match_database": {
    "n2": true
  },
  "n2_after_opt_sanitycheck": 0.7740255640405466,
  "after_opt": {
    "noise_1": 0.8233510889352061,
    "noise_2": 0.774013305671517
  },
  "before_opt": {
    "noise_1": 0.7972537691926571,
    "noise_2": 0.7804728233170866
  }
}