{
  "noise1": {
    "RSS_of_voltage_diff": 200.6342827129215,
    "var_of_voltage_difference": 1.1162256323532208e-05,
    "var_of_voltage_data": 9.61554089642576e-05,
    "num_data_points_wo_spike_shape": 16806911
  },
  "noise2": {
    "RSS_of_voltage_diff": 280.8984527310317,
    "var_of_voltage_difference": 1.2203760275569708e-05,
    "var_of_voltage_data": 9.619097349871752e-05,
    "num_data_points_wo_spike_shape": 22408366
  }
}