{
  "model_spike_times_same_across_sweeps": {
    "n1": 1,
    "n2": 1
  },
  "run_model_spike_times_match_database": {
    "n2": true
  },
  "n2_after_opt_sanitycheck": 0.7528617774277314,
  "after_opt": {
    "noise_1": 0.44857832990789326,
    "noise_2": 0.752961646731684
  },
  "before_opt": {
    "noise_1": 0.5202728704963826,
    "noise_2": 0.4485260030972178
  }
}