{
  "model_spike_times_same_across_sweeps": {
    "n1": 1,
    "n2": 1
  },
  "run_model_spike_times_match_database": {
    "n2": true
  },
  "n2_after_opt_sanitycheck": 0.5981691696085882,
  "after_opt": {
    "noise_1": 0.3766822704360765,
    "noise_2": 0.598132382942679
  },
  "before_opt": {
    "noise_1": 0.4435048746639347,
    "noise_2": 0.4827227022217901
  }
}