{
  "El_reference": -0.06947121620178223, 
  "C": 1.4908530278299696e-10, 
  "asc_amp_array": [
    -4.437288755994239e-12, 
    -1.320740143751204e-10
  ], 
  "init_threshold": 0.022694165949725613, 
  "threshold_reset_method": {
    "params": {
      "a_spike": 0.0036934363026711998, 
      "b_spike": 160.35691593198408
    }, 
    "name": "three_components"
  }, 
  "th_inf": 0.022694165949725613, 
  "spike_cut_length": 128, 
  "init_AScurrents": [
    0.0, 
    0.0
  ], 
  "init_voltage": 0.0, 
  "threshold_dynamics_method": {
    "params": {
      "b_voltage": 24.870549550506546, 
      "a_spike": 0.0036934363026711998, 
      "b_spike": 160.35691593198408, 
      "a_voltage": 10.14760094139157
    }, 
    "name": "three_components_exact"
  }, 
  "voltage_reset_method": {
    "params": {
      "a": 1.1035209471625789, 
      "b": -0.009651856167385082
    }, 
    "name": "v_before"
  }, 
  "extrapolation_method_name": "endpoints", 
  "dt": 5e-05, 
  "voltage_dynamics_method": {
    "params": {}, 
    "name": "linear_forward_euler"
  }, 
  "El": 0.0, 
  "asc_tau_array": [
    0.3333333333333333, 
    0.03333333333333334
  ], 
  "R_input": 342622464.1990888, 
  "AScurrent_dynamics_method": {
    "params": {}, 
    "name": "exp"
  }, 
  "AScurrent_reset_method": {
    "params": {
      "r": [
        1.0, 
        1.0
      ]
    }, 
    "name": "sum"
  }, 
  "dt_multiplier": 10, 
  "th_adapt": null, 
  "coeffs": {
    "a": 1, 
    "C": 1, 
    "b": 1, 
    "G": 1, 
    "th_inf": 0.7101100871224861, 
    "asc_amp_array": [
      1.0, 
      1.0
    ]
  }, 
  "type": "GLIF"
}