{
  "model_spike_times_same_across_sweeps": {
    "n1": 1,
    "n2": 1
  },
  "run_model_spike_times_match_database": {
    "n2": true
  },
  "n2_after_opt_sanitycheck": 0.588124681769254,
  "after_opt": {
    "noise_1": 0.3816746833197814,
    "noise_2": 0.588115773498403
  },
  "before_opt": {
    "noise_1": 0.38843003518374297,
    "noise_2": 0.586400195619838
  }
}