{
  "model_spike_times_same_across_sweeps": {
    "n1": 1,
    "n2": 1
  },
  "run_model_spike_times_match_database": {
    "n2": true
  },
  "n2_after_opt_sanitycheck": 0.7141428368431886,
  "after_opt": {
    "noise_1": 0.7585044396032726,
    "noise_2": 0.714191698687395
  },
  "before_opt": {
    "noise_1": 0.8165967915643232,
    "noise_2": 0.778857696550765
  }
}