{
  "model_spike_times_same_across_sweeps": {
    "n1": 1,
    "n2": 1
  },
  "run_model_spike_times_match_database": {
    "n2": true
  },
  "n2_after_opt_sanitycheck": 0.9731886703101136,
  "after_opt": {
    "noise_1": 0.9780198417690195,
    "noise_2": 0.973188133614132
  },
  "before_opt": {
    "noise_1": 0.9753742541727147,
    "noise_2": 0.9724563355699416
  }
}