{
  "model_spike_times_same_across_sweeps": {
    "n1": 1,
    "n2": 1
  },
  "run_model_spike_times_match_database": {
    "n2": true
  },
  "n2_after_opt_sanitycheck": 0.5468511354212479,
  "after_opt": {
    "noise_1": 0.7294669805479149,
    "noise_2": 0.546858292257711
  },
  "before_opt": {
    "noise_1": 0.7508850611283133,
    "noise_2": 0.6184551239421555
  }
}