{
  "model_spike_times_same_across_sweeps": {
    "n1": 1,
    "n2": 1
  },
  "run_model_spike_times_match_database": {
    "n2": true
  },
  "n2_after_opt_sanitycheck": 0.628348925591987,
  "after_opt": {
    "noise_1": 0.5421674150777781,
    "noise_2": 0.628272543866933
  },
  "before_opt": {
    "noise_1": 0.6037463531833867,
    "noise_2": 0.6673959154189086
  }
}