{
  "El_reference": -0.07014633178710936, 
  "C": 9.163226775353099e-11, 
  "asc_amp_array": [
    -4.887851911841051e-12, 
    -1.900645437198406e-10
  ], 
  "init_threshold": 0.02565947104998343, 
  "threshold_reset_method": {
    "params": {
      "a_spike": 0.007033890597495491, 
      "b_spike": 648.0911477258661
    }, 
    "name": "three_components"
  }, 
  "th_inf": 0.02565947104998343, 
  "spike_cut_length": 77, 
  "init_AScurrents": [
    0.0, 
    0.0
  ], 
  "init_voltage": 0.0, 
  "threshold_dynamics_method": {
    "params": {
      "b_voltage": 0, 
      "a_spike": 0.007033890597495491, 
      "b_spike": 648.0911477258661, 
      "a_voltage": 0
    }, 
    "name": "spike_component"
  }, 
  "voltage_reset_method": {
    "params": {
      "a": 0.4097789091652259, 
      "b": 0.0075259158970321476
    }, 
    "name": "v_before"
  }, 
  "extrapolation_method_name": "endpoints", 
  "dt": 5e-05, 
  "voltage_dynamics_method": {
    "params": {}, 
    "name": "linear_forward_euler"
  }, 
  "El": 0.0, 
  "asc_tau_array": [
    0.3333333333333333, 
    0.01
  ], 
  "R_input": 153754854.95846897, 
  "AScurrent_dynamics_method": {
    "params": {}, 
    "name": "none"
  }, 
  "AScurrent_reset_method": {
    "params": {}, 
    "name": "none"
  }, 
  "dt_multiplier": 10, 
  "th_adapt": null, 
  "coeffs": {
    "a": 1, 
    "C": 1, 
    "b": 1, 
    "G": 1, 
    "th_inf": 1.0533539361460191, 
    "asc_amp_array": [
      1.0, 
      1.0
    ]
  }, 
  "type": "GLIF"
}