{
  "model_spike_times_same_across_sweeps": {
    "n1": 1,
    "n2": 1
  },
  "run_model_spike_times_match_database": {
    "n2": true
  },
  "n2_after_opt_sanitycheck": 0.8487203660453699,
  "after_opt": {
    "noise_1": 0.8704653783499069,
    "noise_2": 0.848720383096665
  },
  "before_opt": {
    "noise_1": 0.8632784717761673,
    "noise_2": 0.842628206636524
  }
}