{
  "model_spike_times_same_across_sweeps": {
    "n1": 1,
    "n2": 1
  },
  "run_model_spike_times_match_database": {
    "n2": true
  },
  "n2_after_opt_sanitycheck": 0.5875238346308012,
  "after_opt": {
    "noise_1": 0.6347826621989102,
    "noise_2": 0.587447598031267
  },
  "before_opt": {
    "noise_1": 0.6835539320122462,
    "noise_2": 0.6741759909032415
  }
}