{
  "noise1": {
    "RSS_of_voltage_diff": 129.02670301039768,
    "var_of_voltage_difference": 2.8666219047323797e-05,
    "var_of_voltage_data": 0.00015195423668756358,
    "num_data_points_wo_spike_shape": 4169340
  },
  "noise2": {
    "RSS_of_voltage_diff": 174.76553663607376,
    "var_of_voltage_difference": 2.7977090938029544e-05,
    "var_of_voltage_data": 0.00015259689137835615,
    "num_data_points_wo_spike_shape": 5559460
  }
}