{
  "El": {
    "El_max_subth_long_square": {
      "dependencies": null, 
      "value": -0.0757233123779297
    }, 
    "El_noise": {
      "measured": {
        "dependencies": null, 
        "list": [
          -0.0757370681762695, 
          -0.0750982208251953, 
          -0.0757115097045898, 
          -0.07507572937011721
        ], 
        "mean": -0.075405632019042948
      }
    }, 
    "El_ramp": {
      "dependencies": null, 
      "value": -0.07527606201171881
    }, 
    "El_suprathreshold_blip": {
      "dependencies": null, 
      "value": -0.0749798431396484
    }, 
    "El_subthreshold_blip": {
      "dependencies": null, 
      "value": -0.07562382507324221
    }
  }, 
  "spike_cut_length": {
    "no deltaV shift": {
      "slope": 0.22567498107565392, 
      "length": 113.0, 
      "intercept": 0.017973027926717164, 
      "dependencies": null
    }
  }, 
  "threshold_adaptation": {
    "b_spike_component_of_threshold": 1783.9924341404746, 
    "b_voltage_comp_of_thr_from_fitab": 101.41926916584617, 
    "b_voltage_comp_of_thr_from_fitabth": 555.45060293009874, 
    "a_voltage_comp_of_thr_from_fitab": 33.592541559840157, 
    "a_spike_component_of_threshold": 0.078954230928673083, 
    "a_voltage_comp_of_thr_from_fitabth": 492.96705260514864
  }, 
  "th_inf": {
    "via_Vmeasure": {
      "from_zero": 0.027067533973493318, 
      "dependencies": "measured from suprathreshold blip", 
      "value": -0.047912309166155076
    }, 
    "fit_with_v_comp_of_th": {
      "from_zero": 0.0064675125213207035, 
      "value": -0.068938119497722244
    }
  }, 
  "resistance": {
    "R_test_list": {
      "list": [
        178917452.86027864, 
        176267394.4655531, 
        159845039.07246992, 
        164847073.08540589
      ], 
      "mean": 169969239.87092692
    }, 
    "R_fit_ASC_and_R": {
      "list": [
        157169011.26038525, 
        161588203.04824552, 
        143072977.04485667, 
        147802302.39810538
      ], 
      "mean": 152408123.43789822
    }, 
    "R_from_lims": {
      "value": 150468751.78813902
    }
  }, 
  "asc": {
    "amp": [
      -1.4715412725798413e-11, 
      -2.761304562614169e-10
    ], 
    "k": [
      3.0, 
      100.0
    ], 
    "dependencies": "Cap and res from least squares"
  }, 
  "capacitance": {
    "C_from_lims": {
      "value": 1.1479667950088293e-10
    }, 
    "C_test_list": {
      "list": [
        1.107934754644832e-10, 
        1.1761330720732126e-10, 
        1.1485946788565719e-10, 
        1.0909628676727761e-10
      ], 
      "mean": 1.1309063433118481e-10
    }
  }, 
  "MLIN": {
    "tau_from_AC": 0.040566773394171335, 
    "sv_for_expsymm": 0.00051117790031788234, 
    "var_of_section": 5.2260569154679776e-07
  }, 
  "sweep_properties": {
    "multi_short_square": {
      "sweep_num": [
        66, 
        67, 
        68, 
        69, 
        70, 
        71, 
        74, 
        75, 
        76, 
        77, 
        78, 
        79, 
        80, 
        81, 
        82, 
        83, 
        85
      ]
    }, 
    "noise1": {
      "1": {
        "sweep_num": 55, 
        "El": -0.0757370681762695, 
        "spike_ind": [
          251585, 
          253350, 
          254525, 
          255865, 
          260581, 
          273266, 
          276317, 
          279603, 
          281036, 
          304742, 
          306009, 
          451063, 
          451640, 
          452324, 
          453146, 
          453777, 
          454484, 
          455446, 
          455976, 
          457702, 
          459853, 
          461550, 
          466941, 
          469053, 
          470606, 
          472622, 
          476134, 
          478450, 
          479486, 
          480773, 
          486858, 
          494141, 
          495696, 
          497620, 
          501132, 
          503312, 
          504497, 
          505810, 
          511892, 
          520673, 
          522567
        ]
      }, 
      "3": {
        "sweep_num": 59, 
        "El": -0.0757115097045898, 
        "spike_ind": [
          252020, 
          253700, 
          255794, 
          279100, 
          281062, 
          304815, 
          306139, 
          451106, 
          451749, 
          452599, 
          453362, 
          454002, 
          454698, 
          455569, 
          456156, 
          459865, 
          461741, 
          467361, 
          470516, 
          472740, 
          476149, 
          478495, 
          479487, 
          480810, 
          486812, 
          495666, 
          497629, 
          501159, 
          503205, 
          504269, 
          505747, 
          520727, 
          522652
        ]
      }, 
      "2": {
        "sweep_num": 57, 
        "El": -0.0750982208251953, 
        "spike_ind": [
          251477, 
          253177, 
          254353, 
          255646, 
          260450, 
          273024, 
          276350, 
          278566, 
          280864, 
          298271, 
          304724, 
          305997, 
          451024, 
          451335, 
          451984, 
          452950, 
          453592, 
          454344, 
          455411, 
          455918, 
          457394, 
          459581, 
          461787, 
          467167, 
          469138, 
          470697, 
          472544, 
          473410, 
          476166, 
          478336, 
          479446, 
          480757, 
          485021, 
          494122, 
          495762, 
          497603, 
          498500, 
          501142, 
          503431, 
          504464, 
          505735, 
          510716, 
          520621, 
          522681
        ]
      }, 
      "5": {
        "sweep_num": null, 
        "El": null, 
        "spike_ind": null
      }, 
      "4": {
        "sweep_num": 61, 
        "El": -0.07507572937011721, 
        "spike_ind": [
          251668, 
          253505, 
          254673, 
          255888, 
          273153, 
          276329, 
          279807, 
          304554, 
          306013, 
          451048, 
          451462, 
          452213, 
          452989, 
          453609, 
          454384, 
          455264, 
          455840, 
          457387, 
          459511, 
          460594, 
          461779, 
          469050, 
          470549, 
          472491, 
          473412, 
          476107, 
          478092, 
          479091, 
          480555, 
          481164, 
          495703, 
          497704, 
          501151, 
          503322, 
          504515, 
          505766, 
          520535, 
          522659
        ]
      }
    }, 
    "ramp": {
      "sweep_num": [
        4, 
        5, 
        6
      ]
    }, 
    "max_subthresh_long_square": {
      "sweep_num": [
        89
      ]
    }, 
    "suprathreshold_short_square": {
      "R_testpulsesweep_num": [
        16
      ]
    }, 
    "subthreshold_short_square": {
      "sweep_num": [
        22
      ]
    }
  }, 
  "spike_cutting": {
    "NOdeltaV": {
      "slope": 0.22567498107565392, 
      "intercept": 0.017973027926717164, 
      "cut_length": 113.0, 
      "dependencies": null
    }
  }, 
  "dt_used_for_preprocessor_calculations": 5e-05
}