{
  "El_reference": -0.06714399337768555, 
  "C": 5.5057985720345876e-11, 
  "asc_amp_array": [
    -4.3434118664765765e-12, 
    -3.588085754392534e-11
  ], 
  "init_threshold": 0.02292089188400779, 
  "threshold_reset_method": {
    "params": {
      "a_spike": 0.004054537537214571, 
      "b_spike": 26.99302257258642
    }, 
    "name": "three_components"
  }, 
  "th_inf": 0.02292089188400779, 
  "spike_cut_length": 47, 
  "init_AScurrents": [
    0.0, 
    0.0
  ], 
  "init_voltage": 0.0, 
  "threshold_dynamics_method": {
    "params": {
      "b_voltage": 38.102025359982576, 
      "a_spike": 0.004054537537214571, 
      "b_spike": 26.99302257258642, 
      "a_voltage": 14.636611560192758
    }, 
    "name": "three_components_exact"
  }, 
  "voltage_reset_method": {
    "params": {
      "a": 0.7937042378665079, 
      "b": -0.004195186758652974
    }, 
    "name": "v_before"
  }, 
  "extrapolation_method_name": "endpoints", 
  "dt": 5e-05, 
  "voltage_dynamics_method": {
    "params": {}, 
    "name": "linear_forward_euler"
  }, 
  "El": 0.0, 
  "asc_tau_array": [
    0.3333333333333333, 
    0.01
  ], 
  "R_input": 355633041.3505095, 
  "AScurrent_dynamics_method": {
    "params": {}, 
    "name": "exp"
  }, 
  "AScurrent_reset_method": {
    "params": {
      "r": [
        1.0, 
        1.0
      ]
    }, 
    "name": "sum"
  }, 
  "dt_multiplier": 10, 
  "th_adapt": null, 
  "coeffs": {
    "a": 1, 
    "C": 1, 
    "b": 1, 
    "G": 1, 
    "th_inf": 0.9459336450710594, 
    "asc_amp_array": [
      1.0, 
      1.0
    ]
  }, 
  "type": "GLIF"
}