{
  "model_spike_times_same_across_sweeps": {
    "n1": 1,
    "n2": 1
  },
  "run_model_spike_times_match_database": {
    "n2": true
  },
  "n2_after_opt_sanitycheck": 0.5715853647015251,
  "after_opt": {
    "noise_1": 0.6238320902542306,
    "noise_2": 0.571585455712853
  },
  "before_opt": {
    "noise_1": 0.40555949445670403,
    "noise_2": 0.41232230048950697
  }
}