{
  "noise1": {
    "RSS_of_voltage_diff": 123.29165799241962,
    "var_of_voltage_difference": 5.288696635437612e-06,
    "var_of_voltage_data": 0.00012246889209465976,
    "num_data_points_wo_spike_shape": 22408531
  },
  "noise2": {
    "RSS_of_voltage_diff": 62.1312784542698,
    "var_of_voltage_difference": 4.834212276177422e-06,
    "var_of_voltage_data": 0.00012105100945315816,
    "num_data_points_wo_spike_shape": 11203960
  }
}