{
  "El": {
    "El_max_subth_long_square": {
      "dependencies": null, 
      "value": -0.065237922668457
    }, 
    "El_noise": {
      "measured": {
        "dependencies": null, 
        "list": [
          -0.0662923583984375, 
          -0.0667916030883789, 
          -0.06800390625, 
          -0.06748810577392579
        ], 
        "mean": -0.067143993377685549
      }
    }, 
    "El_ramp": {
      "dependencies": null, 
      "value": -0.0678735427856445
    }, 
    "El_suprathreshold_blip": {
      "dependencies": null, 
      "value": -0.06600341796875
    }, 
    "El_subthreshold_blip": {
      "dependencies": null, 
      "value": -0.0668805465698242
    }
  }, 
  "spike_cut_length": {
    "no deltaV shift": {
      "slope": 0.7937042378665079, 
      "length": 47.0, 
      "intercept": -0.0041951867586529738, 
      "dependencies": null
    }
  }, 
  "threshold_adaptation": {
    "b_spike_component_of_threshold": 26.993022572586419, 
    "b_voltage_comp_of_thr_from_fitab": 38.102025359982576, 
    "b_voltage_comp_of_thr_from_fitabth": 139.20446868685804, 
    "a_voltage_comp_of_thr_from_fitab": 14.636611560192758, 
    "a_spike_component_of_threshold": 0.004054537537214571, 
    "a_voltage_comp_of_thr_from_fitabth": 87.623869617334407
  }, 
  "th_inf": {
    "via_Vmeasure": {
      "from_zero": 0.022920891884007789, 
      "dependencies": "measured from suprathreshold blip", 
      "value": -0.043082526084742216
    }, 
    "fit_with_v_comp_of_th": {
      "from_zero": 0.015060948886934419, 
      "value": -0.052083044490751129
    }
  }, 
  "resistance": {
    "R_test_list": {
      "list": [
        388456722.43683374, 
        384067547.21280873, 
        381058995.52692205, 
        381536116.62999129
      ], 
      "mean": 383779845.45163894
    }, 
    "R_fit_ASC_and_R": {
      "list": [
        365881983.5781722, 
        352302973.592452, 
        337227230.2380914, 
        367119977.9933225
      ], 
      "mean": 355633041.35050952
    }, 
    "R_from_lims": {
      "value": 263750106.096268
    }
  }, 
  "asc": {
    "amp": [
      -4.3434118664765765e-12, 
      -3.588085754392534e-11
    ], 
    "k": [
      3.0, 
      100.0
    ], 
    "dependencies": "Cap and res from least squares"
  }, 
  "capacitance": {
    "C_from_lims": {
      "value": 7.222362262492276e-11
    }, 
    "C_test_list": {
      "list": [
        5.6722408558081996e-11, 
        5.3868498193819128e-11, 
        5.3257329099354642e-11, 
        5.6383707030127744e-11
      ], 
      "mean": 5.5057985720345876e-11
    }
  }, 
  "MLIN": {
    "tau_from_AC": 0.025650248426546556, 
    "sv_for_expsymm": 0.00039691542530570701, 
    "var_of_section": 3.150837096912206e-07
  }, 
  "sweep_properties": {
    "multi_short_square": {
      "sweep_num": [
        69, 
        70, 
        71, 
        72, 
        73, 
        74, 
        75, 
        76, 
        77, 
        78, 
        79, 
        80, 
        81
      ]
    }, 
    "noise1": {
      "1": {
        "sweep_num": 46, 
        "El": -0.0662923583984375, 
        "spike_ind": [
          201035, 
          202419, 
          203541, 
          204667, 
          218694, 
          223242, 
          224703, 
          238706, 
          242831, 
          360780, 
          361048, 
          361470, 
          362053, 
          362559, 
          362938, 
          363567, 
          368352, 
          375235, 
          376436, 
          378175, 
          380926, 
          382878, 
          383604, 
          384643, 
          395235, 
          397142, 
          398188, 
          400850, 
          402938, 
          404670, 
          416468, 
          417252, 
          418151, 
          418762
        ]
      }, 
      "3": {
        "sweep_num": 50, 
        "El": -0.06800390625, 
        "spike_ind": [
          201715, 
          202850, 
          203783, 
          204790, 
          218733, 
          221084, 
          223794, 
          224785, 
          238478, 
          243019, 
          244682, 
          258218, 
          360811, 
          361076, 
          361455, 
          362092, 
          362637, 
          362965, 
          363524, 
          364708, 
          365968, 
          373692, 
          374823, 
          376409, 
          377209, 
          378135, 
          378718, 
          380880, 
          384676, 
          396394, 
          397207, 
          398127, 
          398780, 
          400916, 
          404735, 
          416409, 
          417247, 
          418157
        ]
      }, 
      "2": {
        "sweep_num": 48, 
        "El": -0.0667916030883789, 
        "spike_ind": [
          201738, 
          202941, 
          203836, 
          204742, 
          218168, 
          224660, 
          242953, 
          243842, 
          244773, 
          360845, 
          361060, 
          361423, 
          361914, 
          362514, 
          362911, 
          363294, 
          363752, 
          364391, 
          364721, 
          367955, 
          369264, 
          375182, 
          376456, 
          378124, 
          378750, 
          380900, 
          382876, 
          383520, 
          384665, 
          393174, 
          395334, 
          396385, 
          397218, 
          398217, 
          398791, 
          400881, 
          416542, 
          418123, 
          418723
        ]
      }, 
      "5": {
        "sweep_num": null, 
        "El": null, 
        "spike_ind": null
      }, 
      "4": {
        "sweep_num": 52, 
        "El": -0.06748810577392579, 
        "spike_ind": [
          201459, 
          202891, 
          203788, 
          204879, 
          218196, 
          221044, 
          223821, 
          224834, 
          238176, 
          241024, 
          242932, 
          244652, 
          258758, 
          360783, 
          361042, 
          361511, 
          362125, 
          362627, 
          363178, 
          363612, 
          364400, 
          364720, 
          367890, 
          369196, 
          375181, 
          376365, 
          377948, 
          378642, 
          380894, 
          381541, 
          382658, 
          383549, 
          384500, 
          384854, 
          394564, 
          396396, 
          397244, 
          398117, 
          398726, 
          400904, 
          403210, 
          403719, 
          404618, 
          409480, 
          416403, 
          417170, 
          418115, 
          418761
        ]
      }
    }, 
    "ramp": {
      "sweep_num": [
        4, 
        5, 
        6
      ]
    }, 
    "max_subthresh_long_square": {
      "sweep_num": [
        33
      ]
    }, 
    "suprathreshold_short_square": {
      "R_testpulsesweep_num": [
        13, 
        15
      ]
    }, 
    "subthreshold_short_square": {
      "sweep_num": [
        19
      ]
    }
  }, 
  "spike_cutting": {
    "NOdeltaV": {
      "slope": 0.7937042378665079, 
      "intercept": -0.0041951867586529738, 
      "cut_length": 47.0, 
      "dependencies": null
    }
  }, 
  "dt_used_for_preprocessor_calculations": 5e-05
}