{
  "model_spike_times_same_across_sweeps": {
    "n1": 1,
    "n2": 1
  },
  "run_model_spike_times_match_database": {
    "n2": true
  },
  "n2_after_opt_sanitycheck": 0.8384190278637021,
  "after_opt": {
    "noise_1": 0.783207189719492,
    "noise_2": 0.838428219102962
  },
  "before_opt": {
    "noise_1": 0.5889472297064233,
    "noise_2": 0.7154252359465074
  }
}