{
  "El": {
    "El_max_subth_long_square": {
      "dependencies": null, 
      "value": -0.07291354370117191
    }, 
    "El_noise": {
      "measured": {
        "dependencies": null, 
        "list": [
          -0.0721660614013672, 
          -0.07293743896484381, 
          -0.0719842910766602
        ], 
        "mean": -0.072362597147623733
      }
    }, 
    "El_ramp": {
      "dependencies": null, 
      "value": -0.07205735015869141
    }, 
    "El_suprathreshold_blip": {
      "dependencies": null, 
      "value": -0.07278724670410161
    }, 
    "El_subthreshold_blip": {
      "dependencies": null, 
      "value": -0.07456757354736329
    }
  }, 
  "spike_cut_length": {
    "no deltaV shift": {
      "slope": 0.54658896702822957, 
      "length": 149.0, 
      "intercept": 0.007027445285271109, 
      "dependencies": null
    }
  }, 
  "threshold_adaptation": {
    "b_spike_component_of_threshold": null, 
    "b_voltage_comp_of_thr_from_fitab": null, 
    "b_voltage_comp_of_thr_from_fitabth": null, 
    "a_voltage_comp_of_thr_from_fitab": null, 
    "a_spike_component_of_threshold": null, 
    "a_voltage_comp_of_thr_from_fitabth": null
  }, 
  "th_inf": {
    "via_Vmeasure": {
      "from_zero": 0.0249727815786982, 
      "dependencies": "measured from suprathreshold blip", 
      "value": -0.04781446512540341
    }, 
    "fit_with_v_comp_of_th": {
      "from_zero": null, 
      "value": null
    }
  }, 
  "resistance": {
    "R_test_list": {
      "list": [
        235398630.47548258, 
        179057773.75595805, 
        171716178.86332738
      ], 
      "mean": 195390861.03158936
    }, 
    "R_fit_ASC_and_R": {
      "list": [
        227174450.82923764, 
        173365814.78149006, 
        170246227.54225656
      ], 
      "mean": 190262164.3843281
    }, 
    "R_from_lims": {
      "value": 208906248.21186098
    }
  }, 
  "asc": {
    "amp": [
      -1.2159090664490186e-11, 
      -1.873736690348331e-10
    ], 
    "k": [
      3.0, 
      100.0
    ], 
    "dependencies": "Cap and res from least squares"
  }, 
  "capacitance": {
    "C_from_lims": {
      "value": 1.321960139998983e-10
    }, 
    "C_test_list": {
      "list": [
        1.0354976601979141e-10, 
        1.0512436332251415e-10, 
        1.0525738111054116e-10
      ], 
      "mean": 1.0464383681761558e-10
    }
  }, 
  "MLIN": {
    "tau_from_AC": 0.037518336542454359, 
    "sv_for_expsymm": 0.00047613999115263316, 
    "var_of_section": 4.5341858234965926e-07
  }, 
  "sweep_properties": {
    "multi_short_square": {
      "sweep_num": null
    }, 
    "noise1": {
      "1": {
        "sweep_num": 51, 
        "El": -0.0721660614013672, 
        "spike_ind": [
          202961, 
          204964, 
          223612, 
          243772, 
          360985, 
          361690, 
          362575, 
          363305, 
          364428, 
          366613, 
          368660, 
          373614, 
          376401, 
          378144, 
          380955, 
          382752, 
          383882, 
          384818, 
          396642, 
          398534, 
          401009, 
          402932, 
          404645, 
          416501, 
          418171
        ]
      }, 
      "3": {
        "sweep_num": 57, 
        "El": -0.0719842910766602, 
        "spike_ind": [
          361024, 
          362719, 
          363621, 
          364709, 
          378488, 
          381050, 
          383266, 
          384800, 
          403242, 
          404862
        ]
      }, 
      "2": {
        "sweep_num": 55, 
        "El": -0.07293743896484381, 
        "spike_ind": [
          204851, 
          361020, 
          362502, 
          363564, 
          364674, 
          378310, 
          381077, 
          383302, 
          384727, 
          398733, 
          403662, 
          418508
        ]
      }, 
      "5": {
        "sweep_num": null, 
        "El": null, 
        "spike_ind": null
      }, 
      "4": {
        "sweep_num": null, 
        "El": null, 
        "spike_ind": null
      }
    }, 
    "ramp": {
      "sweep_num": [
        4, 
        5, 
        6
      ]
    }, 
    "max_subthresh_long_square": {
      "sweep_num": [
        34
      ]
    }, 
    "suprathreshold_short_square": {
      "R_testpulsesweep_num": [
        15
      ]
    }, 
    "subthreshold_short_square": {
      "sweep_num": [
        24, 
        25
      ]
    }
  }, 
  "spike_cutting": {
    "NOdeltaV": {
      "slope": 0.54658896702822957, 
      "intercept": 0.007027445285271109, 
      "cut_length": 149.0, 
      "dependencies": null
    }
  }, 
  "dt_used_for_preprocessor_calculations": 5e-05
}