{
  "El_reference": -0.07552803993225098, 
  "C": 8.073508405989619e-11, 
  "asc_amp_array": [
    -7.754824430904678e-12, 
    -6.11265954223545e-11
  ], 
  "init_threshold": 0.02685101836648031, 
  "threshold_reset_method": {
    "params": {
      "a_spike": 0.004526923568445958, 
      "b_spike": 331.6026810002796
    }, 
    "name": "three_components"
  }, 
  "th_inf": 0.02685101836648031, 
  "spike_cut_length": 57, 
  "init_AScurrents": [
    0.0, 
    0.0
  ], 
  "init_voltage": 0.0, 
  "threshold_dynamics_method": {
    "params": {
      "b_voltage": 0, 
      "a_spike": 0.004526923568445958, 
      "b_spike": 331.6026810002796, 
      "a_voltage": 0
    }, 
    "name": "spike_component"
  }, 
  "voltage_reset_method": {
    "params": {
      "a": 0.5674762572979289, 
      "b": 0.005667859984327665
    }, 
    "name": "v_before"
  }, 
  "extrapolation_method_name": "endpoints", 
  "dt": 5e-05, 
  "voltage_dynamics_method": {
    "params": {}, 
    "name": "linear_forward_euler"
  }, 
  "El": 0.0, 
  "asc_tau_array": [
    0.3333333333333333, 
    0.03333333333333334
  ], 
  "R_input": 189798617.39617074, 
  "AScurrent_dynamics_method": {
    "params": {}, 
    "name": "exp"
  }, 
  "AScurrent_reset_method": {
    "params": {
      "r": [
        1.0, 
        1.0
      ]
    }, 
    "name": "sum"
  }, 
  "dt_multiplier": 10, 
  "th_adapt": null, 
  "coeffs": {
    "a": 1, 
    "C": 1, 
    "b": 1, 
    "G": 1, 
    "th_inf": 1.2305600539914194, 
    "asc_amp_array": [
      1.0, 
      1.0
    ]
  }, 
  "type": "GLIF"
}