{
  "model_spike_times_same_across_sweeps": {
    "n1": 1,
    "n2": 1
  },
  "run_model_spike_times_match_database": {
    "n2": true
  },
  "n2_after_opt_sanitycheck": 0.8145502660264099,
  "after_opt": {
    "noise_1": 0.7963726311298354,
    "noise_2": 0.814623352914247
  },
  "before_opt": {
    "noise_1": 0.6062662902815328,
    "noise_2": 0.6059916807407124
  }
}