{
  "model_spike_times_same_across_sweeps": {
    "n1": 1,
    "n2": 1
  },
  "run_model_spike_times_match_database": {
    "n2": true
  },
  "n2_after_opt_sanitycheck": 0.809207061159672,
  "after_opt": {
    "noise_1": 0.8015225179943977,
    "noise_2": 0.809250111298512
  },
  "before_opt": {
    "noise_1": 0.8130482388888881,
    "noise_2": 0.8038486887346252
  }
}