{
  "noise1": {
    "RSS_of_voltage_diff": 639.3533173631762,
    "var_of_voltage_difference": 2.7865183292022834e-05,
    "var_of_voltage_data": 0.00010917169217671772,
    "num_data_points_wo_spike_shape": 22400342
  },
  "noise2": {
    "RSS_of_voltage_diff": 624.9838160466196,
    "var_of_voltage_difference": 2.700280095182465e-05,
    "var_of_voltage_data": 0.00010817898581596278,
    "num_data_points_wo_spike_shape": 22400916
  }
}