{
  "El": {
    "El_max_subth_long_square": {
      "dependencies": null, 
      "value": -0.0695736770629883
    }, 
    "El_noise": {
      "measured": {
        "dependencies": null, 
        "list": [
          -0.0695761108398438, 
          -0.0689986572265625, 
          -0.06993779754638671, 
          -0.0696458892822266
        ], 
        "mean": -0.069539613723754903
      }
    }, 
    "El_ramp": {
      "dependencies": null, 
      "value": -0.0699912033081055
    }, 
    "El_suprathreshold_blip": {
      "dependencies": null, 
      "value": -0.0698672714233398
    }, 
    "El_subthreshold_blip": {
      "dependencies": null, 
      "value": -0.069797966003418
    }
  }, 
  "spike_cut_length": {
    "no deltaV shift": {
      "slope": 0.50327820714823013, 
      "length": 41.0, 
      "intercept": 0.0069332646226836631, 
      "dependencies": null
    }
  }, 
  "threshold_adaptation": {
    "b_spike_component_of_threshold": 1132.6687788749016, 
    "b_voltage_comp_of_thr_from_fitab": 138.56177420944866, 
    "b_voltage_comp_of_thr_from_fitabth": 17.837013369292158, 
    "a_voltage_comp_of_thr_from_fitab": 25.418457055031219, 
    "a_spike_component_of_threshold": 0.23551831559701059, 
    "a_voltage_comp_of_thr_from_fitabth": 1.4594022883950528
  }, 
  "th_inf": {
    "via_Vmeasure": {
      "from_zero": 0.029466031150671416, 
      "dependencies": "measured from suprathreshold blip", 
      "value": -0.040401240272668386
    }, 
    "fit_with_v_comp_of_th": {
      "from_zero": 0.03226011959239275, 
      "value": -0.037279494131362154
    }
  }, 
  "resistance": {
    "R_test_list": {
      "list": [
        117948159.65140423, 
        113487162.04099622, 
        116433967.16205159, 
        113659940.86279821
      ], 
      "mean": 115382307.42931256
    }, 
    "R_fit_ASC_and_R": {
      "list": [
        131962856.30995554, 
        131657076.89989741, 
        128556841.17864233, 
        128099299.53525068
      ], 
      "mean": 130069018.48093648
    }, 
    "R_from_lims": {
      "value": 96874922.5139618
    }
  }, 
  "asc": {
    "amp": [
      -2.5122583746277112e-11, 
      -3.024743773483129e-10
    ], 
    "k": [
      10.0, 
      100.0
    ], 
    "dependencies": "Cap and res from least squares"
  }, 
  "capacitance": {
    "C_from_lims": {
      "value": 6.24554520634069e-11
    }, 
    "C_test_list": {
      "list": [
        5.8589213389970002e-11, 
        6.3044671895514931e-11, 
        6.4236195589382598e-11, 
        6.1718563974142715e-11
      ], 
      "mean": 6.1897161212252552e-11
    }
  }, 
  "MLIN": {
    "tau_from_AC": 0.049001144505539662, 
    "sv_for_expsymm": 0.00037439140216014011, 
    "var_of_section": 2.8033784402287153e-07
  }, 
  "sweep_properties": {
    "multi_short_square": {
      "sweep_num": [
        77, 
        78, 
        79, 
        80, 
        81, 
        82, 
        83, 
        84, 
        85, 
        86, 
        87, 
        88, 
        89, 
        90, 
        91, 
        92, 
        93, 
        94, 
        95, 
        96, 
        97, 
        98, 
        99, 
        100
      ]
    }, 
    "noise1": {
      "1": {
        "sweep_num": 54, 
        "El": -0.0695761108398438, 
        "spike_ind": [
          200990, 
          202858, 
          203811, 
          204681, 
          209217, 
          216404, 
          218113, 
          220929, 
          222701, 
          223589, 
          224623, 
          228374, 
          235302, 
          237204, 
          238407, 
          240939, 
          242720, 
          243636, 
          244600, 
          248410, 
          255343, 
          257186, 
          258212, 
          360695, 
          360999, 
          361703, 
          362363, 
          362830, 
          363433, 
          363830, 
          364388, 
          364719, 
          365584, 
          366411, 
          367390, 
          367935, 
          368561, 
          369209, 
          370721, 
          371916, 
          373110, 
          373875, 
          374736, 
          375334, 
          376281, 
          377066, 
          377930, 
          378490, 
          379467, 
          380694, 
          381037, 
          381736, 
          382506, 
          382993, 
          383537, 
          384322, 
          384723, 
          385874, 
          386874, 
          387851, 
          388527, 
          389296, 
          391888, 
          393116, 
          393889, 
          394773, 
          395572, 
          396372, 
          397105, 
          397948, 
          398511, 
          400632, 
          401003, 
          401727, 
          402486, 
          402967, 
          403535, 
          404331, 
          404743, 
          405884, 
          406872, 
          407862, 
          408594, 
          409387, 
          411904, 
          413129, 
          413905, 
          414795, 
          415585, 
          416391, 
          417111, 
          417958, 
          418556
        ]
      }, 
      "3": {
        "sweep_num": 58, 
        "El": -0.06993779754638671, 
        "spike_ind": [
          200948, 
          202723, 
          203634, 
          204636, 
          207983, 
          209455, 
          215239, 
          217102, 
          218167, 
          220943, 
          222485, 
          223505, 
          224576, 
          227957, 
          229436, 
          235269, 
          237131, 
          238195, 
          240943, 
          242538, 
          243498, 
          244597, 
          247959, 
          249427, 
          255293, 
          256571, 
          258176, 
          360668, 
          360965, 
          361474, 
          362111, 
          362696, 
          363177, 
          363616, 
          364307, 
          364679, 
          365538, 
          366147, 
          366898, 
          367590, 
          368279, 
          369057, 
          370413, 
          371895, 
          373078, 
          373813, 
          374573, 
          375229, 
          376111, 
          376845, 
          377694, 
          378182, 
          378712, 
          380560, 
          380950, 
          381535, 
          382350, 
          382875, 
          383475, 
          384166, 
          384649, 
          385618, 
          386489, 
          387562, 
          388266, 
          389116, 
          391857, 
          393094, 
          393887, 
          394747, 
          395548, 
          396363, 
          397096, 
          397940, 
          398509, 
          399486, 
          400695, 
          401049, 
          401793, 
          402564, 
          403172, 
          403693, 
          404375, 
          404772, 
          405881, 
          406859, 
          407842, 
          408573, 
          409345, 
          411862, 
          413134, 
          413879, 
          414751, 
          415555, 
          416367, 
          417111, 
          417955, 
          418506
        ]
      }, 
      "2": {
        "sweep_num": 56, 
        "El": -0.0689986572265625,