{
  "noise1": {
    "RSS_of_voltage_diff": 635.0200145401129,
    "var_of_voltage_difference": 2.794382232162678e-05,
    "var_of_voltage_data": 0.00010917169217671772,
    "num_data_points_wo_spike_shape": 22400342
  },
  "noise2": {
    "RSS_of_voltage_diff": 606.9841674887929,
    "var_of_voltage_difference": 2.6919370816868694e-05,
    "var_of_voltage_data": 0.00010817898581596278,
    "num_data_points_wo_spike_shape": 22400916
  }
}