{
  "model_spike_times_same_across_sweeps": {
    "n1": 1,
    "n2": 1
  },
  "run_model_spike_times_match_database": {
    "n2": true
  },
  "n2_after_opt_sanitycheck": 0.5466638051899273,
  "after_opt": {
    "noise_1": 0.5729173139723435,
    "noise_2": 0.546647261932252
  },
  "before_opt": {
    "noise_1": 0.4866696600110234,
    "noise_2": 0.739959373165039
  }
}