{
  "El_reference": -0.0800902366638184, 
  "C": 8.886013721417955e-11, 
  "asc_amp_array": [
    -3.026906815096736e-11, 
    -1.8322714253956316e-10
  ], 
  "init_threshold": 0.026978246946933987, 
  "threshold_reset_method": {
    "params": {
      "a_spike": 0.003526422052908004, 
      "b_spike": 169.21641202180658
    }, 
    "name": "three_components"
  }, 
  "th_inf": 0.026978246946933987, 
  "spike_cut_length": 72, 
  "init_AScurrents": [
    0.0, 
    0.0
  ], 
  "init_voltage": 0.0, 
  "threshold_dynamics_method": {
    "params": {
      "b_voltage": 89.22859192873005, 
      "a_spike": 0.003526422052908004, 
      "b_spike": 169.21641202180658, 
      "a_voltage": 34.54653176921345
    }, 
    "name": "three_components_exact"
  }, 
  "voltage_reset_method": {
    "params": {
      "a": 0.9557622837228387, 
      "b": -0.005831451597000471
    }, 
    "name": "v_before"
  }, 
  "extrapolation_method_name": "endpoints", 
  "dt": 5e-05, 
  "voltage_dynamics_method": {
    "params": {}, 
    "name": "linear_forward_euler"
  }, 
  "El": 0.0, 
  "asc_tau_array": [
    0.1, 
    0.01
  ], 
  "R_input": 137932473.641063, 
  "AScurrent_dynamics_method": {
    "params": {}, 
    "name": "exp"
  }, 
  "AScurrent_reset_method": {
    "params": {
      "r": [
        1.0, 
        1.0
      ]
    }, 
    "name": "sum"
  }, 
  "dt_multiplier": 10, 
  "th_adapt": null, 
  "coeffs": {
    "a": 1, 
    "C": 1, 
    "b": 1, 
    "G": 1, 
    "th_inf": 0.8366224845920596, 
    "asc_amp_array": [
      1.0, 
      1.0
    ]
  }, 
  "type": "GLIF"
}