{
  "model_spike_times_same_across_sweeps": {
    "n1": 1,
    "n2": 1
  },
  "run_model_spike_times_match_database": {
    "n2": true
  },
  "n2_after_opt_sanitycheck": 0.5243260172096523,
  "after_opt": {
    "noise_1": 0.5578886793462604,
    "noise_2": 0.524316454783196
  },
  "before_opt": {
    "noise_1": 0.24521780475310814,
    "noise_2": 0.2433882055722898
  }
}