{
  "noise1": {
    "RSS_of_voltage_diff": 177.82577098022858,
    "var_of_voltage_difference": 1.5724072524896198e-05,
    "var_of_voltage_data": 0.00010475361262719061,
    "num_data_points_wo_spike_shape": 11206202
  },
  "noise2": {
    "RSS_of_voltage_diff": 298.99012608109,
    "var_of_voltage_difference": 1.7577735839321595e-05,
    "var_of_voltage_data": 0.00010159932624139597,
    "num_data_points_wo_spike_shape": 16808871
  }
}