{
  "noise1": {
    "RSS_of_voltage_diff": 247.2680847778257,
    "var_of_voltage_difference": 1.232589919850562e-05,
    "var_of_voltage_data": 5.5701953278051766e-05,
    "num_data_points_wo_spike_shape": 20007679
  },
  "noise2": {
    "RSS_of_voltage_diff": 151.23474935387256,
    "var_of_voltage_difference": 9.50245570124179e-06,
    "var_of_voltage_data": 5.4062444919478936e-05,
    "num_data_points_wo_spike_shape": 15006753
  }
}