{
  "model_spike_times_same_across_sweeps": {
    "n1": 1,
    "n2": 1
  },
  "run_model_spike_times_match_database": {
    "n2": true
  },
  "n2_after_opt_sanitycheck": 0.49103715331579284,
  "after_opt": {
    "noise_1": 0.3971322621433627,
    "noise_2": 0.491059250155434
  },
  "before_opt": {
    "noise_1": 0.532133506795633,
    "noise_2": 0.3591079372855086
  }
}