{
  "model_spike_times_same_across_sweeps": {
    "n1": 1,
    "n2": 1
  },
  "run_model_spike_times_match_database": {
    "n2": true
  },
  "n2_after_opt_sanitycheck": 0.46695629295107377,
  "after_opt": {
    "noise_1": 0.4309112746264078,
    "noise_2": 0.467010316864791
  },
  "before_opt": {
    "noise_1": 0.5023431650469359,
    "noise_2": 0.43989318226973606
  }
}