{
  "El": {
    "El_max_subth_long_square": {
      "dependencies": null, 
      "value": -0.07388678741455079
    }, 
    "El_noise": {
      "measured": {
        "dependencies": null, 
        "list": [
          -0.0742890319824219, 
          -0.0744688873291016, 
          -0.0742413482666016, 
          -0.073967658996582
        ], 
        "mean": -0.074241731643676784
      }
    }, 
    "El_ramp": {
      "dependencies": null, 
      "value": -0.07433596038818359
    }, 
    "El_suprathreshold_blip": {
      "dependencies": null, 
      "value": -0.07415748596191411
    }, 
    "El_subthreshold_blip": {
      "dependencies": null, 
      "value": -0.0745910720825195
    }
  }, 
  "spike_cut_length": {
    "no deltaV shift": {
      "slope": 0.60213429860139389, 
      "length": 91.0, 
      "intercept": 0.004409577698772614, 
      "dependencies": null
    }
  }, 
  "threshold_adaptation": {
    "b_spike_component_of_threshold": null, 
    "b_voltage_comp_of_thr_from_fitab": null, 
    "b_voltage_comp_of_thr_from_fitabth": null, 
    "a_voltage_comp_of_thr_from_fitab": null, 
    "a_spike_component_of_threshold": null, 
    "a_voltage_comp_of_thr_from_fitabth": null
  }, 
  "th_inf": {
    "via_Vmeasure": {
      "from_zero": 0.023994194508662511, 
      "dependencies": "measured from suprathreshold blip", 
      "value": -0.050163291453251602
    }, 
    "fit_with_v_comp_of_th": {
      "from_zero": null, 
      "value": null
    }
  }, 
  "resistance": {
    "R_test_list": {
      "list": [
        143143105.36685094, 
        136228775.13185376, 
        134175634.23604071, 
        132868422.38753329
      ], 
      "mean": 136603984.28056967
    }, 
    "R_fit_ASC_and_R": {
      "list": [
        233556487.0694108, 
        200765663.9587483, 
        204178980.25758752, 
        206262547.8721702
      ], 
      "mean": 211190919.78947923
    }, 
    "R_from_lims": {
      "value": 128786131.73961599
    }
  }, 
  "asc": {
    "amp": [
      -9.397284581749616e-11, 
      -6.004857842650768e-11
    ], 
    "k": [
      29.999999999999996, 
      100.0
    ], 
    "dependencies": "Cap and res from least squares"
  }, 
  "capacitance": {
    "C_from_lims": {
      "value": 1.1872119955326868e-10
    }, 
    "C_test_list": {
      "list": [
        1.5143086982110662e-10, 
        1.458305147235353e-10, 
        1.5949633035058924e-10, 
        1.4690814608455814e-10
      ], 
      "mean": 1.5091646524494731e-10
    }
  }, 
  "MLIN": {
    "tau_from_AC": 0.093001991669920167, 
    "sv_for_expsymm": 0.0004652100811951549, 
    "var_of_section": 4.3284083929120524e-07
  }, 
  "sweep_properties": {
    "multi_short_square": {
      "sweep_num": null
    }, 
    "noise1": {
      "1": {
        "sweep_num": 51, 
        "El": -0.0742890319824219, 
        "spike_ind": [
          252081, 
          254494, 
          256313, 
          270558, 
          273306, 
          276929, 
          279091, 
          280935, 
          286655, 
          295784, 
          298416, 
          302080, 
          304229, 
          306033, 
          311706, 
          321289, 
          451202, 
          451961, 
          453355, 
          454275, 
          455450, 
          456072, 
          457937, 
          459840, 
          460948, 
          462583, 
          466276, 
          467922, 
          469444, 
          470689, 
          471920, 
          472900, 
          476116, 
          476932, 
          478217, 
          479010, 
          479806, 
          480781, 
          482378, 
          484414, 
          485644, 
          486919, 
          491045, 
          492611, 
          494130, 
          495600, 
          496962, 
          497982, 
          501141, 
          501953, 
          503278, 
          504080, 
          504862, 
          505849, 
          507487, 
          509473, 
          510733, 
          512067, 
          516364, 
          518174, 
          519585, 
          521019, 
          522482, 
          523360
        ]
      }, 
      "3": {
        "sweep_num": 55, 
        "El": -0.0742413482666016, 
        "spike_ind": [
          252598, 
          255791, 
          273202, 
          277591, 
          280034, 
          298203, 
          302978, 
          305340, 
          323254, 
          451231, 
          452235, 
          453513, 
          454463, 
          455657, 
          456948, 
          459163, 
          460557, 
          461868, 
          466505, 
          468397, 
          469934, 
          471248, 
          472711, 
          476200, 
          477279, 
          478541, 
          479495, 
          480706, 
          481835, 
          484115, 
          485729, 
          488027, 
          491755, 
          493949, 
          495662, 
          497228, 
          498211, 
          501179, 
          502178, 
          503506, 
          504467, 
          505671, 
          507027, 
          509835, 
          511597, 
          516830, 
          518835, 
          520532, 
          522120, 
          523153
        ]
      }, 
      "2": {
        "sweep_num": 53, 
        "El": -0.0744688873291016, 
        "spike_ind": [
          252643, 
          255801, 
          273056, 
          277771, 
          280107, 
          297770, 
          302378, 
          304612, 
          306507, 
          322629, 
          451223, 
          452178, 
          453479, 
          454469, 
          455693, 
          457388, 
          459816, 
          461471, 
          466381, 
          468140, 
          469547, 
          470776, 
          472132, 
          473040, 
          476167, 
          477145, 
          478455, 
          479373, 
          480537, 
          481143, 
          483085, 
          485025, 
          486513, 
          491379, 
          493186, 
          494611, 
          496036, 
          497612, 
          498469, 
          501187, 
          502173, 
          503487, 
          504397, 
          505599, 
          506326, 
          508261, 
          510018, 
          511547, 
          516473, 
          518341, 
          520106, 
          521512, 
          522767
        ]
      }, 
      "5": {
        "sweep_num": null, 
        "El": null, 
        "spike_ind": null
      }, 
      "4": {
        "sweep_num": 57, 
        "El": -0.073967658996582, 
        "spike_ind": [
          252374, 
          255154, 
          273278, 
          277840, 
          280350, 
          297464, 
          302220, 
          304546, 
          306147, 
          321857, 
          451228, 
          452256, 
          453578, 
          454519, 
          455718, 
          457409, 
          459792, 
          461285, 
          466359, 
          468207, 
          469582, 
          471099, 
          472613, 
          473443, 
          476154, 
          477139, 
          478409, 
          479365, 
          480539, 
          481182, 
          483115, 
          485014, 
          486564, 
          491476, 
          493374, 
          495212, 
          496856, 
          497977, 
          501172, 
          502197, 
          503471, 
          504403, 
          505628, 
          506326, 
          508242, 
          510111, 
          511696, 
          516424, 
          518219, 
          519922, 
          521389, 
          522786
        ]
      }
    }, 
    "ramp": {
      "sweep_num": [
        4, 
        5, 
        6
      ]
    }, 
    "max_subthresh_long_square": {
      "sweep_num": [
        37
      ]
    }, 
    "suprathreshold_short_square": {
      "R_testpulsesweep_num": [
        17
      ]
    }, 
    "subthreshold_short_square": {
      "sweep_num": [
        26
      ]
    }
  }, 
  "spike_cutting": {
    "NOdeltaV": {
      "slope": 0.60213429860139389, 
      "intercept": 0.004409577698772614, 
      "cut_length": 91.0, 
      "dependencies": null
    }
  },