{
  "model_spike_times_same_across_sweeps": {
    "n1": 1,
    "n2": 1
  },
  "run_model_spike_times_match_database": {
    "n2": true
  },
  "n2_after_opt_sanitycheck": 0.7389748989673579,
  "after_opt": {
    "noise_1": 0.7482994732062346,
    "noise_2": 0.738960044475977
  },
  "before_opt": {
    "noise_1": 0.3464745597741735,
    "noise_2": 0.3187184122908967
  }
}