{
  "model_spike_times_same_across_sweeps": {
    "n1": 1,
    "n2": 1
  },
  "run_model_spike_times_match_database": {
    "n2": true
  },
  "n2_after_opt_sanitycheck": 0.7758012850101456,
  "after_opt": {
    "noise_1": 0.8073124512071658,
    "noise_2": 0.775806587776311
  },
  "before_opt": {
    "noise_1": 0.6470861920334811,
    "noise_2": 0.5987176451090666
  }
}