{
  "model_spike_times_same_across_sweeps": {
    "n1": 1,
    "n2": 1
  },
  "run_model_spike_times_match_database": {
    "n2": true
  },
  "n2_after_opt_sanitycheck": 0.71681471561237,
  "after_opt": {
    "noise_1": 0.7096593973263388,
    "noise_2": 0.716823577576119
  },
  "before_opt": {
    "noise_1": 0.46467717549381676,
    "noise_2": 0.45534257460669714
  }
}