{
  "El": {
    "El_max_subth_long_square": {
      "dependencies": null, 
      "value": -0.0613322143554688
    }, 
    "El_noise": {
      "measured": {
        "dependencies": null, 
        "list": [
          -0.0608869781494141, 
          -0.0610561103820801, 
          -0.0604944839477539
        ], 
        "mean": -0.060812524159749366
      }
    }, 
    "El_ramp": {
      "dependencies": null, 
      "value": -0.0600086708068848
    }, 
    "El_suprathreshold_blip": {
      "dependencies": null, 
      "value": -0.0595512351989746
    }, 
    "El_subthreshold_blip": {
      "dependencies": null, 
      "value": -0.0598229293823242
    }
  }, 
  "spike_cut_length": {
    "no deltaV shift": {
      "slope": 0.44096844182068107, 
      "length": 58.0, 
      "intercept": 0.0014348710734725795, 
      "dependencies": null
    }
  }, 
  "threshold_adaptation": {
    "b_spike_component_of_threshold": 25.115990881966109, 
    "b_voltage_comp_of_thr_from_fitab": 145.64050303338871, 
    "b_voltage_comp_of_thr_from_fitabth": 750.46837534271583, 
    "a_voltage_comp_of_thr_from_fitab": 101.20938965207664, 
    "a_spike_component_of_threshold": 0.0027072117157184248, 
    "a_voltage_comp_of_thr_from_fitabth": 790.87764276847679
  }, 
  "th_inf": {
    "via_Vmeasure": {
      "from_zero": 0.0099087336426835135, 
      "dependencies": "measured from suprathreshold blip", 
      "value": -0.049642501556291088
    }, 
    "fit_with_v_comp_of_th": {
      "from_zero": -0.00031844951253643533, 
      "value": -0.061130973672285802
    }
  }, 
  "resistance": {
    "R_test_list": {
      "list": [
        232005916.76913559, 
        220307217.41196734, 
        228126113.05856004
      ], 
      "mean": 226813082.413221
    }, 
    "R_fit_ASC_and_R": {
      "list": [
        209085992.68424305, 
        201850259.76944953, 
        224178418.28029278
      ], 
      "mean": 211704890.24466178
    }, 
    "R_from_lims": {
      "value": 252187520.265579
    }
  }, 
  "asc": {
    "amp": [
      -6.705734044729421e-12, 
      -3.855690127953156e-13
    ], 
    "k": [
      3.0, 
      10.0
    ], 
    "dependencies": "Cap and res from least squares"
  }, 
  "capacitance": {
    "C_from_lims": {
      "value": 6.853275178329461e-11
    }, 
    "C_test_list": {
      "list": [
        3.8775554260524327e-11, 
        4.5716702162051656e-11, 
        4.0481650452493575e-11
      ], 
      "mean": 4.1657968958356521e-11
    }
  }, 
  "MLIN": {
    "tau_from_AC": 0.0077188175811802144, 
    "sv_for_expsymm": 0.00036001989881359451, 
    "var_of_section": 2.5922865508350174e-07
  }, 
  "sweep_properties": {
    "multi_short_square": {
      "sweep_num": [
        72, 
        73, 
        74, 
        75, 
        76, 
        77, 
        78, 
        79, 
        80, 
        81, 
        82, 
        83, 
        84, 
        85, 
        86, 
        87, 
        89, 
        90, 
        91, 
        92, 
        93, 
        94, 
        95
      ]
    }, 
    "noise1": {
      "1": {
        "sweep_num": 49, 
        "El": -0.0608869781494141, 
        "spike_ind": [
          200717, 
          200969, 
          220887, 
          240957, 
          241491, 
          244710, 
          253138, 
          360493, 
          360760, 
          360942, 
          362360, 
          362770, 
          365929, 
          371910, 
          373154, 
          379422, 
          380491, 
          380837, 
          381090, 
          382399, 
          387612, 
          387874, 
          388349, 
          391903, 
          392649, 
          393122, 
          396437, 
          397125, 
          397968, 
          399435, 
          400511, 
          400849, 
          401034, 
          402388, 
          405925, 
          409057, 
          411886, 
          412669, 
          413175, 
          418066, 
          419440
        ]
      }, 
      "3": {
        "sweep_num": 55, 
        "El": -0.0604944839477539, 
        "spike_ind": [
          200608, 
          200915, 
          204428, 
          204723, 
          213226, 
          217980, 
          220885, 
          224722, 
          231920, 
          233181, 
          238175, 
          238756, 
          240734, 
          241013, 
          244413, 
          244733, 
          247917, 
          251918, 
          253185, 
          255229, 
          257136, 
          257978, 
          360480, 
          360674, 
          360859, 
          361022, 
          361424, 
          362373, 
          362747, 
          364398, 
          364634, 
          364842, 
          365916, 
          366444, 
          367383, 
          367874, 
          369064, 
          371892, 
          372668, 
          373100, 
          375183, 
          375620, 
          376117, 
          376389, 
          377162, 
          377978, 
          379421, 
          380501, 
          380838, 
          381014, 
          382383, 
          382746, 
          385941, 
          386463, 
          387918, 
          388285, 
          389081, 
          391891, 
          392582, 
          393120, 
          393660, 
          394344, 
          394772, 
          395156, 
          395618, 
          396128, 
          396385, 
          397083, 
          397998, 
          398211, 
          398507, 
          398736, 
          399425, 
          400499, 
          400795, 
          400969, 
          401513, 
          402362, 
          402788, 
          404138, 
          404380, 
          404645, 
          404863, 
          405914, 
          407590, 
          407866, 
          408291, 
          409055, 
          411882, 
          412628, 
          413110, 
          413661, 
          415170, 
          415620, 
          416074, 
          416373, 
          417085, 
          417959, 
          418185, 
          418518, 
          418776, 
          419439
        ]
      }, 
      "2": {
        "sweep_num": 51, 
        "El": -0.0610561103820801, 
        "spike_ind": [
          200917, 
          220902, 
          233164, 
          240933, 
          244741, 
          258153, 
          360537, 
          360845, 
          361088, 
          362385, 
          364422, 
          364719, 
          365952, 
          369045, 
          371929, 
          372699, 
          373160, 
          376422, 
          379453, 
          380933, 
          391916, 
          393172, 
          397141, 
          397985, 
          399458, 
          400936, 
          402454, 
          402864, 
          405935, 
          407959, 
          409159, 
          411904, 
          413167, 
          413691, 
          415218, 
          418039, 
          419453
        ]
      }, 
      "5": {
        "sweep_num": null, 
        "El": null, 
        "spike_ind": null
      }, 
      "4": {
        "sweep_num": null, 
        "El": null, 
        "spike_ind": null
      }
    }, 
    "ramp": {
      "sweep_num": [
        5, 
        6
      ]
    }, 
    "max_subthresh_long_square": {
      "sweep_num": [
        44
      ]
    }, 
    "suprathreshold_short_square": {
      "R_testpulsesweep_num": [
        11
      ]
    }, 
    "subthreshold_short_square": {
      "sweep_num": [
        15
      ]
    }
  }, 
  "spike_cutting": {
    "NOdeltaV": {
      "slope": 0.44096844182068107, 
      "intercept": 0.0014348710734725795, 
      "cut_length": 58.0, 
      "dependencies": null
    }
  }, 
  "dt_used_for_preprocessor_calculations": 5e-05
}