{
  "model_spike_times_same_across_sweeps": {
    "n1": 1,
    "n2": 1
  },
  "run_model_spike_times_match_database": {
    "n2": true
  },
  "n2_after_opt_sanitycheck": 0.7469665607085582,
  "after_opt": {
    "noise_1": 0.742405906020776,
    "noise_2": 0.746928820635487
  },
  "before_opt": {
    "noise_1": 0.5712148702258366,
    "noise_2": 0.5855415054486485
  }
}