{
  "El_reference": -0.06517686653137206, 
  "C": 3.985149383324061e-11, 
  "asc_amp_array": [
    -3.461317755266356e-12, 
    6.208551767572836e-11
  ], 
  "init_threshold": 0.015283656164062673, 
  "threshold_reset_method": {
    "params": {
      "a_spike": 0.003775996872994273, 
      "b_spike": 34.62064194981972
    }, 
    "name": "three_components"
  }, 
  "th_inf": 0.015283656164062673, 
  "spike_cut_length": 70, 
  "init_AScurrents": [
    0.0, 
    0.0
  ], 
  "init_voltage": 0.0, 
  "threshold_dynamics_method": {
    "params": {
      "b_voltage": 18.82964476922929, 
      "a_spike": 0.003775996872994273, 
      "b_spike": 34.62064194981972, 
      "a_voltage": 2.6403526044287586
    }, 
    "name": "three_components_exact"
  }, 
  "voltage_reset_method": {
    "params": {
      "a": 0.45550981284845626, 
      "b": 0.0008292782583465448
    }, 
    "name": "v_before"
  }, 
  "extrapolation_method_name": "endpoints", 
  "dt": 5e-05, 
  "voltage_dynamics_method": {
    "params": {}, 
    "name": "linear_forward_euler"
  }, 
  "El": 0.0, 
  "asc_tau_array": [
    0.3333333333333333, 
    0.0033333333333333335
  ], 
  "R_input": 535164839.9974825, 
  "AScurrent_dynamics_method": {
    "params": {}, 
    "name": "exp"
  }, 
  "AScurrent_reset_method": {
    "params": {
      "r": [
        1.0, 
        1.0
      ]
    }, 
    "name": "sum"
  }, 
  "dt_multiplier": 10, 
  "th_adapt": null, 
  "coeffs": {
    "a": 1, 
    "C": 1, 
    "b": 1, 
    "G": 1, 
    "th_inf": 0.8804180048105972, 
    "asc_amp_array": [
      1.0, 
      1.0
    ]
  }, 
  "type": "GLIF"
}