{
  "model_spike_times_same_across_sweeps": {
    "n1": 1,
    "n2": 1
  },
  "run_model_spike_times_match_database": {
    "n2": true
  },
  "n2_after_opt_sanitycheck": 0.5418167503186906,
  "after_opt": {
    "noise_1": 0.47584199895255586,
    "noise_2": 0.541789740810958
  },
  "before_opt": {
    "noise_1": 0.5538519134073059,
    "noise_2": 0.5863376483920357
  }
}