{
  "noise1": {
    "RSS_of_voltage_diff": 57.733973689138715,
    "var_of_voltage_difference": 2.5273046768943587e-06,
    "var_of_voltage_data": 2.466345781989852e-05,
    "num_data_points_wo_spike_shape": 22409984
  },
  "noise2": {
    "RSS_of_voltage_diff": 44.24319294442169,
    "var_of_voltage_difference": 1.956331051580126e-06,
    "var_of_voltage_data": 2.3326699146713488e-05,
    "num_data_points_wo_spike_shape": 22409914
  }
}