{
  "model_spike_times_same_across_sweeps": {
    "n1": 1,
    "n2": 1
  },
  "run_model_spike_times_match_database": {
    "n2": true
  },
  "n2_after_opt_sanitycheck": 0.3698291257758034,
  "after_opt": {
    "noise_1": 0.48416230239966035,
    "noise_2": 0.369828264377399
  },
  "before_opt": {
    "noise_1": 0.5134264527515269,
    "noise_2": 0.4451095699156262
  }
}