{
  "model_spike_times_same_across_sweeps": {
    "n1": 1,
    "n2": 1
  },
  "run_model_spike_times_match_database": {
    "n2": true
  },
  "n2_after_opt_sanitycheck": 0.41260577091131556,
  "after_opt": {
    "noise_1": 0.593511953911005,
    "noise_2": 0.412601469632935
  },
  "before_opt": {
    "noise_1": 0.5366631818892593,
    "noise_2": 0.5070860842120586
  }
}