{
  "noise1": {
    "RSS_of_voltage_diff": 260.6593270661697,
    "var_of_voltage_difference": 1.5504976551563785e-05,
    "var_of_voltage_data": 5.615549950189247e-05,
    "num_data_points_wo_spike_shape": 16805163
  },
  "noise2": {
    "RSS_of_voltage_diff": 209.21797830695874,
    "var_of_voltage_difference": 1.7172959657296396e-05,
    "var_of_voltage_data": 5.5824869557773374e-05,
    "num_data_points_wo_spike_shape": 11202782
  }
}