{
  "model_spike_times_same_across_sweeps": {
    "n1": 1,
    "n2": 1
  },
  "run_model_spike_times_match_database": {
    "n2": true
  },
  "n2_after_opt_sanitycheck": 0.4885508046122413,
  "after_opt": {
    "noise_1": 0.5655696391818955,
    "noise_2": 0.488577597096919
  },
  "before_opt": {
    "noise_1": 0.5358593728185176,
    "noise_2": 0.47829418274356117
  }
}