{
  "model_spike_times_same_across_sweeps": {
    "n1": 1,
    "n2": 1
  },
  "run_model_spike_times_match_database": {
    "n2": true
  },
  "n2_after_opt_sanitycheck": 0.4766768611095297,
  "after_opt": {
    "noise_1": 0.4710603408448906,
    "noise_2": 0.476676835754058
  },
  "before_opt": {
    "noise_1": 0.95620696989708,
    "noise_2": 0.9465728553957242
  }
}