{
  "noise1": {
    "RSS_of_voltage_diff": 432.6020972771127,
    "var_of_voltage_difference": 3.715287112264179e-05,
    "var_of_voltage_data": 0.00019591451702967555,
    "num_data_points_wo_spike_shape": 11195330
  },
  "noise2": {
    "RSS_of_voltage_diff": 384.05747443659527,
    "var_of_voltage_difference": 3.362550952447895e-05,
    "var_of_voltage_data": 0.00019776964966663506,
    "num_data_points_wo_spike_shape": 11196698
  }
}