{
  "model_spike_times_same_across_sweeps": {
    "n1": 1,
    "n2": 1
  },
  "run_model_spike_times_match_database": {
    "n2": true
  },
  "n2_after_opt_sanitycheck": 0.9050332680081287,
  "after_opt": {
    "noise_1": 0.9055518281064215,
    "noise_2": 0.905057834024281
  },
  "before_opt": {
    "noise_1": 0.894466700428958,
    "noise_2": 0.9037879237082913
  }
}