{
  "model_spike_times_same_across_sweeps": {
    "n1": 1,
    "n2": 1
  },
  "run_model_spike_times_match_database": {
    "n2": true
  },
  "n2_after_opt_sanitycheck": 0.845615480671309,
  "after_opt": {
    "noise_1": 0.864090269788356,
    "noise_2": 0.845565076642325
  },
  "before_opt": {
    "noise_1": 0.8379278713021657,
    "noise_2": 0.8371610109663292
  }
}