{
  "model_spike_times_same_across_sweeps": {
    "n1": 1,
    "n2": 1
  },
  "run_model_spike_times_match_database": {
    "n2": true
  },
  "n2_after_opt_sanitycheck": 0.6379327619281471,
  "after_opt": {
    "noise_1": 0.6615958684611187,
    "noise_2": 0.637933302431246
  },
  "before_opt": {
    "noise_1": 0.3918997951306066,
    "noise_2": 0.383996201723324
  }
}