{
  "noise1": {
    "RSS_of_voltage_diff": 106.41671220141943,
    "var_of_voltage_difference": 1.7858068099767745e-05,
    "var_of_voltage_data": 8.883713920195347e-05,
    "num_data_points_wo_spike_shape": 5587432
  },
  "noise2": {
    "RSS_of_voltage_diff": 101.17668235171023,
    "var_of_voltage_difference": 1.7137268551751023e-05,
    "var_of_voltage_data": 8.646510690058221e-05,
    "num_data_points_wo_spike_shape": 5587650
  }
}