{
  "model_spike_times_same_across_sweeps": {
    "n1": 1,
    "n2": 1
  },
  "run_model_spike_times_match_database": {
    "n2": true
  },
  "n2_after_opt_sanitycheck": 0.5341086429172175,
  "after_opt": {
    "noise_1": 0.4096108766114201,
    "noise_2": 0.534124940559946
  },
  "before_opt": {
    "noise_1": 0.6168309894204727,
    "noise_2": 0.6103506217555412
  }
}