{
  "El": {
    "El_max_subth_long_square": {
      "dependencies": null, 
      "value": -0.07135311889648441
    }, 
    "El_noise": {
      "measured": {
        "dependencies": null, 
        "list": [
          -0.0711939926147461, 
          -0.07042014312744141, 
          -0.07034796905517579
        ], 
        "mean": -0.070654034932454438
      }
    }, 
    "El_ramp": {
      "dependencies": null, 
      "value": -0.0729215927124023
    }, 
    "El_suprathreshold_blip": {
      "dependencies": null, 
      "value": -0.0705831680297852
    }, 
    "El_subthreshold_blip": {
      "dependencies": null, 
      "value": -0.0716855163574219
    }
  }, 
  "spike_cut_length": {
    "no deltaV shift": {
      "slope": 0.20758624907984119, 
      "length": 68.0, 
      "intercept": 0.014179757724425845, 
      "dependencies": null
    }
  }, 
  "threshold_adaptation": {
    "b_spike_component_of_threshold": 319.6574032135677, 
    "b_voltage_comp_of_thr_from_fitab": 250.24126633633827, 
    "b_voltage_comp_of_thr_from_fitabth": 1010.869320501462, 
    "a_voltage_comp_of_thr_from_fitab": 61.272477426142586, 
    "a_spike_component_of_threshold": 0.0010234369582771653, 
    "a_voltage_comp_of_thr_from_fitabth": 852.5345960479367
  }, 
  "th_inf": {
    "via_Vmeasure": {
      "from_zero": 0.024775235834280783, 
      "dependencies": "measured from suprathreshold blip", 
      "value": -0.045807932195504421
    }, 
    "fit_with_v_comp_of_th": {
      "from_zero": 0.006054939997413869, 
      "value": -0.064599094935040569
    }
  }, 
  "resistance": {
    "R_test_list": {
      "list": [
        114728557.31423992, 
        112690444.41073835, 
        115173484.62550458
      ], 
      "mean": 114197495.45016094
    }, 
    "R_fit_ASC_and_R": {
      "list": [
        99241680.73319747, 
        106412365.0068619, 
        107343037.70195185
      ], 
      "mean": 104332361.14733708
    }, 
    "R_from_lims": {
      "value": 130312576.88999198
    }
  }, 
  "asc": {
    "amp": [
      -1.1890861030572035e-11, 
      -2.206127769000923e-10
    ], 
    "k": [
      3.0, 
      100.0
    ], 
    "dependencies": "Cap and res from least squares"
  }, 
  "capacitance": {
    "C_from_lims": {
      "value": 8.917627423393756e-11
    }, 
    "C_test_list": {
      "list": [
        7.8193961791831265e-11, 
        7.3334746080255952e-11, 
        7.5931918779772551e-11
      ], 
      "mean": 7.5820208883953256e-11
    }
  }, 
  "MLIN": {
    "tau_from_AC": 0.062480049078078762, 
    "sv_for_expsymm": 0.0004674428216720308, 
    "var_of_section": 4.3700558306542005e-07
  }, 
  "sweep_properties": {
    "multi_short_square": {
      "sweep_num": [
        72, 
        73, 
        74, 
        76, 
        77, 
        78, 
        79, 
        80, 
        81, 
        82, 
        83, 
        84, 
        85, 
        86, 
        87, 
        88, 
        89, 
        90, 
        91, 
        92, 
        93, 
        94, 
        95
      ]
    }, 
    "noise1": {
      "1": {
        "sweep_num": 53, 
        "El": -0.0711939926147461, 
        "spike_ind": [
          200883, 
          201472, 
          202408, 
          202957, 
          203679, 
          204589, 
          218701, 
          220980, 
          222973, 
          223837, 
          224699, 
          241018, 
          243223, 
          244673, 
          360594, 
          360861, 
          361312, 
          361734, 
          362325, 
          362718, 
          363137, 
          363513, 
          363819, 
          364346, 
          364670, 
          365872, 
          366579, 
          367876, 
          368547, 
          369187, 
          375199, 
          376366, 
          377102, 
          377960, 
          378582, 
          380883, 
          382410, 
          382894, 
          383523, 
          384381, 
          384726, 
          387941, 
          389463, 
          395215, 
          396397, 
          397132, 
          397989, 
          398614, 
          400888, 
          402539, 
          402976, 
          403564, 
          404386, 
          404738, 
          407948, 
          409454, 
          415258, 
          416463, 
          418104, 
          418721
        ]
      }, 
      "3": {
        "sweep_num": 57, 
        "El": -0.07034796905517579, 
        "spike_ind": [
          200896, 
          201472, 
          202465, 
          202978, 
          203573, 
          204497, 
          207950, 
          218694, 
          220931, 
          222892, 
          223788, 
          224671, 
          238674, 
          240964, 
          242971, 
          243789, 
          244667, 
          258776, 
          360585, 
          360853, 
          361311, 
          361720, 
          362313, 
          362707, 
          363139, 
          363502, 
          363805, 
          364329, 
          364655, 
          365879, 
          366536, 
          367591, 
          368327, 
          369136, 
          373132, 
          374757, 
          375311, 
          376388, 
          377108, 
          377972, 
          378545, 
          380840, 
          381435, 
          382394, 
          382889, 
          383510, 
          384389, 
          384720, 
          387891, 
          389216, 
          394772, 
          396371, 
          397086, 
          397973, 
          398515, 
          400849, 
          401466, 
          402413, 
          402894, 
          403523, 
          404378, 
          404725, 
          407887, 
          409202, 
          415217, 
          416430, 
          417128, 
          417993, 
          418541
        ]
      }, 
      "2": {
        "sweep_num": 55, 
        "El": -0.07042014312744141, 
        "spike_ind": [
          200843, 
          201423, 
          202407, 
          202941, 
          203544, 
          204487, 
          218159, 
          220948, 
          222867, 
          223750, 
          224636, 
          238532, 
          240954, 
          243592, 
          244708, 
          360576, 
          360847, 
          361304, 
          361731, 
          362327, 
          362714, 
          363149, 
          363514, 
          363846, 
          364340, 
          364656, 
          365872, 
          366536, 
          367584, 
          368353, 
          369135, 
          373132, 
          374770, 
          376359, 
          377089, 
          377975, 
          378558, 
          380851, 
          381454, 
          382543, 
          382956, 
          383532, 
          384376, 
          384718, 
          387928, 
          389192, 
          393193, 
          395209, 
          396395, 
          397178, 
          397990, 
          398586, 
          400871, 
          401524, 
          402740, 
          403277, 
          403784, 
          404395, 
          404750, 
          407942, 
          409443, 
          414792, 
          416392, 
          417118, 
          418021, 
          418669
        ]
      }, 
      "5": {
        "sweep_num": null, 
        "El": null, 
        "spike_ind": null
      }, 
      "4": {
        "sweep_num": null, 
        "El": null, 
        "spike_ind": null
      }
    }, 
    "ramp": {
      "sweep_num": [
        6
      ]
    }, 
    "max_subthresh_long_square": {
      "sweep_num": [
        44
      ]
    }, 
    "suprathreshold_short_square": {
      "R_testpulsesweep_num": [
        16
      ]
    }, 
    "subthreshold_short_square": {
      "sweep_num": [
        22, 
        23
      ]
    }
  }, 
  "spike_cutting": {
    "NOdeltaV": {
      "slope": 0.20758624907984119, 
      "intercept": 0.014179757724425845, 
      "cut_length": 68.0, 
      "dependencies": null
    }
  }, 
  "dt_used_for_preprocessor_calculations": 5e-05
}