{
  "model_spike_times_same_across_sweeps": {
    "n1": 1,
    "n2": 1
  },
  "run_model_spike_times_match_database": {
    "n2": true
  },
  "n2_after_opt_sanitycheck": 0.5097234518722473,
  "after_opt": {
    "noise_1": 0.3806517944154042,
    "noise_2": 0.509731227192948
  },
  "before_opt": {
    "noise_1": 0.3795860844247289,
    "noise_2": 0.5131682857923663
  }
}