{
  "model_spike_times_same_across_sweeps": {
    "n1": 1,
    "n2": 1
  },
  "run_model_spike_times_match_database": {
    "n2": true
  },
  "n2_after_opt_sanitycheck": 0.8130024955431499,
  "after_opt": {
    "noise_1": 0.818146252713329,
    "noise_2": 0.813006629746024
  },
  "before_opt": {
    "noise_1": 0.8464578705663114,
    "noise_2": 0.8175588118986459
  }
}