{
  "model_spike_times_same_across_sweeps": {
    "n1": 1,
    "n2": 1
  },
  "run_model_spike_times_match_database": {
    "n2": true
  },
  "n2_after_opt_sanitycheck": 0.7688807065932592,
  "after_opt": {
    "noise_1": 0.3934690650800094,
    "noise_2": 0.768847294201572
  },
  "before_opt": {
    "noise_1": 0.5544603376647183,
    "noise_2": 0.6005377575904277
  }
}