{
  "model_spike_times_same_across_sweeps": {
    "n1": 1,
    "n2": 1
  },
  "run_model_spike_times_match_database": {
    "n2": true
  },
  "n2_after_opt_sanitycheck": 0.6753351520851631,
  "after_opt": {
    "noise_1": 0.6480150172843517,
    "noise_2": 0.675342300547699
  },
  "before_opt": {
    "noise_1": 0.4555856687090857,
    "noise_2": 0.5157521331703705
  }
}