{
  "model_spike_times_same_across_sweeps": {
    "n1": 1,
    "n2": 1
  },
  "run_model_spike_times_match_database": {
    "n2": true
  },
  "n2_after_opt_sanitycheck": 0.98681697024083,
  "after_opt": {
    "noise_1": 0.9881074757338947,
    "noise_2": 0.986816570411528
  },
  "before_opt": {
    "noise_1": 0.9649368551711908,
    "noise_2": 0.9645909249297107
  }
}