{
  "model_spike_times_same_across_sweeps": {
    "n1": 1,
    "n2": 1
  },
  "run_model_spike_times_match_database": {
    "n2": true
  },
  "n2_after_opt_sanitycheck": 0.983007233663777,
  "after_opt": {
    "noise_1": 0.9873858275479971,
    "noise_2": 0.983005736759717
  },
  "before_opt": {
    "noise_1": 0.9878908591128778,
    "noise_2": 0.9826789767573623
  }
}