{
  "model_spike_times_same_across_sweeps": {
    "n1": 1,
    "n2": 1
  },
  "run_model_spike_times_match_database": {
    "n2": true
  },
  "n2_after_opt_sanitycheck": 0.685229402424759,
  "after_opt": {
    "noise_1": 0.7284972806256251,
    "noise_2": 0.685232525094639
  },
  "before_opt": {
    "noise_1": 0.5980586060525839,
    "noise_2": 0.6190972579475005
  }
}