{
  "El": {
    "El_max_subth_long_square": {
      "dependencies": null, 
      "value": -0.0678028030395508
    }, 
    "El_noise": {
      "measured": {
        "dependencies": null, 
        "list": [
          -0.0683239364624023, 
          -0.06703875732421881, 
          -0.0673665618896484
        ], 
        "mean": -0.067576418558756499
      }
    }, 
    "El_ramp": {
      "dependencies": null, 
      "value": -0.06683978271484381
    }, 
    "El_suprathreshold_blip": {
      "dependencies": null, 
      "value": -0.06727394866943359
    }, 
    "El_subthreshold_blip": {
      "dependencies": null, 
      "value": -0.07009651947021481
    }
  }, 
  "spike_cut_length": {
    "no deltaV shift": {
      "slope": 0.24876464973396845, 
      "length": 110.0, 
      "intercept": 0.0078438073124358614, 
      "dependencies": null
    }
  }, 
  "threshold_adaptation": {
    "b_spike_component_of_threshold": 258.20168982951924, 
    "b_voltage_comp_of_thr_from_fitab": 68.932557640753458, 
    "b_voltage_comp_of_thr_from_fitabth": 139.41774543161614, 
    "a_voltage_comp_of_thr_from_fitab": 28.336333595103202, 
    "a_spike_component_of_threshold": 0.0028581139433669351, 
    "a_voltage_comp_of_thr_from_fitabth": 100.82946837730674
  }, 
  "th_inf": {
    "via_Vmeasure": {
      "from_zero": 0.022221708372829989, 
      "dependencies": "measured from suprathreshold blip", 
      "value": -0.045052240296603603
    }, 
    "fit_with_v_comp_of_th": {
      "from_zero": 0.014551191576164357, 
      "value": -0.053025226982592141
    }
  }, 
  "resistance": {
    "R_test_list": {
      "list": [
        314466495.01361912, 
        298625666.84343672, 
        295878678.11566412
      ], 
      "mean": 302990279.99090666
    }, 
    "R_fit_ASC_and_R": {
      "list": [
        296346104.12349385, 
        324798644.5237488, 
        325926435.6293908
      ], 
      "mean": 315690394.75887781
    }, 
    "R_from_lims": {
      "value": 332477658.987045
    }
  }, 
  "asc": {
    "amp": [
      -4.9620878083600485e-12, 
      -7.738444329386878e-10
    ], 
    "k": [
      3.0, 
      300.0
    ], 
    "dependencies": "Cap and res from least squares"
  }, 
  "capacitance": {
    "C_from_lims": {
      "value": 7.846817462416431e-11
    }, 
    "C_test_list": {
      "list": [
        7.040347054259924e-11, 
        7.3637376188270302e-11, 
        9.4744995534248307e-11
      ], 
      "mean": 7.9595280755039274e-11
    }
  }, 
  "MLIN": {
    "tau_from_AC": 0.021762009466536534, 
    "sv_for_expsymm": 0.00053380223878219453, 
    "var_of_section": 5.6988966025776612e-07
  }, 
  "sweep_properties": {
    "multi_short_square": {
      "sweep_num": [
        74, 
        76, 
        78, 
        79, 
        80, 
        81, 
        83, 
        84, 
        86, 
        87, 
        88, 
        89, 
        90, 
        91, 
        92, 
        93, 
        94
      ]
    }, 
    "noise1": {
      "1": {
        "sweep_num": 50, 
        "El": -0.0683239364624023, 
        "spike_ind": [
          200989, 
          201807, 
          202783, 
          203737, 
          204786, 
          206782, 
          209655, 
          221184, 
          222992, 
          224778, 
          238840, 
          244831, 
          360788, 
          361157, 
          361832, 
          362564, 
          363152, 
          363747, 
          364501, 
          364985, 
          366003, 
          367722, 
          368571, 
          369466, 
          376494, 
          378023, 
          378782, 
          380943, 
          382638, 
          383561, 
          384597, 
          388569, 
          395347, 
          398224, 
          401002, 
          402744, 
          403623, 
          404693, 
          416640, 
          418184
        ]
      }, 
      "3": {
        "sweep_num": 54, 
        "El": -0.0673665618896484, 
        "spike_ind": [
          201044, 
          202041, 
          203139, 
          204622, 
          218481, 
          221665, 
          223841, 
          238634, 
          241581, 
          243733, 
          360810, 
          361184, 
          361844, 
          362556, 
          363163, 
          363742, 
          364476, 
          365011, 
          365967, 
          366829, 
          367938, 
          368707, 
          369615, 
          373277, 
          374883, 
          376471, 
          378095, 
          380975, 
          381908, 
          382846, 
          383580, 
          384616, 
          388468, 
          389533, 
          396609, 
          398198, 
          401076, 
          402891, 
          403841, 
          404741, 
          409495, 
          416645, 
          418812
        ]
      }, 
      "2": {
        "sweep_num": 52, 
        "El": -0.06703875732421881, 
        "spike_ind": [
          200998, 
          202120, 
          203157, 
          204053, 
          204820, 
          206744, 
          208392, 
          218778, 
          221467, 
          223288, 
          224735, 
          238433, 
          243800, 
          258838, 
          360770, 
          361108, 
          361689, 
          362416, 
          362937, 
          363545, 
          364379, 
          364875, 
          365897, 
          366802, 
          367824, 
          368568, 
          369373, 
          372254, 
          373646, 
          375192, 
          376569, 
          378185, 
          380964, 
          382802, 
          383619, 
          384678, 
          388570, 
          395645, 
          397416, 
          398688, 
          400976, 
          402825, 
          403785, 
          404684, 
          416556, 
          418280
        ]
      }, 
      "5": {
        "sweep_num": null, 
        "El": null, 
        "spike_ind": null
      }, 
      "4": {
        "sweep_num": null, 
        "El": null, 
        "spike_ind": null
      }
    }, 
    "ramp": {
      "sweep_num": [
        4, 
        5, 
        6
      ]
    }, 
    "max_subthresh_long_square": {
      "sweep_num": [
        42
      ]
    }, 
    "suprathreshold_short_square": {
      "R_testpulsesweep_num": [
        10
      ]
    }, 
    "subthreshold_short_square": {
      "sweep_num": [
        15
      ]
    }
  }, 
  "spike_cutting": {
    "NOdeltaV": {
      "slope": 0.24876464973396845, 
      "intercept": 0.0078438073124358614, 
      "cut_length": 110.0, 
      "dependencies": null
    }
  }, 
  "dt_used_for_preprocessor_calculations": 5e-05
}