{
  "model_spike_times_same_across_sweeps": {
    "n1": 1,
    "n2": 1
  },
  "run_model_spike_times_match_database": {
    "n2": true
  },
  "n2_after_opt_sanitycheck": 0.6522428392539311,
  "after_opt": {
    "noise_1": 0.6469009513528078,
    "noise_2": 0.652243594303579
  },
  "before_opt": {
    "noise_1": 0.5232892357312914,
    "noise_2": 0.555064225685681
  }
}