{
  "model_spike_times_same_across_sweeps": {
    "n1": 1,
    "n2": 1
  },
  "run_model_spike_times_match_database": {
    "n2": true
  },
  "n2_after_opt_sanitycheck": 0.9062071143236778,
  "after_opt": {
    "noise_1": 0.8932618123848683,
    "noise_2": 0.906211799678454
  },
  "before_opt": {
    "noise_1": 0.8671130266160318,
    "noise_2": 0.7953463976537429
  }
}