{
  "noise1": {
    "RSS_of_voltage_diff": 733.8517870815788,
    "var_of_voltage_difference": 3.263195036345024e-05,
    "var_of_voltage_data": 0.00010815986118488616,
    "num_data_points_wo_spike_shape": 22389224
  },
  "noise2": {
    "RSS_of_voltage_diff": 716.7936745510973,
    "var_of_voltage_difference": 3.054563733841983e-05,
    "var_of_voltage_data": 0.00010411368621109544,
    "num_data_points_wo_spike_shape": 22387729
  }
}