{
  "model_spike_times_same_across_sweeps": {
    "n1": 1,
    "n2": 1
  },
  "run_model_spike_times_match_database": {
    "n2": true
  },
  "n2_after_opt_sanitycheck": 0.7102371553379718,
  "after_opt": {
    "noise_1": 0.7782624571834417,
    "noise_2": 0.710231571302086
  },
  "before_opt": {
    "noise_1": 0.6537229058451748,
    "noise_2": 0.6323905988555685
  }
}