{
  "model_spike_times_same_across_sweeps": {
    "n1": 1,
    "n2": 1
  },
  "run_model_spike_times_match_database": {
    "n2": true
  },
  "n2_after_opt_sanitycheck": 0.9442614818893532,
  "after_opt": {
    "noise_1": 0.9353213702175991,
    "noise_2": 0.944259045778824
  },
  "before_opt": {
    "noise_1": 0.9593942663516,
    "noise_2": 0.9646033433066746
  }
}