{
  "El_reference": -0.07626149749755858, 
  "C": 3.8519517592291665e-11, 
  "asc_amp_array": [
    -2.438850719586669e-12, 
    -2.19122322052816e-11
  ], 
  "init_threshold": 0.032574554417407586, 
  "threshold_reset_method": {
    "params": {
      "a_spike": 0.0004925292169476328, 
      "b_spike": 92.05558444303405
    }, 
    "name": "three_components"
  }, 
  "th_inf": 0.032574554417407586, 
  "spike_cut_length": 37, 
  "init_AScurrents": [
    0.0, 
    0.0
  ], 
  "init_voltage": 0.0, 
  "threshold_dynamics_method": {
    "params": {
      "b_voltage": 0, 
      "a_spike": 0.0004925292169476328, 
      "b_spike": 92.05558444303405, 
      "a_voltage": 0
    }, 
    "name": "spike_component"
  }, 
  "voltage_reset_method": {
    "params": {
      "a": 0.17048928107995698, 
      "b": 0.008775924667908132
    }, 
    "name": "v_before"
  }, 
  "extrapolation_method_name": "endpoints", 
  "dt": 5e-05, 
  "voltage_dynamics_method": {
    "params": {}, 
    "name": "linear_forward_euler"
  }, 
  "El": 0.0, 
  "asc_tau_array": [
    0.3333333333333333, 
    0.01
  ], 
  "R_input": 217211094.48047405, 
  "AScurrent_dynamics_method": {
    "params": {}, 
    "name": "none"
  }, 
  "AScurrent_reset_method": {
    "params": {}, 
    "name": "none"
  }, 
  "dt_multiplier": 10, 
  "th_adapt": null, 
  "coeffs": {
    "a": 1, 
    "C": 1, 
    "b": 1, 
    "G": 1, 
    "th_inf": 1.1682311601457656, 
    "asc_amp_array": [
      1.0, 
      1.0
    ]
  }, 
  "type": "GLIF"
}