{
  "model_spike_times_same_across_sweeps": {
    "n1": 1,
    "n2": 1
  },
  "run_model_spike_times_match_database": {
    "n2": true
  },
  "n2_after_opt_sanitycheck": 0.4615536092372856,
  "after_opt": {
    "noise_1": 0.5250006477426272,
    "noise_2": 0.461591565887322
  },
  "before_opt": {
    "noise_1": 0.34237033923755417,
    "noise_2": 0.17544582415296478
  }
}