{
  "model_spike_times_same_across_sweeps": {
    "n1": 1,
    "n2": 1
  },
  "run_model_spike_times_match_database": {
    "n2": true
  },
  "n2_after_opt_sanitycheck": 0.6766398591348686,
  "after_opt": {
    "noise_1": 0.6781442691690535,
    "noise_2": 0.676669083947772
  },
  "before_opt": {
    "noise_1": 0.37452151581985266,
    "noise_2": 0.14962745698961216
  }
}