{
  "model_spike_times_same_across_sweeps": {
    "n1": 1,
    "n2": 1
  },
  "run_model_spike_times_match_database": {
    "n2": true
  },
  "n2_after_opt_sanitycheck": 0.8023391951029921,
  "after_opt": {
    "noise_1": 0.7942892484376693,
    "noise_2": 0.802321004376069
  },
  "before_opt": {
    "noise_1": 0.7363475535901475,
    "noise_2": 0.7434843783418325
  }
}