{
  "model_spike_times_same_across_sweeps": {
    "n1": 1,
    "n2": 1
  },
  "run_model_spike_times_match_database": {
    "n2": true
  },
  "n2_after_opt_sanitycheck": 0.920413143730646,
  "after_opt": {
    "noise_1": 0.9289923094950318,
    "noise_2": 0.920417997596475
  },
  "before_opt": {
    "noise_1": 0.9188919806544423,
    "noise_2": 0.9209280708032118
  }
}