{
  "El": {
    "El_max_subth_long_square": {
      "dependencies": null, 
      "value": -0.07335311126708981
    }, 
    "El_noise": {
      "measured": {
        "dependencies": null, 
        "list": [
          -0.07304189300537109, 
          -0.0729400024414062, 
          -0.07316565704345701
        ], 
        "mean": -0.073049184163411426
      }
    }, 
    "El_ramp": {
      "dependencies": null, 
      "value": -0.07265268707275391
    }, 
    "El_suprathreshold_blip": {
      "dependencies": null, 
      "value": -0.07317404174804691
    }, 
    "El_subthreshold_blip": {
      "dependencies": null, 
      "value": -0.0737544937133789
    }
  }, 
  "spike_cut_length": {
    "no deltaV shift": {
      "slope": 0.9831052477150013, 
      "length": 52.0, 
      "intercept": -0.015394347765031346, 
      "dependencies": null
    }
  }, 
  "threshold_adaptation": {
    "b_spike_component_of_threshold": 33.111789180144022, 
    "b_voltage_comp_of_thr_from_fitab": 29.405963635244731, 
    "b_voltage_comp_of_thr_from_fitabth": 138.11297949964489, 
    "a_voltage_comp_of_thr_from_fitab": 3.8798432251721056, 
    "a_spike_component_of_threshold": 0.0012023468247352638, 
    "a_voltage_comp_of_thr_from_fitabth": 73.244249882498764
  }, 
  "th_inf": {
    "via_Vmeasure": {
      "from_zero": 0.023976208163900649, 
      "dependencies": "measured from suprathreshold blip", 
      "value": -0.049197833584146262
    }, 
    "fit_with_v_comp_of_th": {
      "from_zero": 0.013928221697033658, 
      "value": -0.059120962466377769
    }
  }, 
  "resistance": {
    "R_test_list": {
      "list": [
        212843025.94326121, 
        213398052.80253032, 
        212838784.44609499
      ], 
      "mean": 213026621.06396219
    }, 
    "R_fit_ASC_and_R": {
      "list": [
        223410281.8987187, 
        231163630.1033461, 
        224936282.60461894
      ], 
      "mean": 226503398.20222792
    }, 
    "R_from_lims": {
      "value": 192812457.680702
    }
  }, 
  "asc": {
    "amp": [
      -5.1754992862776374e-11, 
      1.306232191694733e-10
    ], 
    "k": [
      29.999999999999996, 
      300.0
    ], 
    "dependencies": "Cap and res from least squares"
  }, 
  "capacitance": {
    "C_from_lims": {
      "value": 1.0941771754745463e-10
    }, 
    "C_test_list": {
      "list": [
        7.9654939036326417e-11, 
        7.8079547512887878e-11, 
        7.5686093143385089e-11
      ], 
      "mean": 7.7806859897533128e-11
    }
  }, 
  "MLIN": {
    "tau_from_AC": 0.049776235309008543, 
    "sv_for_expsymm": 0.00015679719064059041, 
    "var_of_section": 4.917071798556331e-08
  }, 
  "sweep_properties": {
    "multi_short_square": {
      "sweep_num": [
        56, 
        57, 
        58, 
        59, 
        60, 
        61, 
        62, 
        63, 
        64, 
        65, 
        66, 
        67, 
        68, 
        69, 
        70, 
        72, 
        74, 
        75, 
        76, 
        77, 
        78, 
        79
      ]
    }, 
    "noise1": {
      "1": {
        "sweep_num": 40, 
        "El": -0.07304189300537109, 
        "spike_ind": [
          201121, 
          202711, 
          203658, 
          204640, 
          206147, 
          207942, 
          209485, 
          213916, 
          216349, 
          218043, 
          220964, 
          222556, 
          223582, 
          224620, 
          226613, 
          228535, 
          233892, 
          236377, 
          237996, 
          240941, 
          242544, 
          243558, 
          244649, 
          246548, 
          248541, 
          254520, 
          256429, 
          258145, 
          360832, 
          361303, 
          361846, 
          362429, 
          362878, 
          363409, 
          363776, 
          364331, 
          364662, 
          365108, 
          365856, 
          366573, 
          367397, 
          367922, 
          368535, 
          369182, 
          370404, 
          371849, 
          373078, 
          373860, 
          374740, 
          375333, 
          376103, 
          376823, 
          377528, 
          378111, 
          378595, 
          379484, 
          380731, 
          381066, 
          381754, 
          382389, 
          382886, 
          383470, 
          384111, 
          384602, 
          385305, 
          385985, 
          386849, 
          387826, 
          388529, 
          389218, 
          390461, 
          391892, 
          393120, 
          394256, 
          395112, 
          396075, 
          396817, 
          397676, 
          398185, 
          398713, 
          400514, 
          400958, 
          401528, 
          402353, 
          402880, 
          403446, 
          404107, 
          404605, 
          405550, 
          406201, 
          407360, 
          408019, 
          409009, 
          410461, 
          411927, 
          413112, 
          413938, 
          414793, 
          415544, 
          416378, 
          417078, 
          417914, 
          418489, 
          419445
        ]
      }, 
      "3": {
        "sweep_num": 44, 
        "El": -0.07316565704345701, 
        "spike_ind": [
          201021, 
          202434, 
          203398, 
          204413, 
          205882, 
          207880, 
          209368, 
          213864, 
          216101, 
          217923, 
          220912, 
          222378, 
          223271, 
          224423, 
          225929, 
          227960, 
          229438, 
          233929, 
          236346, 
          237977, 
          240920, 
          242391, 
          243241, 
          244398, 
          245897, 
          247893, 
          249407, 
          253841, 
          256117, 
          257726, 
          258770, 
          360778, 
          361239, 
          361716, 
          362319, 
          362738, 
          363154, 
          363550, 
          363871, 
          364368, 
          364697, 
          365331, 
          365912, 
          366568, 
          367379, 
          367930, 
          368478, 
          369125, 
          370058, 
          371639, 
          372617, 
          373450, 
          374276, 
          375066, 
          375827, 
          376399, 
          377072, 
          377904, 
          378398, 
          379414, 
          380683, 
          381031, 
          381747, 
          382375, 
          382890, 
          383433, 
          383794, 
          384365, 
          384720, 
          385577, 
          386160, 
          386878, 
          387618, 
          388249, 
          389033, 
          390071, 
          391800, 
          393059, 
          393822, 
          394558, 
          395246, 
          396107, 
          396603, 
          397212, 
          397953, 
          398446, 
          399430, 
          400696, 
          401048, 
          401743, 
          402382, 
          402868, 
          403416, 
          403823, 
          404390, 
          404750, 
          405821, 
          406541, 
          407537, 
          408235, 
          409041, 
          410064, 
          411860, 
          413060, 
          413863, 
          414760, 
          415532, 
          416342, 
          417064, 
          417917, 
          418437, 
          419443
        ]
      }, 
      "2": {
        "sweep_num": 42, 
        "El": -0.0729400024414062,