{
  "model_spike_times_same_across_sweeps": {
    "n1": 1,
    "n2": 1
  },
  "run_model_spike_times_match_database": {
    "n2": true
  },
  "n2_after_opt_sanitycheck": 0.6596404910314326,
  "after_opt": {
    "noise_1": 0.6856346294956226,
    "noise_2": 0.659580561537201
  },
  "before_opt": {
    "noise_1": 0.689316247296758,
    "noise_2": 0.6374652844720208
  }
}