{
  "model_spike_times_same_across_sweeps": {
    "n1": 1,
    "n2": 1
  },
  "run_model_spike_times_match_database": {
    "n2": true
  },
  "n2_after_opt_sanitycheck": 0.4446303954887907,
  "after_opt": {
    "noise_1": 0.4572018882530205,
    "noise_2": 0.444548806744809
  },
  "before_opt": {
    "noise_1": 0.4845369624240671,
    "noise_2": 0.7016387257821306
  }
}