{
  "El_reference": -0.07824417686462402, 
  "C": 6.331386958066576e-11, 
  "asc_amp_array": [
    -3.765848329818305e-11, 
    -2.040569721827713e-10
  ], 
  "init_threshold": 0.03866977880243074, 
  "threshold_reset_method": {
    "params": {
      "a_spike": 0.002772588737123441, 
      "b_spike": 146.45714131463538
    }, 
    "name": "three_components"
  }, 
  "th_inf": 0.03866977880243074, 
  "spike_cut_length": 56, 
  "init_AScurrents": [
    0.0, 
    0.0
  ], 
  "init_voltage": 0.0, 
  "threshold_dynamics_method": {
    "params": {
      "b_voltage": 0, 
      "a_spike": 0.002772588737123441, 
      "b_spike": 146.45714131463538, 
      "a_voltage": 0
    }, 
    "name": "spike_component"
  }, 
  "voltage_reset_method": {
    "params": {
      "a": 0.418704951190159, 
      "b": 0.014988180132405316
    }, 
    "name": "v_before"
  }, 
  "extrapolation_method_name": "endpoints", 
  "dt": 5e-05, 
  "voltage_dynamics_method": {
    "params": {}, 
    "name": "linear_forward_euler"
  }, 
  "El": 0.0, 
  "asc_tau_array": [
    0.1, 
    0.01
  ], 
  "R_input": 195945883.55671418, 
  "AScurrent_dynamics_method": {
    "params": {}, 
    "name": "exp"
  }, 
  "AScurrent_reset_method": {
    "params": {
      "r": [
        1.0, 
        1.0
      ]
    }, 
    "name": "sum"
  }, 
  "dt_multiplier": 10, 
  "th_adapt": null, 
  "coeffs": {
    "a": 1, 
    "C": 1, 
    "b": 1, 
    "G": 1, 
    "th_inf": 1.0310309351967764, 
    "asc_amp_array": [
      1.0, 
      1.0
    ]
  }, 
  "type": "GLIF"
}