{
  "model_spike_times_same_across_sweeps": {
    "n1": 1,
    "n2": 1
  },
  "run_model_spike_times_match_database": {
    "n2": true
  },
  "n2_after_opt_sanitycheck": 0.8944175834145672,
  "after_opt": {
    "noise_1": 0.8633507863995462,
    "noise_2": 0.894416689172428
  },
  "before_opt": {
    "noise_1": 0.6574916248224693,
    "noise_2": 0.7094231048056797
  }
}