{
  "noise1": {
    "RSS_of_voltage_diff": 35.01143313064422,
    "var_of_voltage_difference": 6.078914037131397e-06,
    "var_of_voltage_data": 6.463283892796311e-05,
    "num_data_points_wo_spike_shape": 5594156
  },
  "noise2": {
    "RSS_of_voltage_diff": 35.803195401794014,
    "var_of_voltage_difference": 6.222680453204099e-06,
    "var_of_voltage_data": 6.4071899570349e-05,
    "num_data_points_wo_spike_shape": 5594248
  }
}