{
  "El": {
    "El_max_subth_long_square": {
      "dependencies": null, 
      "value": -0.08002598571777339
    }, 
    "El_noise": {
      "measured": {
        "dependencies": null, 
        "list": [
          -0.08005417633056641, 
          -0.0797192306518555
        ], 
        "mean": -0.079886703491210964
      }
    }, 
    "El_ramp": {
      "dependencies": null, 
      "value": -0.08218482208251951
    }, 
    "El_suprathreshold_blip": {
      "dependencies": null, 
      "value": -0.08089553833007809
    }, 
    "El_subthreshold_blip": {
      "dependencies": null, 
      "value": -0.08201970672607421
    }
  }, 
  "spike_cut_length": {
    "no deltaV shift": {
      "slope": 0.70530930567037109, 
      "length": 67.0, 
      "intercept": 0.0029365185173354479, 
      "dependencies": null
    }
  }, 
  "threshold_adaptation": {
    "b_spike_component_of_threshold": null, 
    "b_voltage_comp_of_thr_from_fitab": null, 
    "b_voltage_comp_of_thr_from_fitabth": null, 
    "a_voltage_comp_of_thr_from_fitab": null, 
    "a_spike_component_of_threshold": null, 
    "a_voltage_comp_of_thr_from_fitabth": null
  }, 
  "th_inf": {
    "via_Vmeasure": {
      "from_zero": 0.023387522740736702, 
      "dependencies": "measured from suprathreshold blip", 
      "value": -0.057508015589341391
    }, 
    "fit_with_v_comp_of_th": {
      "from_zero": null, 
      "value": null
    }
  }, 
  "resistance": {
    "R_test_list": {
      "list": [
        94432335.880726188, 
        93705529.725047097
      ], 
      "mean": 94068932.802886635
    }, 
    "R_fit_ASC_and_R": {
      "list": [
        94937807.88328472, 
        93253942.79230626
      ], 
      "mean": 94095875.337795496
    }, 
    "R_from_lims": {
      "value": 125669509.17244
    }
  }, 
  "asc": {
    "amp": [
      -1.0115019541422876e-11, 
      -9.759467476897152e-11
    ], 
    "k": [
      3.0, 
      29.999999999999996
    ], 
    "dependencies": "Cap and res from least squares"
  }, 
  "capacitance": {
    "C_from_lims": {
      "value": 1.0697194646066022e-10
    }, 
    "C_test_list": {
      "list": [
        9.7601586207122241e-11, 
        9.2499612252948096e-11
      ], 
      "mean": 9.5050599230035168e-11
    }
  }, 
  "MLIN": {
    "tau_from_AC": 0.013412116879752224, 
    "sv_for_expsymm": 0.0001874364830856859, 
    "var_of_section": 7.0264870383061259e-08
  }, 
  "sweep_properties": {
    "multi_short_square": {
      "sweep_num": null
    }, 
    "noise1": {
      "1": {
        "sweep_num": 66, 
        "El": -0.08005417633056641, 
        "spike_ind": [
          200894, 
          201605, 
          202803, 
          203582, 
          204510, 
          204877, 
          216482, 
          218132, 
          220918, 
          222828, 
          223607, 
          224526, 
          236501, 
          238143, 
          240911, 
          242834, 
          243603, 
          244494, 
          244874, 
          256546, 
          258099, 
          360530, 
          360720, 
          360920, 
          361396, 
          361810, 
          362354, 
          362748, 
          363188, 
          363534, 
          363857, 
          364365, 
          364654, 
          365891, 
          366473, 
          367425, 
          367885, 
          368372, 
          369063, 
          369476, 
          371890, 
          373126, 
          373715, 
          374523, 
          375164, 
          376112, 
          376461, 
          377091, 
          377948, 
          378290, 
          378752, 
          379462, 
          380625, 
          380911, 
          381446, 
          382368, 
          382780, 
          383214, 
          383580, 
          384362, 
          384667, 
          385898, 
          386517, 
          387584, 
          387928, 
          388570, 
          389109, 
          391903, 
          393123, 
          393770, 
          394754, 
          395227, 
          396145, 
          396499, 
          397087, 
          397949, 
          398492, 
          399452, 
          400682, 
          400926, 
          401473, 
          402366, 
          402793, 
          403234, 
          403640, 
          404371, 
          404669, 
          405905, 
          406572, 
          407599, 
          407954, 
          409079, 
          411901, 
          413137, 
          413944, 
          414781, 
          415229, 
          416173, 
          416563, 
          417105, 
          417957, 
          418548, 
          419452
        ]
      }, 
      "3": {
        "sweep_num": null, 
        "El": null, 
        "spike_ind": null
      }, 
      "2": {
        "sweep_num": 68, 
        "El": -0.0797192306518555, 
        "spike_ind": [
          200914, 
          202745, 
          203594, 
          204587, 
          218105, 
          218769, 
          220917, 
          222892, 
          223647, 
          224630, 
          236574, 
          238175, 
          240916, 
          242877, 
          243633, 
          244636, 
          256564, 
          258141, 
          258773, 
          360530, 
          360742, 
          360926, 
          361382, 
          361834, 
          362349, 
          362740, 
          363199, 
          363555, 
          363881, 
          364369, 
          364648, 
          364880, 
          365896, 
          366492, 
          367585, 
          367919, 
          368447, 
          369089, 
          369522, 
          371901, 
          373128, 
          373714, 
          374523, 
          375174, 
          376143, 
          376531, 
          377095, 
          377941, 
          378500, 
          379444, 
          380557, 
          380897, 
          381469, 
          382360, 
          382772, 
          383203, 
          383602, 
          384373, 
          384669, 
          385904, 
          386527, 
          387594, 
          387943, 
          389075, 
          389510, 
          391906, 
          393128, 
          393957, 
          394779, 
          395237, 
          396344, 
          397078, 
          397950, 
          398486, 
          399450, 
          400680, 
          400929, 
          401481, 
          402373, 
          402783, 
          403226, 
          403592, 
          404374, 
          404665, 
          405908, 
          406568, 
          407612, 
          407966, 
          409086, 
          409503, 
          411910, 
          413134, 
          413896, 
          414783, 
          415231, 
          416144, 
          416494, 
          417086, 
          417953, 
          418516, 
          419468
        ]
      }, 
      "5": {
        "sweep_num": null, 
        "El": null, 
        "spike_ind": null
      }, 
      "4": {
        "sweep_num": null, 
        "El": null, 
        "spike_ind": null
      }
    }, 
    "ramp": {
      "sweep_num": [
        4, 
        5, 
        6
      ]
    }, 
    "max_subthresh_long_square": {
      "sweep_num": [
        44
      ]
    }, 
    "suprathreshold_short_square": {
      "R_testpulsesweep_num": [
        17
      ]
    }, 
    "subthreshold_short_square": {
      "sweep_num": [
        22
      ]
    }
  }, 
  "spike_cutting": {
    "NOdeltaV": {
      "slope": 0.70530930567037109, 
      "intercept": 0.0029365185173354479, 
      "cut_length": 67.0, 
      "dependencies": null
    }
  }, 
  "dt_used_for_preprocessor_calculations": 5e-05
}