{
  "model_spike_times_same_across_sweeps": {
    "n1": 1,
    "n2": 1
  },
  "run_model_spike_times_match_database": {
    "n2": true
  },
  "n2_after_opt_sanitycheck": 0.7473884895725506,
  "after_opt": {
    "noise_1": 0.6693125023550452,
    "noise_2": 0.747384243081205
  },
  "before_opt": {
    "noise_1": 0.48514750683513336,
    "noise_2": 0.5098289174337645
  }
}