{
  "model_spike_times_same_across_sweeps": {
    "n1": 1,
    "n2": 1
  },
  "run_model_spike_times_match_database": {
    "n2": true
  },
  "n2_after_opt_sanitycheck": 0.639822139796761,
  "after_opt": {
    "noise_1": 0.5910448300037907,
    "noise_2": 0.639817921195934
  },
  "before_opt": {
    "noise_1": 0.6357563642557886,
    "noise_2": 0.6022709559194448
  }
}