{
  "model_spike_times_same_across_sweeps": {
    "n1": 1,
    "n2": 1
  },
  "run_model_spike_times_match_database": {
    "n2": true
  },
  "n2_after_opt_sanitycheck": 0.6713154219852507,
  "after_opt": {
    "noise_1": 0.6787002308364662,
    "noise_2": 0.671316255883358
  },
  "before_opt": {
    "noise_1": 0.4867827769781713,
    "noise_2": 0.511761089054153
  }
}