{
  "model_spike_times_same_across_sweeps": {
    "n1": 1,
    "n2": 1
  },
  "run_model_spike_times_match_database": {
    "n2": true
  },
  "n2_after_opt_sanitycheck": 0.6100777688774722,
  "after_opt": {
    "noise_1": 0.5950077889140645,
    "noise_2": 0.610099730118143
  },
  "before_opt": {
    "noise_1": 0.5974938440604256,
    "noise_2": 0.6452171840331515
  }
}