{
  "model_spike_times_same_across_sweeps": {
    "n1": 1,
    "n2": 1
  },
  "run_model_spike_times_match_database": {
    "n2": true
  },
  "n2_after_opt_sanitycheck": 0.7174822579287125,
  "after_opt": {
    "noise_1": 0.6435291700569229,
    "noise_2": 0.717490463548736
  },
  "before_opt": {
    "noise_1": 0.6184276758565159,
    "noise_2": 0.6643236594073582
  }
}