{
  "model_spike_times_same_across_sweeps": {
    "n1": 1,
    "n2": 1
  },
  "run_model_spike_times_match_database": {
    "n2": true
  },
  "n2_after_opt_sanitycheck": 0.7854163099661734,
  "after_opt": {
    "noise_1": 0.7619482398472195,
    "noise_2": 0.78540768782438
  },
  "before_opt": {
    "noise_1": 0.7520454039493986,
    "noise_2": 0.7341568931349818
  }
}