{
  "model_spike_times_same_across_sweeps": {
    "n1": 1,
    "n2": 1
  },
  "run_model_spike_times_match_database": {
    "n2": true
  },
  "n2_after_opt_sanitycheck": 0.9153650939386149,
  "after_opt": {
    "noise_1": 0.9199680339872441,
    "noise_2": 0.915370670352573
  },
  "before_opt": {
    "noise_1": 0.9287319226469423,
    "noise_2": 0.9197222782165131
  }
}