{
  "model_spike_times_same_across_sweeps": {
    "n1": 1,
    "n2": 1
  },
  "run_model_spike_times_match_database": {
    "n2": true
  },
  "n2_after_opt_sanitycheck": 0.6122288851465838,
  "after_opt": {
    "noise_1": 0.6430619643892264,
    "noise_2": 0.612201694245993
  },
  "before_opt": {
    "noise_1": 0.3963946637126811,
    "noise_2": 0.3914180559407997
  }
}