{
  "model_spike_times_same_across_sweeps": {
    "n1": 1,
    "n2": 1
  },
  "run_model_spike_times_match_database": {
    "n2": true
  },
  "n2_after_opt_sanitycheck": 0.9300105821678292,
  "after_opt": {
    "noise_1": 0.9216044922760286,
    "noise_2": 0.930005054413451
  },
  "before_opt": {
    "noise_1": 0.8545855511722455,
    "noise_2": 0.8385589865310109
  }
}