{
  "El_reference": -0.07621061515808104, 
  "C": 7.525285634446576e-11, 
  "asc_amp_array": [
    -4.1464093422941495e-11, 
    -2.3358896861193906e-10
  ], 
  "init_threshold": 0.034921337890498574, 
  "threshold_reset_method": {
    "params": {
      "a_spike": 0.0017014439059554328, 
      "b_spike": 45.38675672642644
    }, 
    "name": "three_components"
  }, 
  "th_inf": 0.034921337890498574, 
  "spike_cut_length": 54, 
  "init_AScurrents": [
    0.0, 
    0.0
  ], 
  "init_voltage": 0.0, 
  "threshold_dynamics_method": {
    "params": {
      "b_voltage": 0, 
      "a_spike": 0.0017014439059554328, 
      "b_spike": 45.38675672642644, 
      "a_voltage": 0
    }, 
    "name": "spike_component"
  }, 
  "voltage_reset_method": {
    "params": {
      "a": 0.8462434037704463, 
      "b": -0.004197335483974489
    }, 
    "name": "v_before"
  }, 
  "extrapolation_method_name": "endpoints", 
  "dt": 5e-05, 
  "voltage_dynamics_method": {
    "params": {}, 
    "name": "linear_forward_euler"
  }, 
  "El": 0.0, 
  "asc_tau_array": [
    0.1, 
    0.01
  ], 
  "R_input": 88874273.61211553, 
  "AScurrent_dynamics_method": {
    "params": {}, 
    "name": "none"
  }, 
  "AScurrent_reset_method": {
    "params": {}, 
    "name": "none"
  }, 
  "dt_multiplier": 10, 
  "th_adapt": null, 
  "coeffs": {
    "a": 1, 
    "C": 1, 
    "b": 1, 
    "G": 1, 
    "th_inf": 1.3288499727836292, 
    "asc_amp_array": [
      1.0, 
      1.0
    ]
  }, 
  "type": "GLIF"
}