{
  "model_spike_times_same_across_sweeps": {
    "n1": 1,
    "n2": 1
  },
  "run_model_spike_times_match_database": {
    "n2": true
  },
  "n2_after_opt_sanitycheck": 0.6667332709022731,
  "after_opt": {
    "noise_1": 0.6322076085030707,
    "noise_2": 0.666734793334123
  },
  "before_opt": {
    "noise_1": 0.6260214032430441,
    "noise_2": 0.6378804716470206
  }
}