{
  "El": {
    "El_max_subth_long_square": {
      "dependencies": null, 
      "value": -0.0771167221069336
    }, 
    "El_noise": {
      "measured": {
        "dependencies": null, 
        "list": [
          -0.07692108154296881, 
          -0.0779090042114258, 
          -0.07711801147460941, 
          -0.0771690139770508
        ], 
        "mean": -0.077279277801513696
      }
    }, 
    "El_ramp": {
      "dependencies": null, 
      "value": -0.07702545166015619
    }, 
    "El_suprathreshold_blip": {
      "dependencies": null, 
      "value": -0.0771553649902344
    }, 
    "El_subthreshold_blip": {
      "dependencies": null, 
      "value": -0.07737557983398441
    }
  }, 
  "spike_cut_length": {
    "no deltaV shift": {
      "slope": 0.41445566021749047, 
      "length": 128.0, 
      "intercept": 0.01343522543623869, 
      "dependencies": null
    }
  }, 
  "threshold_adaptation": {
    "b_spike_component_of_threshold": 2084.3946145094824, 
    "b_voltage_comp_of_thr_from_fitab": 104.8594240692878, 
    "b_voltage_comp_of_thr_from_fitabth": 120.89124324339016, 
    "a_voltage_comp_of_thr_from_fitab": 24.342209013739399, 
    "a_spike_component_of_threshold": 0.00025069043307101988, 
    "a_voltage_comp_of_thr_from_fitabth": 64.339222732896673
  }, 
  "th_inf": {
    "via_Vmeasure": {
      "from_zero": 0.031874910904032952, 
      "dependencies": "measured from suprathreshold blip", 
      "value": -0.045280454086201447
    }, 
    "fit_with_v_comp_of_th": {
      "from_zero": 0.0212727275256962, 
      "value": -0.056006550275817496
    }
  }, 
  "resistance": {
    "R_test_list": {
      "list": [
        158899442.00583744, 
        137234101.27082846, 
        134194431.61144693, 
        132344197.13619336
      ], 
      "mean": 140668043.00607654
    }, 
    "R_fit_ASC_and_R": {
      "list": [
        183273680.36615106, 
        151891858.92535707, 
        151005917.95381722, 
        146185936.60060918
      ], 
      "mean": 158089348.46148363
    }, 
    "R_from_lims": {
      "value": 105000078.678131
    }
  }, 
  "asc": {
    "amp": [
      -4.2098540951655035e-11, 
      -2.5457319663309446e-10
    ], 
    "k": [
      10.0, 
      100.0
    ], 
    "dependencies": "Cap and res from least squares"
  }, 
  "capacitance": {
    "C_from_lims": {
      "value": 2.1518565651790978e-10
    }, 
    "C_test_list": {
      "list": [
        1.7413446383544492e-10, 
        1.6732780588658929e-10, 
        1.6322474625125724e-10, 
        1.6285061278663266e-10
      ], 
      "mean": 1.6688440718998101e-10
    }
  }, 
  "MLIN": {
    "tau_from_AC": 0.057376938117128413, 
    "sv_for_expsymm": 0.00055992108762274782, 
    "var_of_section": 6.2702324872928175e-07
  }, 
  "sweep_properties": {
    "multi_short_square": {
      "sweep_num": [
        98, 
        99, 
        100, 
        101, 
        102, 
        103, 
        104, 
        105, 
        106, 
        107, 
        108, 
        109, 
        110, 
        111, 
        112, 
        113, 
        114, 
        115, 
        116, 
        117, 
        118
      ]
    }, 
    "noise1": {
      "1": {
        "sweep_num": 72, 
        "El": -0.07692108154296881, 
        "spike_ind": [
          202901, 
          204799, 
          208419, 
          216636, 
          221809, 
          224131, 
          237937, 
          242827, 
          244892, 
          258657, 
          361331, 
          362423, 
          363145, 
          363834, 
          364673, 
          366093, 
          367834, 
          369324, 
          373458, 
          375403, 
          377148, 
          378468, 
          381032, 
          382721, 
          383708, 
          384748, 
          387936, 
          394396, 
          396837, 
          398520, 
          401119, 
          402940, 
          404381, 
          406676, 
          409328, 
          415202, 
          417947
        ]
      }, 
      "3": {
        "sweep_num": 76, 
        "El": -0.07711801147460941, 
        "spike_ind": [
          203698, 
          223720, 
          244796, 
          361346, 
          362537, 
          363337, 
          364396, 
          365358, 
          367605, 
          369404, 
          374327, 
          376869, 
          378558, 
          381337, 
          383082, 
          384650, 
          388704, 
          395992, 
          398360, 
          401450, 
          403192, 
          404724, 
          416519, 
          418590
        ]
      }, 
      "2": {
        "sweep_num": 74, 
        "El": -0.0779090042114258, 
        "spike_ind": [
          203668, 
          223805, 
          243806, 
          361360, 
          362508, 
          363298, 
          364376, 
          365098, 
          367231, 
          369054, 
          374142, 
          376514, 
          378365, 
          381307, 
          383121, 
          384595, 
          388615, 
          395284, 
          398112, 
          401324, 
          403150, 
          404629, 
          416623, 
          418630
        ]
      }, 
      "5": {
        "sweep_num": null, 
        "El": null, 
        "spike_ind": null
      }, 
      "4": {
        "sweep_num": 78, 
        "El": -0.0771690139770508, 
        "spike_ind": [
          204405, 
          224894, 
          361442, 
          362723, 
          363547, 
          364603, 
          366117, 
          368308, 
          374479, 
          376597, 
          378527, 
          381353, 
          382964, 
          384507, 
          388700, 
          396600, 
          398615, 
          401444, 
          403221, 
          404709, 
          417225
        ]
      }
    }, 
    "ramp": {
      "sweep_num": [
        4, 
        5, 
        6
      ]
    }, 
    "max_subthresh_long_square": {
      "sweep_num": [
        55
      ]
    }, 
    "suprathreshold_short_square": {
      "R_testpulsesweep_num": [
        20
      ]
    }, 
    "subthreshold_short_square": {
      "sweep_num": [
        38, 
        41, 
        42
      ]
    }
  }, 
  "spike_cutting": {
    "NOdeltaV": {
      "slope": 0.41445566021749047, 
      "intercept": 0.01343522543623869, 
      "cut_length": 128.0, 
      "dependencies": null
    }
  }, 
  "dt_used_for_preprocessor_calculations": 5e-05
}