{
  "noise1": {
    "RSS_of_voltage_diff": 95.06217430304224,
    "var_of_voltage_difference": 7.973942340497218e-06,
    "var_of_voltage_data": 9.704659332051321e-05,
    "num_data_points_wo_spike_shape": 11202022
  },
  "noise2": {
    "RSS_of_voltage_diff": 206.16126568006845,
    "var_of_voltage_difference": 8.866794998715518e-06,
    "var_of_voltage_data": 9.66316938812697e-05,
    "num_data_points_wo_spike_shape": 22402940
  }
}