{
  "model_spike_times_same_across_sweeps": {
    "n1": 1,
    "n2": 1
  },
  "run_model_spike_times_match_database": {
    "n2": true
  },
  "n2_after_opt_sanitycheck": 0.7012081683441588,
  "after_opt": {
    "noise_1": 0.6830738186338137,
    "noise_2": 0.701197077392755
  },
  "before_opt": {
    "noise_1": 0.041436848754263435,
    "noise_2": 0.04606161675360599
  }
}