{
  "model_spike_times_same_across_sweeps": {
    "n1": 1,
    "n2": 1
  },
  "run_model_spike_times_match_database": {
    "n2": true
  },
  "n2_after_opt_sanitycheck": 0.7674788369255857,
  "after_opt": {
    "noise_1": 0.6914127572594454,
    "noise_2": 0.767483199169849
  },
  "before_opt": {
    "noise_1": 0.2517922665902608,
    "noise_2": 0.27783234666129497
  }
}