{
  "model_spike_times_same_across_sweeps": {
    "n1": 1,
    "n2": 1
  },
  "run_model_spike_times_match_database": {
    "n2": true
  },
  "n2_after_opt_sanitycheck": 0.7200271696883238,
  "after_opt": {
    "noise_1": 0.6843713176403424,
    "noise_2": 0.720054333341381
  },
  "before_opt": {
    "noise_1": 0.5239329397691683,
    "noise_2": 0.5535399874278238
  }
}