{
  "noise1": {
    "RSS_of_voltage_diff": 77.95343523498602,
    "var_of_voltage_difference": 1.7551512303414245e-05,
    "var_of_voltage_data": 0.00011098631548435756,
    "num_data_points_wo_spike_shape": 4196397
  },
  "noise2": {
    "RSS_of_voltage_diff": 43.76574484488854,
    "var_of_voltage_difference": 1.510877720471754e-05,
    "var_of_voltage_data": 0.0001087453368002954,
    "num_data_points_wo_spike_shape": 2797527
  }
}