{
  "model_spike_times_same_across_sweeps": {
    "n1": 1,
    "n2": 1
  },
  "run_model_spike_times_match_database": {
    "n2": true
  },
  "n2_after_opt_sanitycheck": 0.6725774857366436,
  "after_opt": {
    "noise_1": 0.7534405974904889,
    "noise_2": 0.672580479905342
  },
  "before_opt": {
    "noise_1": 0.7122426390010034,
    "noise_2": 0.7506266025741476
  }
}