{
  "noise1": {
    "RSS_of_voltage_diff": 238.40556018499117,
    "var_of_voltage_difference": 2.0971548023943624e-05,
    "var_of_voltage_data": 0.0001168181855507995,
    "num_data_points_wo_spike_shape": 11201502
  },
  "noise2": {
    "RSS_of_voltage_diff": 456.5807303905695,
    "var_of_voltage_difference": 2.0373595065210767e-05,
    "var_of_voltage_data": 0.00011111288017595635,
    "num_data_points_wo_spike_shape": 22403719
  }
}