{
  "model_spike_times_same_across_sweeps": {
    "n1": 1,
    "n2": 1
  },
  "run_model_spike_times_match_database": {
    "n2": true
  },
  "n2_after_opt_sanitycheck": 0.66076627822277,
  "after_opt": {
    "noise_1": 0.8076595602905698,
    "noise_2": 0.660915113259842
  },
  "before_opt": {
    "noise_1": 0.6553899219284997,
    "noise_2": 0.6021285043644818
  }
}