{
  "noise1": {
    "RSS_of_voltage_diff": 76.32418123299276,
    "var_of_voltage_difference": 1.2911935423478858e-05,
    "var_of_voltage_data": 0.00010639097666333692,
    "num_data_points_wo_spike_shape": 5593930
  },
  "noise2": {
    "RSS_of_voltage_diff": 62.19014578161317,
    "var_of_voltage_difference": 1.0880685389634683e-05,
    "var_of_voltage_data": 0.00010248925963900694,
    "num_data_points_wo_spike_shape": 5595070
  }
}