{
  "noise1": {
    "RSS_of_voltage_diff": 69.43999813863697,
    "var_of_voltage_difference": 2.3296728283673238e-05,
    "var_of_voltage_data": 0.0001513630241743215,
    "num_data_points_wo_spike_shape": 2790560
  },
  "noise2": {
    "RSS_of_voltage_diff": 95.34808318191669,
    "var_of_voltage_difference": 2.106818592825724e-05,
    "var_of_voltage_data": 0.0001410225619866725,
    "num_data_points_wo_spike_shape": 4183890
  }
}