{
  "noise1": {
    "RSS_of_voltage_diff": 17.53167629068146,
    "var_of_voltage_difference": 4.060406588868491e-06,
    "var_of_voltage_data": 0.00011229795886508576,
    "num_data_points_wo_spike_shape": 4189672
  },
  "noise2": {
    "RSS_of_voltage_diff": 24.07242846119313,
    "var_of_voltage_difference": 4.308795765192495e-06,
    "var_of_voltage_data": 0.00011369626427502625,
    "num_data_points_wo_spike_shape": 5586150
  }
}