{
  "model_spike_times_same_across_sweeps": {
    "n1": 1,
    "n2": 1
  },
  "run_model_spike_times_match_database": {
    "n2": true
  },
  "n2_after_opt_sanitycheck": 0.908414114102026,
  "after_opt": {
    "noise_1": 0.911065255207412,
    "noise_2": 0.908415583698643
  },
  "before_opt": {
    "noise_1": 0.9112267314329797,
    "noise_2": 0.9085157839406255
  }
}