{
  "model_spike_times_same_across_sweeps": {
    "n1": 1,
    "n2": 1
  },
  "run_model_spike_times_match_database": {
    "n2": true
  },
  "n2_after_opt_sanitycheck": 0.7500810537384959,
  "after_opt": {
    "noise_1": 0.3914113341443479,
    "noise_2": 0.750066908233264
  },
  "before_opt": {
    "noise_1": 0.23856646898488112,
    "noise_2": 0.32282191993697057
  }
}