{
  "model_spike_times_same_across_sweeps": {
    "n1": 1,
    "n2": 1
  },
  "run_model_spike_times_match_database": {
    "n2": true
  },
  "n2_after_opt_sanitycheck": 0.8343865183545177,
  "after_opt": {
    "noise_1": 0.8099837343887345,
    "noise_2": 0.834405281583011
  },
  "before_opt": {
    "noise_1": 0.7450299949502674,
    "noise_2": 0.6990929073518592
  }
}