{
  "El": {
    "El_max_subth_long_square": {
      "dependencies": null, 
      "value": -0.0730535659790039
    }, 
    "El_noise": {
      "measured": {
        "dependencies": null, 
        "list": [
          -0.0724247131347656, 
          -0.0735435028076172, 
          -0.07265496826171881, 
          -0.0731111907958984
        ], 
        "mean": -0.072933593749999998
      }
    }, 
    "El_ramp": {
      "dependencies": null, 
      "value": -0.072867057800293
    }, 
    "El_suprathreshold_blip": {
      "dependencies": null, 
      "value": -0.0727469787597656
    }, 
    "El_subthreshold_blip": {
      "dependencies": null, 
      "value": -0.0734276123046875
    }
  }, 
  "spike_cut_length": {
    "no deltaV shift": {
      "slope": 0.80791486823945291, 
      "length": 110.0, 
      "intercept": -0.0017398557536203486, 
      "dependencies": null
    }
  }, 
  "threshold_adaptation": {
    "b_spike_component_of_threshold": 15.709046824343837, 
    "b_voltage_comp_of_thr_from_fitab": 70.57074483818576, 
    "b_voltage_comp_of_thr_from_fitabth": 273.62621008124967, 
    "a_voltage_comp_of_thr_from_fitab": 16.771977288899052, 
    "a_spike_component_of_threshold": 0.0045400698849045263, 
    "a_voltage_comp_of_thr_from_fitabth": 80.615706548857418
  }, 
  "th_inf": {
    "via_Vmeasure": {
      "from_zero": 0.024747774885492416, 
      "dependencies": "measured from suprathreshold blip", 
      "value": -0.047999203874273186
    }, 
    "fit_with_v_comp_of_th": {
      "from_zero": 0.022548790521362126, 
      "value": -0.050384803228637871
    }
  }, 
  "resistance": {
    "R_test_list": {
      "list": [
        463871778.79962265, 
        444808308.6190778, 
        446348175.14355713, 
        454632681.57543176
      ], 
      "mean": 452415236.03442234
    }, 
    "R_fit_ASC_and_R": {
      "list": [
        472715887.11272246, 
        447117335.3828774, 
        468028072.2678387, 
        466557730.8769314
      ], 
      "mean": 463604756.41009253
    }, 
    "R_from_lims": {
      "value": 217187389.731407
    }
  }, 
  "asc": {
    "amp": [
      -2.280542035162625e-11, 
      7.971419546317691e-11
    ], 
    "k": [
      10.0, 
      300.0
    ], 
    "dependencies": "Cap and res from least squares"
  }, 
  "capacitance": {
    "C_from_lims": {
      "value": 5.7885147255790247e-11
    }, 
    "C_test_list": {
      "list": [
        5.3348645359667955e-11, 
        5.4726369957694959e-11, 
        5.5558154876688775e-11, 
        5.4439480132118656e-11
      ], 
      "mean": 5.4518162581542591e-11
    }
  }, 
  "MLIN": {
    "tau_from_AC": 0.032302365867532844, 
    "sv_for_expsymm": 0.00042322119712814464, 
    "var_of_section": 3.5823236339715977e-07
  }, 
  "sweep_properties": {
    "multi_short_square": {
      "sweep_num": [
        69, 
        70, 
        71, 
        72, 
        73, 
        74, 
        75, 
        76, 
        77, 
        78, 
        79, 
        80, 
        81, 
        82, 
        83, 
        84, 
        85, 
        86, 
        87, 
        88, 
        89
      ]
    }, 
    "noise1": {
      "1": {
        "sweep_num": 43, 
        "El": -0.0724247131347656, 
        "spike_ind": [
          251206, 
          253494, 
          254755, 
          256054, 
          259941, 
          268465, 
          270606, 
          273404, 
          276179, 
          278562, 
          279742, 
          280874, 
          286878, 
          294090, 
          295791, 
          298058, 
          301164, 
          303497, 
          304551, 
          305819, 
          310759, 
          319062, 
          321452, 
          323140, 
          450885, 
          451825, 
          452959, 
          453623, 
          454506, 
          455477, 
          455976, 
          457389, 
          459503, 
          460687, 
          461796, 
          464910, 
          466510, 
          468166, 
          469103, 
          470509, 
          471420, 
          472602, 
          473242, 
          476042, 
          477937, 
          478661, 
          479423, 
          480537, 
          481034, 
          482405, 
          484894, 
          486455, 
          491442, 
          493144, 
          494022, 
          495497, 
          496450, 
          497529, 
          498326, 
          500972, 
          501897, 
          503096, 
          503741, 
          504424, 
          505514, 
          505968, 
          507444, 
          509811, 
          511485, 
          515009, 
          516506, 
          518098, 
          519074, 
          520470, 
          521525, 
          522513, 
          523141
        ]
      }, 
      "3": {
        "sweep_num": 47, 
        "El": -0.07265496826171881, 
        "spike_ind": [
          251179, 
          253214, 
          254538, 
          255790, 
          259931, 
          261843, 
          269123, 
          272599, 
          276214, 
          278511, 
          279846, 
          280877, 
          286798, 
          295554, 
          297514, 
          301177, 
          303449, 
          304457, 
          305785, 
          309975, 
          318578, 
          321512, 
          323044, 
          450870, 
          451716, 
          452950, 
          453597, 
          454416, 
          455564, 
          455945, 
          457638, 
          459527, 
          460682, 
          461818, 
          464876, 
          466446, 
          468126, 
          469079, 
          470488, 
          471427, 
          472495, 
          473411, 
          475925, 
          476756, 
          478281, 
          479058, 
          479769, 
          480688, 
          483177, 
          484862, 
          486414, 
          489913, 
          491471, 
          493988, 
          495172, 
          496352, 
          497507, 
          498287, 
          501004, 
          501823, 
          503014, 
          503649, 
          504443, 
          505522, 
          506004, 
          508113, 
          509506, 
          510449, 
          511730, 
          514939, 
          516460, 
          518132, 
          519042, 
          520493, 
          521472, 
          522546, 
          523354
        ]
      }, 
      "2": {
        "sweep_num": 45, 
        "El": -0.0735435028076172, 
        "spike_ind": [
          251160, 
          254002, 
          255839, 
          261479, 
          270593, 
          272702, 
          276162, 
          278531, 
          279492, 
          280833, 
          285642, 
          294126, 
          296603, 
          298082, 
          301274, 
          303631, 
          304650, 
          305815, 
          310002, 
          320497, 
          322721, 
          450872, 
          451710, 
          453174, 
          453967, 
          454705, 
          455460, 
          457352, 
          459438, 
          460539, 
          461515, 
          464945, 
          466442, 
          468146, 
          469061, 
          470496, 
          471429, 
          472467, 
          473165, 
          475978, 
          477203, 
          478070, 
          478724, 
          479449, 
          480489, 
          481088, 
          484476, 
          485654, 
          486809, 
          489968, 
          491508, 
          493141, 
          494139, 
          495538, 
          496383, 
          497553, 
          498416, 
          501035, 
          501916, 
          503442, 
          504044, 
          504709, 
          505509, 
          505937, 
          507433, 
          509826, 
          511355, 
          516469, 
          517415, 
          518516, 
          520422, 
          521381, 
          522416, 
          523353
        ]
      }, 
      "5": {
        "sweep_num": null, 
        "El": null, 
        "spike_ind": null
      }, 
      "4": {
        "sweep_num": 49, 
        "El": -0.0731111907958984,