{
  "model_spike_times_same_across_sweeps": {
    "n1": 1,
    "n2": 1
  },
  "run_model_spike_times_match_database": {
    "n2": true
  },
  "n2_after_opt_sanitycheck": 0.8305739002896787,
  "after_opt": {
    "noise_1": 0.7233484182143938,
    "noise_2": 0.830584926608742
  },
  "before_opt": {
    "noise_1": 0.7675429811342577,
    "noise_2": 0.8274642195139235
  }
}