{
  "model_spike_times_same_across_sweeps": {
    "n1": 1,
    "n2": 1
  },
  "run_model_spike_times_match_database": {
    "n2": true
  },
  "n2_after_opt_sanitycheck": 0.7616306593848657,
  "after_opt": {
    "noise_1": 0.685799244863288,
    "noise_2": 0.7616162517139
  },
  "before_opt": {
    "noise_1": 0.700123571016023,
    "noise_2": 0.7592535217978822
  }
}