{
  "El": {
    "El_max_subth_long_square": {
      "dependencies": null,
      "value": -0.0663870391845703
    },
    "El_noise": {
      "measured": {
        "dependencies": null,
        "list": [
          -0.0663777923583984,
          -0.06688916015625,
          -0.06698686218261721,
          -0.06682112884521481
        ],
        "mean": -0.0667687358856201
      }
    },
    "El_ramp": {
      "dependencies": null,
      "value": -0.0673007049560547
    },
    "El_suprathreshold_blip": {
      "dependencies": null,
      "value": -0.06664682006835941
    },
    "El_subthreshold_blip": {
      "dependencies": null,
      "value": -0.0666200790405273
    }
  },
  "spike_cut_length": {
    "no deltaV shift": {
      "slope": 0.6953434386419216,
      "length": 91.0,
      "intercept": 0.0021990598342967217,
      "dependencies": null
    }
  },
  "threshold_adaptation": {
    "b_spike_component_of_threshold": 16.26491473378918,
    "b_voltage_comp_of_thr_from_fitab": 64.72578566498551,
    "b_voltage_comp_of_thr_from_fitabth": 275.5390385414323,
    "a_voltage_comp_of_thr_from_fitab": 20.364244707364378,
    "a_spike_component_of_threshold": 0.0009925013015079469,
    "a_voltage_comp_of_thr_from_fitabth": 213.88337603346628
  },
  "th_inf": {
    "via_Vmeasure": {
      "from_zero": 0.021539649055348678,
      "dependencies": "measured from suprathreshold blip",
      "value": -0.04510717101301073
    },
    "fit_with_v_comp_of_th": {
      "from_zero": 0.008389850896215023,
      "value": -0.05837888498940508
    }
  },
  "resistance": {
    "R_test_list": {
      "list": [
        89022696.96544847,
        83779280.35821481,
        79792301.47344667,
        84584321.50298914
      ],
      "mean": 84294650.07502478
    },
    "R_fit_ASC_and_R": {
      "list": [
        115270529.91111462,
        103752691.61914164,
        99517758.15302591,
        104157300.68877722
      ],
      "mean": 105674570.09301485
    },
    "R_from_lims": {
      "value": 90312458.5747719
    }
  },
  "asc": {
    "amp": [
      8.941221831336034e-12,
      -1.5810294168675863e-10
    ],
    "k": [
      10.0,
      29.999999999999996
    ],
    "dependencies": "Cap and res from least squares"
  },
  "capacitance": {
    "C_from_lims": {
      "value": 1.7195419999035635e-10
    },
    "C_test_list": {
      "list": [
        2.0146019430726378e-10,
        2.001151606530117e-10,
        1.9808491538027204e-10,
        1.926874198701778e-10
      ],
      "mean": 1.9808692255268133e-10
    }
  },
  "MLIN": {
    "tau_from_AC": 0.05596699466078466,
    "sv_for_expsymm": 0.00032599062654146917,
    "var_of_section": 2.125397771857993e-07
  },
  "sweep_properties": {
    "multi_short_square": {
      "sweep_num": [
        93,
        94,
        95,
        96,
        97,
        98,
        99,
        100,
        101,
        102,
        103,
        104,
        105,
        106,
        107,
        108,
        109,
        110,
        112,
        113
      ]
    },
    "noise1": {
      "1": {
        "sweep_num": 64,
        "El": -0.0663777923583984,
        "spike_ind": [
          254601,
          279513,
          304323,
          451234,
          452183,
          453636,
          454645,
          455851,
          460032,
          462103,
          467351,
          469469,
          471340,
          472956,
          476185,
          477446,
          478684,
          479694,
          480843,
          483227,
          485518,
          492109,
          494435,
          496390,
          497855,
          501207,
          502482,
          503890,
          504787,
          505862,
          510065,
          517272,
          519495,
          521378,
          522879
        ]
      },
      "3": {
        "sweep_num": 68,
        "El": -0.06698686218261721,
        "spike_ind": [
          451352,
          453162,
          454475,
          455857,
          460455,
          468397,
          471094,
          472923,
          476220,
          478108,
          479346,
          480810,
          485627,
          493148,
          495641,
          497662,
          501222,
          502535,
          503896,
          505405,
          506180,
          510470,
          517933,
          520628,
          522687
        ]
      },
      "2": {
        "sweep_num": 66,
        "El": -0.06688916015625,
        "spike_ind": [
          451297,
          452957,
          454339,
          455849,
          460475,
          468394,
          471294,
          473151,
          476252,
          478203,
          479422,
          480829,
          485388,
          493256,
          495732,
          497723,
          501243,
          503122,
          504361,
          505829,
          510603,
          518457,
          521291,
          523057
        ]
      },
      "5": {
        "sweep_num": null,
        "El": null,
        "spike_ind": null
      },
      "4": {
        "sweep_num": 70,
        "El": -0.06682112884521481,
        "spike_ind": [
          451246,
          452957,
          454353,
          455822,
          460463,
          468967,
          471341,
          473051,
          476220,
          478143,
          479479,
          480838,
          485507,
          494072,
          496495,
          498103,
          501218,
          503002,
          504373,
          505840,
          510545,
          518939,
          521380,
          522981
        ]
      }
    },
    "ramp": {
      "sweep_num": [
        5,
        6,
        7
      ]
    },
    "max_subthresh_long_square": {
      "sweep_num": [
        54,
        55
      ]
    },
    "suprathreshold_short_square": {
      "R_testpulsesweep_num": [
        19
      ]
    },
    "subthreshold_short_square": {
      "sweep_num": [
        22
      ]
    }
  },
  "spike_cutting": {
    "NOdeltaV": {
      "slope": 0.6953434386419216,
      "intercept": 0.0021990598342967217,
      "cut_length": 91.0,
      "dependencies": null
    }
  },
  "dt_used_for_preprocessor_calculations": 5e-05
}