{
  "noise1": {
    "RSS_of_voltage_diff": 28.782806186309664,
    "var_of_voltage_difference": 4.728162652422439e-06,
    "var_of_voltage_data": 5.426804628758414e-05,
    "num_data_points_wo_spike_shape": 5594172
  },
  "noise2": {
    "RSS_of_voltage_diff": 27.407048205860814,
    "var_of_voltage_difference": 4.7132776652709345e-06,
    "var_of_voltage_data": 5.276895329028495e-05,
    "num_data_points_wo_spike_shape": 5593444
  }
}