{
  "model_spike_times_same_across_sweeps": {
    "n1": 1,
    "n2": 1
  },
  "run_model_spike_times_match_database": {
    "n2": true
  },
  "n2_after_opt_sanitycheck": 0.7443495976283317,
  "after_opt": {
    "noise_1": 0.679808087198675,
    "noise_2": 0.74441958526039
  },
  "before_opt": {
    "noise_1": 0.6533306726313233,
    "noise_2": 0.6152401220734487
  }
}