{
  "model_spike_times_same_across_sweeps": {
    "n1": 1,
    "n2": 1
  },
  "run_model_spike_times_match_database": {
    "n2": true
  },
  "n2_after_opt_sanitycheck": 0.8021430462214645,
  "after_opt": {
    "noise_1": 0.8544264192879905,
    "noise_2": 0.802139802275005
  },
  "before_opt": {
    "noise_1": 0.7376974294904189,
    "noise_2": 0.7749270837628243
  }
}