{
  "model_spike_times_same_across_sweeps": {
    "n1": 1,
    "n2": 1
  },
  "run_model_spike_times_match_database": {
    "n2": true
  },
  "n2_after_opt_sanitycheck": 0.7016274525972314,
  "after_opt": {
    "noise_1": 0.735684750013162,
    "noise_2": 0.70161601683098
  },
  "before_opt": {
    "noise_1": 0.6127197601092753,
    "noise_2": 0.5906619373057939
  }
}