{
  "El": {
    "El_max_subth_long_square": {
      "dependencies": null, 
      "value": -0.0805667190551758
    }, 
    "El_noise": {
      "measured": {
        "dependencies": null, 
        "list": [
          -0.0805675506591797, 
          -0.08078093719482421, 
          -0.08077120971679691, 
          -0.0811582717895508
        ], 
        "mean": -0.080819492340087909
      }
    }, 
    "El_ramp": {
      "dependencies": null, 
      "value": -0.0810284423828125
    }, 
    "El_suprathreshold_blip": {
      "dependencies": null, 
      "value": -0.0801164779663086
    }, 
    "El_subthreshold_blip": {
      "dependencies": null, 
      "value": -0.0803612976074219
    }
  }, 
  "spike_cut_length": {
    "no deltaV shift": {
      "slope": 1.3297635006748501, 
      "length": 111.0, 
      "intercept": -0.013061873555950392, 
      "dependencies": null
    }
  }, 
  "threshold_adaptation": {
    "b_spike_component_of_threshold": null, 
    "b_voltage_comp_of_thr_from_fitab": null, 
    "b_voltage_comp_of_thr_from_fitabth": null, 
    "a_voltage_comp_of_thr_from_fitab": null, 
    "a_spike_component_of_threshold": null, 
    "a_voltage_comp_of_thr_from_fitabth": null
  }, 
  "th_inf": {
    "via_Vmeasure": {
      "from_zero": 0.025102712768664465, 
      "dependencies": "measured from suprathreshold blip", 
      "value": -0.055013765197644129
    }, 
    "fit_with_v_comp_of_th": {
      "from_zero": null, 
      "value": null
    }
  }, 
  "resistance": {
    "R_test_list": {
      "list": [
        60662288.521469243, 
        61828758.498648383, 
        61039727.745890886, 
        61812655.651829116
      ], 
      "mean": 61335857.604459405
    }, 
    "R_fit_ASC_and_R": {
      "list": [
        76839095.0665365, 
        77575984.39131047, 
        76058345.64154692, 
        75193272.19235735
      ], 
      "mean": 76416674.322937816
    }, 
    "R_from_lims": {
      "value": 69218792.0212746
    }
  }, 
  "asc": {
    "amp": [
      -9.065567406562164e-11, 
      -1.0518798234322022e-09
    ], 
    "k": [
      29.999999999999996, 
      300.0
    ], 
    "dependencies": "Cap and res from least squares"
  }, 
  "capacitance": {
    "C_from_lims": {
      "value": 1.6617765204250367e-10
    }, 
    "C_test_list": {
      "list": [
        1.7189757364862299e-10, 
        1.7154758749170146e-10, 
        1.6926091963371706e-10, 
        1.6734510101805821e-10
      ], 
      "mean": 1.7001279544802491e-10
    }
  }, 
  "MLIN": {
    "tau_from_AC": 0.059472789751798996, 
    "sv_for_expsymm": 0.00036861596293723183, 
    "var_of_section": 2.7175545626428532e-07
  }, 
  "sweep_properties": {
    "multi_short_square": {
      "sweep_num": null
    }, 
    "noise1": {
      "1": {
        "sweep_num": 73, 
        "El": -0.0805675506591797, 
        "spike_ind": [
          200951, 
          202751, 
          203605, 
          204654, 
          209467, 
          216485, 
          218157, 
          220929, 
          222774, 
          223539, 
          224594, 
          228588, 
          235581, 
          237141, 
          238206, 
          240907, 
          241821, 
          242919, 
          243619, 
          244604, 
          248526, 
          255296, 
          256551, 
          258102, 
          258771, 
          360678, 
          360856, 
          361340, 
          361887, 
          362376, 
          362798, 
          363205, 
          363622, 
          364341, 
          364662, 
          365894, 
          366525, 
          367556, 
          367898, 
          368433, 
          369114, 
          369474, 
          371890, 
          373088, 
          373629, 
          374434, 
          375163, 
          376110, 
          376477, 
          377085, 
          377935, 
          378310, 
          379480, 
          380701, 
          380921, 
          381424, 
          382039, 
          382556, 
          382967, 
          383574, 
          384349, 
          384678, 
          385901, 
          386532, 
          387559, 
          387935, 
          388436, 
          389135, 
          391880, 
          392656, 
          393151, 
          393671, 
          394434, 
          395148, 
          396015, 
          396446, 
          397104, 
          397955, 
          398371, 
          399480, 
          400649, 
          400897, 
          401417, 
          402196, 
          402740, 
          404476, 
          405892, 
          406517, 
          407569, 
          407931, 
          408460, 
          409136, 
          411885, 
          413086, 
          413640, 
          414463, 
          415163, 
          416122, 
          416474, 
          417095, 
          417937, 
          419471
        ]
      }, 
      "3": {
        "sweep_num": 77, 
        "El": -0.08077120971679691, 
        "spike_ind": [
          200960, 
          202776, 
          203635, 
          204658, 
          216499, 
          218141, 
          218778, 
          220946, 
          222732, 
          223510, 
          224575, 
          228640, 
          236464, 
          238134, 
          238740, 
          240922, 
          242085, 
          242934, 
          243616, 
          244627, 
          248500, 
          255326, 
          257113, 
          258203, 
          258768, 
          360671, 
          360844, 
          361351, 
          361867, 
          362375, 
          362799, 
          363191, 
          363579, 
          364334, 
          364667, 
          365882, 
          366517, 
          367558, 
          367896, 
          368424, 
          369091, 
          369492, 
          371873, 
          372665, 
          373165, 
          373686, 
          374464, 
          375166, 
          376084, 
          376448, 
          377095, 
          377934, 
          378311, 
          378802, 
          380669, 
          380916, 
          381435, 
          382059, 
          382535, 
          382980, 
          383579, 
          384358, 
          384675, 
          385889, 
          386518, 
          387551, 
          387922, 
          388392, 
          389089, 
          389573, 
          391891, 
          392679, 
          393151, 
          393686, 
          394410, 
          395157, 
          396094, 
          396476, 
          397089, 
          397931, 
          399469, 
          400568, 
          400871, 
          401452, 
          402360, 
          402833, 
          404374, 
          405902, 
          406550, 
          407555, 
          407925, 
          408453, 
          409157, 
          411893, 
          412650, 
          413122, 
          413668, 
          414456, 
          415156, 
          416129, 
          416481, 
          417121, 
          417947, 
          419490
        ]
      }, 
      "2": {
        "sweep_num": 75, 
        "El": -0.08078093719482421,