{
  "noise1": {
    "RSS_of_voltage_diff": 39.81502177581775,
    "var_of_voltage_difference": 9.518755995745632e-06,
    "var_of_voltage_data": 9.134590316332999e-05,
    "num_data_points_wo_spike_shape": 4182567
  },
  "noise2": {
    "RSS_of_voltage_diff": 52.13922772224437,
    "var_of_voltage_difference": 9.347791301592653e-06,
    "var_of_voltage_data": 8.949060313860407e-05,
    "num_data_points_wo_spike_shape": 5576364
  }
}