{
  "model_spike_times_same_across_sweeps": {
    "n1": 1,
    "n2": 1
  },
  "run_model_spike_times_match_database": {
    "n2": true
  },
  "n2_after_opt_sanitycheck": 0.5515173343760823,
  "after_opt": {
    "noise_1": 0.6179888523751134,
    "noise_2": 0.551493476637528
  },
  "before_opt": {
    "noise_1": 0.7196478034587678,
    "noise_2": 0.6291141345630779
  }
}