{
  "noise1": {
    "RSS_of_voltage_diff": 54.533711019358044,
    "var_of_voltage_difference": 9.626189125621804e-06,
    "var_of_voltage_data": 7.320999166331992e-05,
    "num_data_points_wo_spike_shape": 5590795
  },
  "noise2": {
    "RSS_of_voltage_diff": 55.21543794499555,
    "var_of_voltage_difference": 9.63099417932648e-06,
    "var_of_voltage_data": 7.088932240123928e-05,
    "num_data_points_wo_spike_shape": 5589655
  }
}