{
  "model_spike_times_same_across_sweeps": {
    "n1": 1,
    "n2": 1
  },
  "run_model_spike_times_match_database": {
    "n2": true
  },
  "n2_after_opt_sanitycheck": 0.7329528832429395,
  "after_opt": {
    "noise_1": 0.7064301393350373,
    "noise_2": 0.732978129101468
  },
  "before_opt": {
    "noise_1": 0.5987037376582025,
    "noise_2": 0.6578519454542913
  }
}