{
  "El": {
    "El_max_subth_long_square": {
      "dependencies": null, 
      "value": -0.07184326171875
    }, 
    "El_noise": {
      "measured": {
        "dependencies": null, 
        "list": [
          -0.072002326965332, 
          -0.07221021270751951, 
          -0.0723056716918945, 
          -0.0724452362060547
        ], 
        "mean": -0.072240861892700181
      }
    }, 
    "El_ramp": {
      "dependencies": null, 
      "value": -0.0739963760375977
    }, 
    "El_suprathreshold_blip": {
      "dependencies": null, 
      "value": -0.0725727081298828
    }, 
    "El_subthreshold_blip": {
      "dependencies": null, 
      "value": -0.0725960845947266
    }
  }, 
  "spike_cut_length": {
    "no deltaV shift": {
      "slope": 0.3744248437151485, 
      "length": 95.0, 
      "intercept": 0.0081026864710448884, 
      "dependencies": null
    }
  }, 
  "threshold_adaptation": {
    "b_spike_component_of_threshold": 90.994920377308432, 
    "b_voltage_comp_of_thr_from_fitab": 58.465222374084604, 
    "b_voltage_comp_of_thr_from_fitabth": 405.67166686384871, 
    "a_voltage_comp_of_thr_from_fitab": 15.810533546971879, 
    "a_spike_component_of_threshold": 0.0018925097311564961, 
    "a_voltage_comp_of_thr_from_fitabth": 285.82309361538466
  }, 
  "th_inf": {
    "via_Vmeasure": {
      "from_zero": 0.025766954499710129, 
      "dependencies": "measured from suprathreshold blip", 
      "value": -0.04680575363017267
    }, 
    "fit_with_v_comp_of_th": {
      "from_zero": 0.011400774126380797, 
      "value": -0.060840087766319384
    }
  }, 
  "resistance": {
    "R_test_list": {
      "list": [
        195796477.20665589, 
        181246843.69150424, 
        184148749.03236496, 
        185843933.50508657
      ], 
      "mean": 186759000.8589029
    }, 
    "R_fit_ASC_and_R": {
      "list": [
        182171343.94843987, 
        170241654.56683302, 
        169131379.02880877, 
        167669389.46770564
      ], 
      "mean": 172303441.75294682
    }, 
    "R_from_lims": {
      "value": 259285807.609558
    }
  }, 
  "asc": {
    "amp": [
      -6.30607869521052e-12, 
      -2.3036819104626193e-10
    ], 
    "k": [
      3.0, 
      100.0
    ], 
    "dependencies": "Cap and res from least squares"
  }, 
  "capacitance": {
    "C_from_lims": {
      "value": 7.061251525968322e-11
    }, 
    "C_test_list": {
      "list": [
        9.7159160395177702e-11, 
        9.3612235288713801e-11, 
        1.0097717214660858e-10, 
        9.2349312885319079e-11
      ], 
      "mean": 9.6024470178954778e-11
    }
  }, 
  "MLIN": {
    "tau_from_AC": 0.039827901295262584, 
    "sv_for_expsymm": 0.00062998492526663251, 
    "var_of_section": 7.9376201212640905e-07
  }, 
  "sweep_properties": {
    "multi_short_square": {
      "sweep_num": [
        56, 
        57, 
        58, 
        59, 
        60, 
        61, 
        62, 
        63, 
        64, 
        65, 
        66, 
        67, 
        68, 
        69, 
        70, 
        71, 
        72, 
        73, 
        74, 
        75, 
        76
      ]
    }, 
    "noise1": {
      "1": {
        "sweep_num": 45, 
        "El": -0.072002326965332, 
        "spike_ind": [
          251286, 
          253454, 
          254793, 
          255953, 
          276344, 
          279218, 
          281105, 
          306002, 
          450947, 
          451278, 
          451925, 
          452995, 
          453686, 
          454429, 
          455460, 
          456050, 
          457585, 
          459585, 
          460740, 
          461995, 
          466779, 
          468946, 
          470616, 
          472499, 
          473482, 
          476090, 
          477250, 
          478484, 
          479445, 
          480592, 
          485682, 
          495664, 
          497677, 
          501156, 
          503393, 
          504478, 
          505828, 
          511666, 
          520660, 
          522701
        ]
      }, 
      "3": {
        "sweep_num": 49, 
        "El": -0.0723056716918945, 
        "spike_ind": [
          251305, 
          253694, 
          255939, 
          281137, 
          306093, 
          450975, 
          451352, 
          452193, 
          453233, 
          454032, 
          454744, 
          455589, 
          456125, 
          457643, 
          459882, 
          461572, 
          466993, 
          469019, 
          470571, 
          472645, 
          476164, 
          478165, 
          479309, 
          480602, 
          485813, 
          497751, 
          501145, 
          503429, 
          504511, 
          505744, 
          510785, 
          522661
        ]
      }, 
      "2": {
        "sweep_num": 47, 
        "El": -0.07221021270751951, 
        "spike_ind": [
          251386, 
          254513, 
          255966, 
          281030, 
          304110, 
          306157, 
          450987, 
          451309, 
          452007, 
          453037, 
          453719, 
          454494, 
          455509, 
          456039, 
          457503, 
          459750, 
          461524, 
          466560, 
          468496, 
          470596, 
          472640, 
          476138, 
          478074, 
          479009, 
          480723, 
          486815, 
          497681, 
          501113, 
          503432, 
          504513, 
          505749, 
          522574
        ]
      }, 
      "5": {
        "sweep_num": null, 
        "El": null, 
        "spike_ind": null
      }, 
      "4": {
        "sweep_num": 51, 
        "El": -0.0724452362060547, 
        "spike_ind": [
          251340, 
          254073, 
          255907, 
          279826, 
          281115, 
          306053, 
          450982, 
          451334, 
          452176, 
          453060, 
          453705, 
          454465, 
          455469, 
          456055, 
          457415, 
          458659, 
          459882, 
          460987, 
          467094, 
          469077, 
          470622, 
          472645, 
          476099, 
          478191, 
          479471, 
          480754, 
          485533, 
          497705, 
          501140, 
          503505, 
          504603, 
          505803, 
          510030, 
          520620, 
          522715
        ]
      }
    }, 
    "ramp": {
      "sweep_num": [
        4, 
        5, 
        6
      ]
    }, 
    "max_subthresh_long_square": {
      "sweep_num": [
        41
      ]
    }, 
    "suprathreshold_short_square": {
      "R_testpulsesweep_num": [
        15, 
        16, 
        17, 
        19, 
        20
      ]
    }, 
    "subthreshold_short_square": {
      "sweep_num": [
        18
      ]
    }
  }, 
  "spike_cutting": {
    "NOdeltaV": {
      "slope": 0.3744248437151485, 
      "intercept": 0.0081026864710448884, 
      "cut_length": 95.0, 
      "dependencies": null
    }
  }, 
  "dt_used_for_preprocessor_calculations": 5e-05
}