{
  "model_spike_times_same_across_sweeps": {
    "n1": 1,
    "n2": 1
  },
  "run_model_spike_times_match_database": {
    "n2": true
  },
  "n2_after_opt_sanitycheck": 0.7161090815294111,
  "after_opt": {
    "noise_1": 0.6596741229533415,
    "noise_2": 0.716120226522019
  },
  "before_opt": {
    "noise_1": 0.6891127133703454,
    "noise_2": 0.6160143192522362
  }
}