{
  "El": {
    "El_max_subth_long_square": {
      "dependencies": null, 
      "value": -0.07797441864013671
    }, 
    "El_noise": {
      "measured": {
        "dependencies": null, 
        "list": [
          -0.0779140167236328, 
          -0.07712367248535161, 
          -0.07770655822753911
        ], 
        "mean": -0.077581415812174509
      }
    }, 
    "El_ramp": {
      "dependencies": null, 
      "value": -0.0738620223999023
    }, 
    "El_suprathreshold_blip": {
      "dependencies": null, 
      "value": -0.07890318298339839
    }, 
    "El_subthreshold_blip": {
      "dependencies": null, 
      "value": -0.0788483505249023
    }
  }, 
  "spike_cut_length": {
    "no deltaV shift": {
      "slope": 0.54468494640813658, 
      "length": 72.0, 
      "intercept": 0.0091443489604820065, 
      "dependencies": null
    }
  }, 
  "threshold_adaptation": {
    "b_spike_component_of_threshold": 969.7713833201409, 
    "b_voltage_comp_of_thr_from_fitab": 31.684630795204505, 
    "b_voltage_comp_of_thr_from_fitabth": 122.40376513247284, 
    "a_voltage_comp_of_thr_from_fitab": 2.0274937707141052, 
    "a_spike_component_of_threshold": 0.0030398486173598828, 
    "a_voltage_comp_of_thr_from_fitabth": 64.890724880322352
  }, 
  "th_inf": {
    "via_Vmeasure": {
      "from_zero": 0.040494184531459115, 
      "dependencies": "measured from suprathreshold blip", 
      "value": -0.038408998451939277
    }, 
    "fit_with_v_comp_of_th": {
      "from_zero": 0.022792381283193122, 
      "value": -0.054789034528981387
    }
  }, 
  "resistance": {
    "R_test_list": {
      "list": [
        273242361.84162211, 
        224268147.71778667, 
        214067511.33190399
      ], 
      "mean": 237192673.63043761
    }, 
    "R_fit_ASC_and_R": {
      "list": [
        241819080.02705592, 
        198215901.34317476, 
        186497209.3799455
      ], 
      "mean": 208844063.58339205
    }, 
    "R_from_lims": {
      "value": 251093864.440918
    }
  }, 
  "asc": {
    "amp": [
      -7.40019995323555e-12, 
      -4.79612435696464e-10
    ], 
    "k": [
      3.0, 
      300.0
    ], 
    "dependencies": "Cap and res from least squares"
  }, 
  "capacitance": {
    "C_from_lims": {
      "value": 9.98607865955541e-11
    }, 
    "C_test_list": {
      "list": [
        7.2370655996505804e-11, 
        6.9463330221815068e-11, 
        7.0778826905008868e-11
      ], 
      "mean": 7.0870937707776575e-11
    }
  }, 
  "MLIN": {
    "tau_from_AC": 0.027576260653755555, 
    "sv_for_expsymm": 0.00014806274230453383, 
    "var_of_section": 4.3845151317477595e-08
  }, 
  "sweep_properties": {
    "multi_short_square": {
      "sweep_num": [
        65, 
        66, 
        67, 
        68, 
        69, 
        70, 
        71, 
        72, 
        73, 
        74, 
        75, 
        76, 
        77, 
        78, 
        79, 
        80, 
        81, 
        82, 
        83, 
        84, 
        85
      ]
    }, 
    "noise1": {
      "1": {
        "sweep_num": 42, 
        "El": -0.0779140167236328, 
        "spike_ind": [
          201149, 
          201791, 
          202817, 
          203701, 
          204683, 
          209470, 
          218482, 
          221126, 
          222851, 
          223788, 
          224748, 
          238734, 
          241101, 
          242965, 
          243887, 
          244810, 
          360857, 
          361041, 
          361425, 
          361905, 
          362533, 
          362937, 
          363469, 
          363872, 
          364459, 
          364818, 
          365947, 
          366914, 
          367941, 
          369467, 
          373637, 
          375153, 
          376510, 
          377701, 
          378482, 
          380934, 
          381855, 
          382903, 
          383541, 
          384604, 
          388050, 
          396557, 
          398150, 
          398791, 
          400927, 
          401543, 
          402682, 
          403383, 
          404499, 
          404967, 
          416600, 
          418167, 
          418826
        ]
      }, 
      "3": {
        "sweep_num": 48, 
        "El": -0.07770655822753911, 
        "spike_ind": [
          202982, 
          204826, 
          360896, 
          361095, 
          361480, 
          362160, 
          362738, 
          363218, 
          363763, 
          364529, 
          364903, 
          369527, 
          376491, 
          378347, 
          381016, 
          382886, 
          383710, 
          384643, 
          398402, 
          400999, 
          402921, 
          403832, 
          404689, 
          418450
        ]
      }, 
      "2": {
        "sweep_num": 46, 
        "El": -0.07712367248535161, 
        "spike_ind": [
          201561, 
          203080, 
          204680, 
          223653, 
          224902, 
          360900, 
          361160, 
          361646, 
          362437, 
          362917, 
          363487, 
          364355, 
          364743, 
          365956, 
          367981, 
          369434, 
          378228, 
          380988, 
          382997, 
          383779, 
          384654, 
          398594, 
          400956, 
          402914, 
          403765, 
          404669, 
          418366
        ]
      }, 
      "5": {
        "sweep_num": null, 
        "El": null, 
        "spike_ind": null
      }, 
      "4": {
        "sweep_num": null, 
        "El": null, 
        "spike_ind": null
      }
    }, 
    "ramp": {
      "sweep_num": [
        4, 
        5, 
        6
      ]
    }, 
    "max_subthresh_long_square": {
      "sweep_num": [
        29
      ]
    }, 
    "suprathreshold_short_square": {
      "R_testpulsesweep_num": [
        16, 
        17, 
        18, 
        19, 
        20
      ]
    }, 
    "subthreshold_short_square": {
      "sweep_num": [
        15
      ]
    }
  }, 
  "spike_cutting": {
    "NOdeltaV": {
      "slope": 0.54468494640813658, 
      "intercept": 0.0091443489604820065, 
      "cut_length": 72.0, 
      "dependencies": null
    }
  }, 
  "dt_used_for_preprocessor_calculations": 5e-05
}