{
  "model_spike_times_same_across_sweeps": {
    "n1": 1,
    "n2": 1
  },
  "run_model_spike_times_match_database": {
    "n2": true
  },
  "n2_after_opt_sanitycheck": 0.6607106895227833,
  "after_opt": {
    "noise_1": 0.6689306808139595,
    "noise_2": 0.660694652377926
  },
  "before_opt": {
    "noise_1": 0.3892370796470419,
    "noise_2": 0.37233820264633716
  }
}