{
  "model_spike_times_same_across_sweeps": {
    "n1": 1,
    "n2": 1
  },
  "run_model_spike_times_match_database": {
    "n2": true
  },
  "n2_after_opt_sanitycheck": 0.5652986112074044,
  "after_opt": {
    "noise_1": 0.6189262523790414,
    "noise_2": 0.565292997341218
  },
  "before_opt": {
    "noise_1": 0.5953143166950815,
    "noise_2": 0.5490002962764956
  }
}