{
  "model_spike_times_same_across_sweeps": {
    "n1": 1,
    "n2": 1
  },
  "run_model_spike_times_match_database": {
    "n2": true
  },
  "n2_after_opt_sanitycheck": 0.5973764135502808,
  "after_opt": {
    "noise_1": 0.6846332851551262,
    "noise_2": 0.597399566564229
  },
  "before_opt": {
    "noise_1": 0.2983736623535874,
    "noise_2": 0.439139581049175
  }
}