{
  "model_spike_times_same_across_sweeps": {
    "n1": 1,
    "n2": 1
  },
  "run_model_spike_times_match_database": {
    "n2": true
  },
  "n2_after_opt_sanitycheck": 0.7229902318909834,
  "after_opt": {
    "noise_1": 0.6637811864695662,
    "noise_2": 0.722972995976181
  },
  "before_opt": {
    "noise_1": 0.6404099981662729,
    "noise_2": 0.565159525054164
  }
}