{
  "model_spike_times_same_across_sweeps": {
    "n1": 1,
    "n2": 1
  },
  "run_model_spike_times_match_database": {
    "n2": true
  },
  "n2_after_opt_sanitycheck": 0.9140379793054125,
  "after_opt": {
    "noise_1": 0.9184939512880199,
    "noise_2": 0.914042304536874
  },
  "before_opt": {
    "noise_1": 0.9374105304277808,
    "noise_2": 0.9261300062379769
  }
}