{
  "model_spike_times_same_across_sweeps": {
    "n1": 1,
    "n2": 1
  },
  "run_model_spike_times_match_database": {
    "n2": true
  },
  "n2_after_opt_sanitycheck": 0.7339515013304885,
  "after_opt": {
    "noise_1": 0.769899816182815,
    "noise_2": 0.733938210303385
  },
  "before_opt": {
    "noise_1": 0.6207189081731392,
    "noise_2": 0.6090519625730366
  }
}