{
  "model_spike_times_same_across_sweeps": {
    "n1": 1,
    "n2": 1
  },
  "run_model_spike_times_match_database": {
    "n2": true
  },
  "n2_after_opt_sanitycheck": 0.3956139896094407,
  "after_opt": {
    "noise_1": 0.43263372414276613,
    "noise_2": 0.395609344935848
  },
  "before_opt": {
    "noise_1": 0.2583764047718106,
    "noise_2": 0.25209118823650245
  }
}