{
  "model_spike_times_same_across_sweeps": {
    "n1": 1,
    "n2": 1
  },
  "run_model_spike_times_match_database": {
    "n2": true
  },
  "n2_after_opt_sanitycheck": 0.9356995872769343,
  "after_opt": {
    "noise_1": 0.9354965260972229,
    "noise_2": 0.935698353566213
  },
  "before_opt": {
    "noise_1": 0.9209271079478166,
    "noise_2": 0.909555270846985
  }
}