{
  "noise1": {
    "RSS_of_voltage_diff": 213.66664587637413,
    "var_of_voltage_difference": 1.2269976492516239e-05,
    "var_of_voltage_data": 0.00013026930470149434,
    "num_data_points_wo_spike_shape": 16806963
  },
  "noise2": {
    "RSS_of_voltage_diff": 322.51106279321493,
    "var_of_voltage_difference": 1.4752631867726902e-05,
    "var_of_voltage_data": 0.00012451785317045135,
    "num_data_points_wo_spike_shape": 16805523
  }
}