{
  "model_spike_times_same_across_sweeps": {
    "n1": 1,
    "n2": 1
  },
  "run_model_spike_times_match_database": {
    "n2": true
  },
  "n2_after_opt_sanitycheck": 0.5580508229950719,
  "after_opt": {
    "noise_1": 0.6443000567526039,
    "noise_2": 0.558094322660028
  },
  "before_opt": {
    "noise_1": 0.3025410329429394,
    "noise_2": 0.3497568010983042
  }
}