{
  "El": {
    "El_max_subth_long_square": {
      "dependencies": null, 
      "value": -0.0735521469116211
    }, 
    "El_noise": {
      "measured": {
        "dependencies": null, 
        "list": [
          -0.07411504364013671, 
          -0.07356968688964839, 
          -0.07341346740722661
        ], 
        "mean": -0.073699399312337224
      }
    }, 
    "El_ramp": {
      "dependencies": null, 
      "value": -0.07292785644531251
    }, 
    "El_suprathreshold_blip": {
      "dependencies": null, 
      "value": -0.07319377899169921
    }, 
    "El_subthreshold_blip": {
      "dependencies": null, 
      "value": -0.0733704376220703
    }
  }, 
  "spike_cut_length": {
    "no deltaV shift": {
      "slope": 1.2789959841663006, 
      "length": 199.0, 
      "intercept": -0.018887373357371891, 
      "dependencies": null
    }
  }, 
  "threshold_adaptation": {
    "b_spike_component_of_threshold": 110.59265327034083, 
    "b_voltage_comp_of_thr_from_fitab": 25.868891356520759, 
    "b_voltage_comp_of_thr_from_fitabth": 239.23223371675965, 
    "a_voltage_comp_of_thr_from_fitab": 5.6592831852558438, 
    "a_spike_component_of_threshold": 0.0020081230353454441, 
    "a_voltage_comp_of_thr_from_fitabth": 189.98076156060438
  }, 
  "th_inf": {
    "via_Vmeasure": {
      "from_zero": 0.027518542748914736, 
      "dependencies": "measured from suprathreshold blip", 
      "value": -0.045675236242784474
    }, 
    "fit_with_v_comp_of_th": {
      "from_zero": 0.0098444565702124759, 
      "value": -0.063854942742124748
    }
  }, 
  "resistance": {
    "R_test_list": {
      "list": [
        388321887.9166373, 
        383451261.69705039, 
        404460275.46225893
      ], 
      "mean": 392077808.35864896
    }, 
    "R_fit_ASC_and_R": {
      "list": [
        525256558.0914499, 
        550826572.0953901, 
        552341247.3411876
      ], 
      "mean": 542808125.84267581
    }, 
    "R_from_lims": {
      "value": 215000107.88440698
    }
  }, 
  "asc": {
    "amp": [
      -6.458734483372981e-11, 
      -2.683629245921931e-10
    ], 
    "k": [
      29.999999999999996, 
      300.0
    ], 
    "dependencies": "Cap and res from least squares"
  }, 
  "capacitance": {
    "C_from_lims": {
      "value": 9.062256902208735e-11
    }, 
    "C_test_list": {
      "list": [
        9.5201917788048371e-11, 
        9.4421040320527125e-11, 
        1.0147963476811771e-10
      ], 
      "mean": 9.7034197625564411e-11
    }
  }, 
  "MLIN": {
    "tau_from_AC": 0.041270143229323396, 
    "sv_for_expsymm": 0.00025853949940605157, 
    "var_of_section": 1.336853455062635e-07
  }, 
  "sweep_properties": {
    "multi_short_square": {
      "sweep_num": [
        68, 
        69, 
        70, 
        71, 
        72, 
        73, 
        74, 
        75, 
        76, 
        77, 
        78, 
        79, 
        80, 
        81, 
        82, 
        83, 
        84, 
        85, 
        86, 
        87, 
        88, 
        89, 
        90
      ]
    }, 
    "noise1": {
      "1": {
        "sweep_num": 40, 
        "El": -0.07411504364013671, 
        "spike_ind": [
          256008, 
          279466, 
          303462, 
          306318, 
          323302, 
          452190, 
          453654, 
          454806, 
          456004, 
          458242, 
          460617, 
          466471, 
          469206, 
          471439, 
          473334, 
          476593, 
          478536, 
          479947, 
          481349, 
          484814, 
          491899, 
          495232, 
          497649, 
          501363, 
          503463, 
          504760, 
          506173, 
          509905, 
          516741, 
          519507, 
          521831, 
          523459
        ]
      }, 
      "3": {
        "sweep_num": 44, 
        "El": -0.07341346740722661, 
        "spike_ind": [
          255846, 
          278757, 
          282629, 
          303409, 
          306967, 
          323361, 
          452477, 
          453706, 
          454837, 
          456024, 
          458559, 
          460841, 
          466212, 
          469066, 
          471455, 
          473383, 
          476521, 
          478493, 
          479902, 
          481422, 
          484826, 
          492203, 
          495048, 
          497661, 
          501332, 
          503367, 
          504958, 
          506342, 
          509948, 
          517075, 
          520157, 
          522641
        ]
      }, 
      "2": {
        "sweep_num": 42, 
        "El": -0.07356968688964839, 
        "spike_ind": [
          255752, 
          273504, 
          279843, 
          298465, 
          304068, 
          323586, 
          452241, 
          453678, 
          454808, 
          456021, 
          458236, 
          460465, 
          466022, 
          468710, 
          471024, 
          473165, 
          476419, 
          478378, 
          479813, 
          481109, 
          484538, 
          488165, 
          492446, 
          495414, 
          497911, 
          501349, 
          503203, 
          504752, 
          506111, 
          509530, 
          512217, 
          517446, 
          520329, 
          522980
        ]
      }, 
      "5": {
        "sweep_num": null, 
        "El": null, 
        "spike_ind": null
      }, 
      "4": {
        "sweep_num": null, 
        "El": null, 
        "spike_ind": null
      }
    }, 
    "ramp": {
      "sweep_num": [
        4, 
        5, 
        6
      ]
    }, 
    "max_subthresh_long_square": {
      "sweep_num": [
        51
      ]
    }, 
    "suprathreshold_short_square": {
      "R_testpulsesweep_num": [
        15, 
        16, 
        17, 
        18, 
        19
      ]
    }, 
    "subthreshold_short_square": {
      "sweep_num": [
        66
      ]
    }
  }, 
  "spike_cutting": {
    "NOdeltaV": {
      "slope": 1.2789959841663006, 
      "intercept": -0.018887373357371891, 
      "cut_length": 199.0, 
      "dependencies": null
    }
  }, 
  "dt_used_for_preprocessor_calculations": 5e-05
}