{
  "model_spike_times_same_across_sweeps": {
    "n1": 1,
    "n2": 1
  },
  "run_model_spike_times_match_database": {
    "n2": true
  },
  "n2_after_opt_sanitycheck": 0.3708538317976063,
  "after_opt": {
    "noise_1": 0.3823181362338067,
    "noise_2": 0.370878518521385
  },
  "before_opt": {
    "noise_1": 0.3597242020548747,
    "noise_2": 0.32511129127808724
  }
}