{
  "model_spike_times_same_across_sweeps": {
    "n1": 1,
    "n2": 1
  },
  "run_model_spike_times_match_database": {
    "n2": true
  },
  "n2_after_opt_sanitycheck": 0.37312074838079756,
  "after_opt": {
    "noise_1": 0.16000907281735724,
    "noise_2": 0.372993875237639
  },
  "before_opt": {
    "noise_1": 0.24969617215859066,
    "noise_2": 0.20450227972909216
  }
}