{
  "model_spike_times_same_across_sweeps": {
    "n1": 1,
    "n2": 1
  },
  "run_model_spike_times_match_database": {
    "n2": true
  },
  "n2_after_opt_sanitycheck": 0.3998271733673229,
  "after_opt": {
    "noise_1": 0.1553301868182622,
    "noise_2": 0.399840926094787
  },
  "before_opt": {
    "noise_1": 0.2335904585316647,
    "noise_2": 0.38608607976851234
  }
}