{
  "El": {
    "El_max_subth_long_square": {
      "dependencies": null, 
      "value": -0.0703628387451172
    }, 
    "El_noise": {
      "measured": {
        "dependencies": null, 
        "list": [
          -0.0717942886352539, 
          -0.0718338241577148, 
          -0.0712829208374023, 
          -0.07192274475097661
        ], 
        "mean": -0.071708444595336901
      }
    }, 
    "El_ramp": {
      "dependencies": null, 
      "value": -0.0719313049316406
    }, 
    "El_suprathreshold_blip": {
      "dependencies": null, 
      "value": -0.0699019393920898
    }, 
    "El_subthreshold_blip": {
      "dependencies": null, 
      "value": -0.07166326141357421
    }
  }, 
  "spike_cut_length": {
    "no deltaV shift": {
      "slope": 0.54843759799217529, 
      "length": 53.0, 
      "intercept": 0.010194998580029698, 
      "dependencies": null
    }
  }, 
  "threshold_adaptation": {
    "b_spike_component_of_threshold": 2.1641314966611609, 
    "b_voltage_comp_of_thr_from_fitab": 1.1757067142132471, 
    "b_voltage_comp_of_thr_from_fitabth": 1.1741007260638696, 
    "a_voltage_comp_of_thr_from_fitab": -0.171346435553904, 
    "a_spike_component_of_threshold": 0.0010166698565914781, 
    "a_voltage_comp_of_thr_from_fitabth": -0.15097370173834479
  }, 
  "th_inf": {
    "via_Vmeasure": {
      "from_zero": 0.028281142335883865, 
      "dependencies": "measured from suprathreshold blip", 
      "value": -0.041620797056205937
    }, 
    "fit_with_v_comp_of_th": {
      "from_zero": 0.029687342781752515, 
      "value": -0.042021101813584386
    }
  }, 
  "resistance": {
    "R_test_list": {
      "list": [
        131852074.72787818, 
        130794679.02831252, 
        131191637.44602697, 
        128986406.81402849
      ], 
      "mean": 130706199.50406155
    }, 
    "R_fit_ASC_and_R": {
      "list": [
        138261624.5850079, 
        138767988.5313732, 
        145896292.59858435, 
        139281394.19976228
      ], 
      "mean": 140551824.97868192
    }, 
    "R_from_lims": {
      "value": 112187504.768372
    }
  }, 
  "asc": {
    "amp": [
      -2.4535715510475065e-11, 
      -1.326942427810501e-10
    ], 
    "k": [
      10.0, 
      100.0
    ], 
    "dependencies": "Cap and res from least squares"
  }, 
  "capacitance": {
    "C_from_lims": {
      "value": 6.095346757225995e-11
    }, 
    "C_test_list": {
      "list": [
        5.9083411199308693e-11, 
        5.4770836944180424e-11, 
        5.3398635213799588e-11, 
        5.5102428642130372e-11
      ], 
      "mean": 5.5588827999854772e-11
    }
  }, 
  "MLIN": {
    "tau_from_AC": 0.018555751253336042, 
    "sv_for_expsymm": 0.00028490605582572693, 
    "var_of_section": 1.6234292129234447e-07
  }, 
  "sweep_properties": {
    "multi_short_square": {
      "sweep_num": [
        82, 
        83, 
        84, 
        85, 
        86, 
        87, 
        88, 
        89, 
        90, 
        91, 
        92, 
        93, 
        94, 
        95, 
        96, 
        97, 
        98, 
        99, 
        100, 
        101, 
        102
      ]
    }, 
    "noise1": {
      "1": {
        "sweep_num": 57, 
        "El": -0.0717942886352539, 
        "spike_ind": [
          200887, 
          202517, 
          203209, 
          203785, 
          204574, 
          205950, 
          207892, 
          209411, 
          214772, 
          216407, 
          218090, 
          218733, 
          220890, 
          221903, 
          222860, 
          223654, 
          224514, 
          224912, 
          227941, 
          229451, 
          236437, 
          238058, 
          238757, 
          240916, 
          242641, 
          243266, 
          244388, 
          244792, 
          247979, 
          249427, 
          256405, 
          258097, 
          258763, 
          360601, 
          360853, 
          361046, 
          361485, 
          361849, 
          362359, 
          362732, 
          363135, 
          363497, 
          363799, 
          364340, 
          364604, 
          364849, 
          365837, 
          366428, 
          366939, 
          367573, 
          367922, 
          368440, 
          369065, 
          369442, 
          370687, 
          371877, 
          372666, 
          373172, 
          373857, 
          374540, 
          375163, 
          376073, 
          376461, 
          377074, 
          377918, 
          378377, 
          378731, 
          379480, 
          380696, 
          380921, 
          381421, 
          382347, 
          382732, 
          383173, 
          383565, 
          384328, 
          384623, 
          384893, 
          385909, 
          386590, 
          387587, 
          388256, 
          389105, 
          391883, 
          393119, 
          393715, 
          394543, 
          395212, 
          396137, 
          396524, 
          397106, 
          397931, 
          398346, 
          398744, 
          399511, 
          400694, 
          400922, 
          401477, 
          402382, 
          402808, 
          403223, 
          403599, 
          404367, 
          404668, 
          405887, 
          406599, 
          407599, 
          408294, 
          409124, 
          411885, 
          413131, 
          413895, 
          414766, 
          415284, 
          416342, 
          417070, 
          417926, 
          418365, 
          418731
        ]
      }, 
      "3": {
        "sweep_num": 61, 
        "El": -0.0712829208374023, 
        "spike_ind": [
          200871, 
          201546, 
          202772, 
          203531, 
          204394, 
          204779, 
          206607, 
          207913, 
          209383, 
          213683, 
          215259, 
          216452, 
          217964, 
          218687, 
          220895, 
          221888, 
          222791, 
          223525, 
          224439, 
          224814, 
          227897, 
          229181, 
          233705, 
          235240, 
          236464, 
          237994, 
          238666, 
          240884, 
          241899, 
          242792, 
          243531, 
          244500, 
          244888, 
          247908, 
          249398, 
          253900, 
          255252, 
          256456, 
          257985, 
          258672, 
          360564, 
          360801, 
          360982, 
          361422, 
          361858, 
          362361, 
          362735, 
          363136, 
          363497, 
          363799, 
          364344, 
          364625, 
          364862, 
          365841, 
          366428, 
          366925, 
          367556, 
          367919, 
          368474, 
          369081, 
          369484, 
          371833, 
          372642, 
          373166, 
          373850, 
          374554, 
          375176, 
          376098, 
          376487, 
          377088, 
          377743, 
          378136, 
          378605, 
          379470, 
          380654, 
          380912, 
          381442, 
          382362, 
          382782, 
          383189, 
          383617, 
          384351, 
          384646, 
          385880, 
          386590, 
          387584, 
          388315, 
          389105, 
          391880, 
          393115, 
          393676, 
          394526, 
          395210, 
          396143, 
          396512, 
          397109, 
          397949, 
          398382, 
          398760, 
          400575, 
          400885, 
          401417, 
          402357, 
          402769, 
          403196, 
          403598, 
          404342, 
          404643, 
          404879, 
          405904, 
          406921, 
          407870, 
          408584, 
          409343, 
          411919, 
          413138, 
          413905, 
          414757, 
          415578, 
          416356, 
          417072, 
          417957, 
          418419, 
          419474
        ]
      },