{
  "model_spike_times_same_across_sweeps": {
    "n1": 1,
    "n2": 1
  },
  "run_model_spike_times_match_database": {
    "n2": true
  },
  "n2_after_opt_sanitycheck": 0.53226939604699,
  "after_opt": {
    "noise_1": 0.5934965477654698,
    "noise_2": 0.532264945288387
  },
  "before_opt": {
    "noise_1": 0.5926594617468882,
    "noise_2": 0.650454640925214
  }
}