{
  "model_spike_times_same_across_sweeps": {
    "n1": 1,
    "n2": 1
  },
  "run_model_spike_times_match_database": {
    "n2": true
  },
  "n2_after_opt_sanitycheck": 0.6659526092973944,
  "after_opt": {
    "noise_1": 0.36147115410114633,
    "noise_2": 0.665944634719945
  },
  "before_opt": {
    "noise_1": 0.5887636663512351,
    "noise_2": 0.6575025382995913
  }
}