{
  "model_spike_times_same_across_sweeps": {
    "n1": 1,
    "n2": 1
  },
  "run_model_spike_times_match_database": {
    "n2": true
  },
  "n2_after_opt_sanitycheck": 0.5902584024454617,
  "after_opt": {
    "noise_1": 0.3534422636627242,
    "noise_2": 0.59040326975766
  },
  "before_opt": {
    "noise_1": 0.1089501019042587,
    "noise_2": 0.6199403422735953
  }
}