{
  "noise1": {
    "RSS_of_voltage_diff": 499.05763816920677,
    "var_of_voltage_difference": 7.973179471569709e-05,
    "var_of_voltage_data": 0.00016190267855751346,
    "num_data_points_wo_spike_shape": 5574084
  },
  "noise2": {
    "RSS_of_voltage_diff": 476.55060857572306,
    "var_of_voltage_difference": 7.694966989204704e-05,
    "var_of_voltage_data": 0.00016218558046609375,
    "num_data_points_wo_spike_shape": 5575056
  }
}