{
  "model_spike_times_same_across_sweeps": {
    "n1": 1,
    "n2": 1
  },
  "run_model_spike_times_match_database": {
    "n2": true
  },
  "n2_after_opt_sanitycheck": 0.6198149123429613,
  "after_opt": {
    "noise_1": 0.49759534876269745,
    "noise_2": 0.619847509871396
  },
  "before_opt": {
    "noise_1": 0.43029326800222395,
    "noise_2": 0.4312043861526589
  }
}