{
  "model_spike_times_same_across_sweeps": {
    "n1": 1,
    "n2": 1
  },
  "run_model_spike_times_match_database": {
    "n2": true
  },
  "n2_after_opt_sanitycheck": 0.9018325198688474,
  "after_opt": {
    "noise_1": 0.9280582787842631,
    "noise_2": 0.901823128124109
  },
  "before_opt": {
    "noise_1": 0.926197418931834,
    "noise_2": 0.9011491684088103
  }
}