{
  "noise1": {
    "RSS_of_voltage_diff": 293.5263963471745,
    "var_of_voltage_difference": 1.3027328629099479e-05,
    "var_of_voltage_data": 6.908557154693687e-05,
    "num_data_points_wo_spike_shape": 22400500
  },
  "noise2": {
    "RSS_of_voltage_diff": 210.28278120636568,
    "var_of_voltage_difference": 1.2515905398291992e-05,
    "var_of_voltage_data": 6.877757218278718e-05,
    "num_data_points_wo_spike_shape": 16800647
  }
}