{
  "model_spike_times_same_across_sweeps": {
    "n1": 1,
    "n2": 1
  },
  "run_model_spike_times_match_database": {
    "n2": true
  },
  "n2_after_opt_sanitycheck": 0.9681295479305954,
  "after_opt": {
    "noise_1": 0.965128822104046,
    "noise_2": 0.968130520208918
  },
  "before_opt": {
    "noise_1": 0.9757826461757353,
    "noise_2": 0.9769923469632238
  }
}