{
  "model_spike_times_same_across_sweeps": {
    "n1": 1,
    "n2": 1
  },
  "run_model_spike_times_match_database": {
    "n2": true
  },
  "n2_after_opt_sanitycheck": 0.5733142046797222,
  "after_opt": {
    "noise_1": 0.260305463935782,
    "noise_2": 0.573308703481308
  },
  "before_opt": {
    "noise_1": 0.20671822239080648,
    "noise_2": 0.5509787314816973
  }
}