{
  "model_spike_times_same_across_sweeps": {
    "n1": 1,
    "n2": 1
  },
  "run_model_spike_times_match_database": {
    "n2": true
  },
  "n2_after_opt_sanitycheck": 0.6895473389058538,
  "after_opt": {
    "noise_1": 0.7003426123392266,
    "noise_2": 0.689526389854508
  },
  "before_opt": {
    "noise_1": 0.49321479583118616,
    "noise_2": 0.509855481648245
  }
}