{
  "model_spike_times_same_across_sweeps": {
    "n1": 1,
    "n2": 1
  },
  "run_model_spike_times_match_database": {
    "n2": true
  },
  "n2_after_opt_sanitycheck": 0.8920711194458356,
  "after_opt": {
    "noise_1": 0.890233630542028,
    "noise_2": 0.892066953468587
  },
  "before_opt": {
    "noise_1": 0.9103550347273974,
    "noise_2": 0.9013171200670584
  }
}