{
  "noise1": {
    "RSS_of_voltage_diff": 128.73100063360778,
    "var_of_voltage_difference": 2.120173830758296e-05,
    "var_of_voltage_data": 9.407548491523193e-05,
    "num_data_points_wo_spike_shape": 5586238
  },
  "noise2": {
    "RSS_of_voltage_diff": 122.49722048723893,
    "var_of_voltage_difference": 2.0702529675194336e-05,
    "var_of_voltage_data": 9.468798762860989e-05,
    "num_data_points_wo_spike_shape": 5586773
  }
}