{
  "noise1": {
    "RSS_of_voltage_diff": 226.92997677676695,
    "var_of_voltage_difference": 1.9730598926658894e-05,
    "var_of_voltage_data": 0.00016016381522093048,
    "num_data_points_wo_spike_shape": 11197710
  },
  "noise2": {
    "RSS_of_voltage_diff": 264.71195295613404,
    "var_of_voltage_difference": 2.128728700168226e-05,
    "var_of_voltage_data": 0.00017119234908833145,
    "num_data_points_wo_spike_shape": 11194734
  }
}