{
  "model_spike_times_same_across_sweeps": {
    "n1": 1,
    "n2": 1
  },
  "run_model_spike_times_match_database": {
    "n2": true
  },
  "n2_after_opt_sanitycheck": 0.589249464060453,
  "after_opt": {
    "noise_1": 0.6526202033423155,
    "noise_2": 0.589242783084874
  },
  "before_opt": {
    "noise_1": 0.5848966097751456,
    "noise_2": 0.6526357780283882
  }
}