{
  "model_spike_times_same_across_sweeps": {
    "n1": 1,
    "n2": 1
  },
  "run_model_spike_times_match_database": {
    "n2": true
  },
  "n2_after_opt_sanitycheck": 0.578347339344866,
  "after_opt": {
    "noise_1": 0.6535205106412867,
    "noise_2": 0.578344993942325
  },
  "before_opt": {
    "noise_1": 0.32744325169698707,
    "noise_2": 0.3768460239413358
  }
}