{
  "model_spike_times_same_across_sweeps": {
    "n1": 1,
    "n2": 1
  },
  "run_model_spike_times_match_database": {
    "n2": true
  },
  "n2_after_opt_sanitycheck": 0.5804529655740722,
  "after_opt": {
    "noise_1": 0.6051816140804532,
    "noise_2": 0.580445088201551
  },
  "before_opt": {
    "noise_1": 0.21082532759444114,
    "noise_2": 0.1887964432323231
  }
}