{
  "model_spike_times_same_across_sweeps": {
    "n1": 1,
    "n2": 1
  },
  "run_model_spike_times_match_database": {
    "n2": true
  },
  "n2_after_opt_sanitycheck": 0.5755973752529081,
  "after_opt": {
    "noise_1": 0.6257259573449826,
    "noise_2": 0.575601360378573
  },
  "before_opt": {
    "noise_1": 0.6478043408988857,
    "noise_2": 0.5694091556234046
  }
}