{
  "model_spike_times_same_across_sweeps": {
    "n1": 1,
    "n2": 1
  },
  "run_model_spike_times_match_database": {
    "n2": true
  },
  "n2_after_opt_sanitycheck": 0.7971037534027805,
  "after_opt": {
    "noise_1": 0.8106624596999865,
    "noise_2": 0.79709791848914
  },
  "before_opt": {
    "noise_1": 0.3688973628211979,
    "noise_2": 0.3843727620577916
  }
}