{
  "model_spike_times_same_across_sweeps": {
    "n1": 1,
    "n2": 1
  },
  "run_model_spike_times_match_database": {
    "n2": true
  },
  "n2_after_opt_sanitycheck": 0.8823001093024163,
  "after_opt": {
    "noise_1": 0.9042605866040028,
    "noise_2": 0.882307633686079
  },
  "before_opt": {
    "noise_1": 0.7676881433874776,
    "noise_2": 0.7616827715612464
  }
}