{
  "model_spike_times_same_across_sweeps": {
    "n1": 1,
    "n2": 1
  },
  "run_model_spike_times_match_database": {
    "n2": true
  },
  "n2_after_opt_sanitycheck": 0.572401826388964,
  "after_opt": {
    "noise_1": 0.6213514658199502,
    "noise_2": 0.572392817020846
  },
  "before_opt": {
    "noise_1": 0.10424688444963312,
    "noise_2": 0.10550162259709892
  }
}