{
  "El": {
    "El_max_subth_long_square": {
      "dependencies": null, 
      "value": -0.0797110214233398
    }, 
    "El_noise": {
      "measured": {
        "dependencies": null, 
        "list": [
          -0.07960881805419921, 
          -0.079798957824707, 
          -0.07981667327880859, 
          -0.0799454345703125
        ], 
        "mean": -0.079792470932006823
      }
    }, 
    "El_ramp": {
      "dependencies": null, 
      "value": -0.07932851409912109
    }, 
    "El_suprathreshold_blip": {
      "dependencies": null, 
      "value": -0.0740736618041992
    }, 
    "El_subthreshold_blip": {
      "dependencies": null, 
      "value": -0.0784835433959961
    }
  }, 
  "spike_cut_length": {
    "no deltaV shift": {
      "slope": 0.72679475583576802, 
      "length": 77.0, 
      "intercept": 0.0039889309660529823, 
      "dependencies": null
    }
  }, 
  "threshold_adaptation": {
    "b_spike_component_of_threshold": 337.8222053765719, 
    "b_voltage_comp_of_thr_from_fitab": 102.44942288229592, 
    "b_voltage_comp_of_thr_from_fitabth": 138.61048545850201, 
    "a_voltage_comp_of_thr_from_fitab": 30.070326090801835, 
    "a_spike_component_of_threshold": 0.0045852365464735889, 
    "a_voltage_comp_of_thr_from_fitabth": 96.133590172887722
  }, 
  "th_inf": {
    "via_Vmeasure": {
      "from_zero": 0.025085924943009472, 
      "dependencies": "measured from suprathreshold blip", 
      "value": -0.048987736861189735
    }, 
    "fit_with_v_comp_of_th": {
      "from_zero": 0.016384775816463013, 
      "value": -0.063407695115543811
    }
  }, 
  "resistance": {
    "R_test_list": {
      "list": [
        138029770.05616984, 
        133295187.53603095, 
        133525924.69241408, 
        131637517.46114321
      ], 
      "mean": 134122099.9364395
    }, 
    "R_fit_ASC_and_R": {
      "list": [
        130573484.88751997, 
        128805586.68318678, 
        127229135.18734272, 
        126358923.5031981
      ], 
      "mean": 128241782.56531189
    }, 
    "R_from_lims": {
      "value": 133281290.53115799
    }
  }, 
  "asc": {
    "amp": [
      -1.412391316235135e-11, 
      -1.7582657789589868e-10
    ], 
    "k": [
      3.0, 
      100.0
    ], 
    "dependencies": "Cap and res from least squares"
  }, 
  "capacitance": {
    "C_from_lims": {
      "value": 9.209249217108747e-11
    }, 
    "C_test_list": {
      "list": [
        9.10439693402917e-11, 
        8.8243740575835745e-11, 
        9.2832975360835786e-11, 
        8.8346508977144126e-11
      ], 
      "mean": 9.0116798563526842e-11
    }
  }, 
  "MLIN": {
    "tau_from_AC": 0.042419569885961197, 
    "sv_for_expsymm": 0.00060986496763925225, 
    "var_of_section": 7.4387055750725236e-07
  }, 
  "sweep_properties": {
    "multi_short_square": {
      "sweep_num": [
        70, 
        71, 
        72, 
        73, 
        74, 
        75, 
        76, 
        77, 
        78, 
        79, 
        80, 
        81, 
        82, 
        83, 
        84, 
        85, 
        86, 
        87, 
        88, 
        89, 
        90
      ]
    }, 
    "noise1": {
      "1": {
        "sweep_num": 59, 
        "El": -0.07960881805419921, 
        "spike_ind": [
          200950, 
          202643, 
          203473, 
          204592, 
          218190, 
          220971, 
          222957, 
          223765, 
          224649, 
          238564, 
          241011, 
          242919, 
          243821, 
          244677, 
          258216, 
          360685, 
          360891, 
          361382, 
          361832, 
          362345, 
          362738, 
          363167, 
          363541, 
          364167, 
          364576, 
          364856, 
          365898, 
          366622, 
          367848, 
          368552, 
          369213, 
          373173, 
          374766, 
          375329, 
          376379, 
          377111, 
          378000, 
          378550, 
          380833, 
          381451, 
          382564, 
          383185, 
          383656, 
          384399, 
          384724, 
          385933, 
          387890, 
          389137, 
          393174, 
          394805, 
          396400, 
          397149, 
          398009, 
          398707, 
          400840, 
          401487, 
          402556, 
          403188, 
          403676, 
          404447, 
          404771, 
          407900, 
          409289, 
          415226, 
          416423, 
          417183, 
          418097, 
          418709
        ]
      }, 
      "3": {
        "sweep_num": 63, 
        "El": -0.07981667327880859, 
        "spike_ind": [
          200956, 
          202776, 
          203656, 
          204602, 
          209485, 
          218184, 
          220985, 
          222969, 
          223804, 
          224675, 
          238538, 
          240962, 
          242894, 
          243637, 
          244653, 
          258582, 
          360677, 
          360916, 
          361367, 
          361827, 
          362356, 
          362750, 
          363163, 
          363536, 
          364335, 
          364647, 
          364939, 
          365872, 
          366533, 
          367587, 
          368458, 
          369154, 
          373145, 
          374506, 
          375226, 
          376349, 
          377104, 
          377975, 
          378549, 
          380829, 
          381464, 
          382389, 
          382905, 
          383544, 
          384376, 
          384692, 
          387892, 
          389175, 
          393167, 
          394806, 
          396397, 
          397101, 
          397980, 
          398540, 
          400868, 
          401459, 
          402419, 
          402912, 
          403567, 
          404392, 
          404729, 
          407918, 
          409390, 
          415227, 
          416388, 
          417114, 
          417976, 
          418580
        ]
      }, 
      "2": {
        "sweep_num": 61, 
        "El": -0.079798957824707, 
        "spike_ind": [
          200943, 
          202593, 
          203314, 
          204493, 
          204918, 
          218600, 
          220976, 
          222930, 
          223792, 
          224682, 
          238458, 
          240994, 
          243577, 
          244652, 
          258189, 
          360681, 
          360904, 
          361358, 
          361798, 
          362343, 
          362740, 
          363170, 
          363547, 
          364280, 
          364646, 
          365879, 
          366572, 
          367591, 
          368024, 
          369110, 
          371976, 
          373144, 
          374736, 
          375246, 
          376380, 
          377105, 
          377987, 
          378559, 
          380802, 
          381092, 
          382386, 
          382892, 
          383552, 
          384382, 
          384724, 
          386634, 
          387896, 
          389139, 
          393199, 
          394779, 
          396398, 
          397158, 
          398083, 
          398668, 
          400827, 
          401492, 
          402707, 
          403278, 
          403791, 
          404462, 
          404781, 
          407920, 
          409200, 
          413177, 
          415232, 
          416434, 
          417124, 
          417980, 
          418569
        ]
      }, 
      "5": {
        "sweep_num": null, 
        "El": null, 
        "spike_ind": null
      }, 
      "4": {
        "sweep_num": 65, 
        "El": -0.0799454345703125,