{
  "El": {
    "El_max_subth_long_square": {
      "dependencies": null, 
      "value": -0.07766952514648441
    }, 
    "El_noise": {
      "measured": {
        "dependencies": null, 
        "list": [
          -0.0764997482299805, 
          -0.0762350006103516, 
          -0.07700966644287109
        ], 
        "mean": -0.076581471761067735
      }
    }, 
    "El_ramp": {
      "dependencies": null, 
      "value": -0.0778948822021484
    }, 
    "El_suprathreshold_blip": {
      "dependencies": null, 
      "value": -0.078035530090332
    }, 
    "El_subthreshold_blip": {
      "dependencies": null, 
      "value": -0.0780310745239258
    }
  }, 
  "spike_cut_length": {
    "no deltaV shift": {
      "slope": 0.65834236162716198, 
      "length": 168.0, 
      "intercept": 0.0081850109062816326, 
      "dependencies": null
    }
  }, 
  "threshold_adaptation": {
    "b_spike_component_of_threshold": null, 
    "b_voltage_comp_of_thr_from_fitab": null, 
    "b_voltage_comp_of_thr_from_fitabth": null, 
    "a_voltage_comp_of_thr_from_fitab": null, 
    "a_spike_component_of_threshold": null, 
    "a_voltage_comp_of_thr_from_fitabth": null
  }, 
  "th_inf": {
    "via_Vmeasure": {
      "from_zero": 0.027909410536114579, 
      "dependencies": "measured from suprathreshold blip", 
      "value": -0.050126119554217419
    }, 
    "fit_with_v_comp_of_th": {
      "from_zero": null, 
      "value": null
    }
  }, 
  "resistance": {
    "R_test_list": {
      "list": [
        93388489.27939707, 
        96514171.105052754, 
        101131609.24875572
      ], 
      "mean": 97011423.211068511
    }, 
    "R_fit_ASC_and_R": {
      "list": [
        88245925.65095964, 
        91857420.7010272, 
        91494637.71349652
      ], 
      "mean": 90532661.355161116
    }, 
    "R_from_lims": {
      "value": 74999883.7709427
    }
  }, 
  "asc": {
    "amp": [
      -3.486987979847485e-11, 
      -5.707040017400332e-10
    ], 
    "k": [
      3.0, 
      100.0
    ], 
    "dependencies": "Cap and res from least squares"
  }, 
  "capacitance": {
    "C_from_lims": {
      "value": 2.7536220779462036e-10
    }, 
    "C_test_list": {
      "list": [
        2.3974660714826865e-10, 
        2.167332492350119e-10, 
        2.2627131327386695e-10
      ], 
      "mean": 2.2758372321904915e-10
    }
  }, 
  "MLIN": {
    "tau_from_AC": 0.041331387025465148, 
    "sv_for_expsymm": 0.00024413899412008966, 
    "var_of_section": 1.1920769689993835e-07
  }, 
  "sweep_properties": {
    "multi_short_square": {
      "sweep_num": null
    }, 
    "noise1": {
      "1": {
        "sweep_num": 58, 
        "El": -0.0764997482299805, 
        "spike_ind": [
          251128, 
          251778, 
          252995, 
          253737, 
          254537, 
          255576, 
          258304, 
          260503, 
          261818, 
          267349, 
          270600, 
          272628, 
          276147, 
          278406, 
          279647, 
          280826, 
          286856, 
          294148, 
          296543, 
          298147, 
          301171, 
          303532, 
          304677, 
          305850, 
          311849, 
          320644, 
          322687, 
          450844, 
          451112, 
          451698, 
          452313, 
          452975, 
          453507, 
          454106, 
          454729, 
          455477, 
          456001, 
          457363, 
          458290, 
          459484, 
          460635, 
          461540, 
          464877, 
          466440, 
          468453, 
          470476, 
          471420, 
          472494, 
          473464, 
          475935, 
          478331, 
          479475, 
          480531, 
          482475, 
          484865, 
          486568, 
          491446, 
          494052, 
          495503, 
          496549, 
          497664, 
          500956, 
          503457, 
          504466, 
          505577, 
          509903, 
          511778, 
          516466, 
          519061, 
          520512, 
          522623
        ]
      }, 
      "3": {
        "sweep_num": 62, 
        "El": -0.07700966644287109, 
        "spike_ind": [
          251123, 
          251868, 
          253007, 
          253727, 
          254574, 
          255601, 
          257445, 
          259831, 
          261551, 
          267081, 
          269106, 
          270696, 
          272645, 
          276125, 
          278457, 
          279642, 
          280805, 
          292124, 
          295544, 
          297647, 
          301139, 
          303427, 
          304652, 
          305796, 
          309949, 
          320641, 
          322661, 
          450851, 
          451133, 
          451723, 
          452293, 
          452949, 
          453525, 
          454358, 
          455184, 
          455788, 
          457337, 
          458175, 
          459269, 
          459941, 
          461367, 
          464866, 
          466404, 
          468467, 
          470433, 
          471397, 
          472473, 
          473428, 
          475877, 
          478298, 
          479419, 
          480514, 
          482450, 
          484539, 
          486515, 
          489982, 
          491461, 
          493474, 
          495497, 
          496457, 
          497598, 
          500936, 
          503452, 
          504480, 
          505527, 
          507476, 
          509892, 
          511795, 
          516454, 
          519081, 
          520496, 
          521496, 
          522592
        ]
      }, 
      "2": {
        "sweep_num": 60, 
        "El": -0.0762350006103516, 
        "spike_ind": [
          251123, 
          251812, 
          252986, 
          253695, 
          254591, 
          255706, 
          259920, 
          261779, 
          266593, 
          269078, 
          270656, 
          272653, 
          276118, 
          278481, 
          279698, 
          280809, 
          284953, 
          294087, 
          295686, 
          297704, 
          301124, 
          303481, 
          304728, 
          305850, 
          320664, 
          322679, 
          450842, 
          451121, 
          451691, 
          452261, 
          452961, 
          453520, 
          454323, 
          455192, 
          455793, 
          457355, 
          458233, 
          459469, 
          460505, 
          461437, 
          464861, 
          466418, 
          468152, 
          469079, 
          470462, 
          471399, 
          472514, 
          473434, 
          475884, 
          478424, 
          479453, 
          480524, 
          482466, 
          484888, 
          486528, 
          490018, 
          491466, 
          493511, 
          495463, 
          496524, 
          497580, 
          500898, 
          503432, 
          504481, 
          505553, 
          509888, 
          511556, 
          516492, 
          518483, 
          520517, 
          521519, 
          522664
        ]
      }, 
      "5": {
        "sweep_num": null, 
        "El": null, 
        "spike_ind": null
      }, 
      "4": {
        "sweep_num": null, 
        "El": null, 
        "spike_ind": null
      }
    }, 
    "ramp": {
      "sweep_num": [
        5, 
        6, 
        7
      ]
    }, 
    "max_subthresh_long_square": {
      "sweep_num": [
        42
      ]
    }, 
    "suprathreshold_short_square": {
      "R_testpulsesweep_num": [
        22
      ]
    }, 
    "subthreshold_short_square": {
      "sweep_num": [
        21
      ]
    }
  }, 
  "spike_cutting": {
    "NOdeltaV": {
      "slope": 0.65834236162716198, 
      "intercept": 0.0081850109062816326, 
      "cut_length": 168.0, 
      "dependencies": null
    }
  }, 
  "dt_used_for_preprocessor_calculations": 5e-05
}