{
  "model_spike_times_same_across_sweeps": {
    "n1": 1,
    "n2": 1
  },
  "run_model_spike_times_match_database": {
    "n2": true
  },
  "n2_after_opt_sanitycheck": 0.9520832600205318,
  "after_opt": {
    "noise_1": 0.9616978815517481,
    "noise_2": 0.952082555573422
  },
  "before_opt": {
    "noise_1": 0.9624034866479798,
    "noise_2": 0.9505884417497974
  }
}