{
  "model_spike_times_same_across_sweeps": {
    "n1": 1,
    "n2": 1
  },
  "run_model_spike_times_match_database": {
    "n2": true
  },
  "n2_after_opt_sanitycheck": 0.9240783623445243,
  "after_opt": {
    "noise_1": 0.9282646838995273,
    "noise_2": 0.92410044283757
  },
  "before_opt": {
    "noise_1": 0.938621997705347,
    "noise_2": 0.9253692847158648
  }
}