{
  "El": {
    "El_max_subth_long_square": {
      "dependencies": null, 
      "value": -0.0803174285888672
    }, 
    "El_noise": {
      "measured": {
        "dependencies": null, 
        "list": [
          -0.0799045562744141, 
          -0.0801510314941406, 
          -0.0804958953857422, 
          -0.0799066848754883
        ], 
        "mean": -0.080114542007446304
      }
    }, 
    "El_ramp": {
      "dependencies": null, 
      "value": -0.080334587097168
    }, 
    "El_suprathreshold_blip": {
      "dependencies": null, 
      "value": -0.08028960418701171
    }, 
    "El_subthreshold_blip": {
      "dependencies": null, 
      "value": -0.0806243286132812
    }
  }, 
  "spike_cut_length": {
    "no deltaV shift": {
      "slope": 0.35164081523552632, 
      "length": 71.0, 
      "intercept": 0.015664655981726304, 
      "dependencies": null
    }
  }, 
  "threshold_adaptation": {
    "b_spike_component_of_threshold": null, 
    "b_voltage_comp_of_thr_from_fitab": null, 
    "b_voltage_comp_of_thr_from_fitabth": null, 
    "a_voltage_comp_of_thr_from_fitab": null, 
    "a_spike_component_of_threshold": null, 
    "a_voltage_comp_of_thr_from_fitabth": null
  }, 
  "th_inf": {
    "via_Vmeasure": {
      "from_zero": 0.0285295173089678, 
      "dependencies": "measured from suprathreshold blip", 
      "value": -0.051760086878043912
    }, 
    "fit_with_v_comp_of_th": {
      "from_zero": null, 
      "value": null
    }
  }, 
  "resistance": {
    "R_test_list": {
      "list": [
        142225893.55407354, 
        133454208.5568237, 
        128594803.59854814, 
        129606287.86885704
      ], 
      "mean": 133470298.3945756
    }, 
    "R_fit_ASC_and_R": {
      "list": [
        136259538.59648588, 
        128299587.94533972, 
        118518983.48114017, 
        120698015.69725828
      ], 
      "mean": 125944031.43005602
    }, 
    "R_from_lims": {
      "value": 136406332.25441
    }
  }, 
  "asc": {
    "amp": [
      -7.642183677063977e-12, 
      -1.8405913346862692e-10
    ], 
    "k": [
      3.0, 
      100.0
    ], 
    "dependencies": "Cap and res from least squares"
  }, 
  "capacitance": {
    "C_from_lims": {
      "value": 1.1421733421094682e-10
    }, 
    "C_test_list": {
      "list": [
        9.184048516963964e-11, 
        8.8775485804095669e-11, 
        8.738976019844404e-11, 
        8.8295998517405711e-11
      ], 
      "mean": 8.9075432422396255e-11
    }
  }, 
  "MLIN": {
    "tau_from_AC": 0.026599767694087183, 
    "sv_for_expsymm": 0.0005677003167876936, 
    "var_of_section": 6.4456729936169535e-07
  }, 
  "sweep_properties": {
    "multi_short_square": {
      "sweep_num": null
    }, 
    "noise1": {
      "1": {
        "sweep_num": 80, 
        "El": -0.0799045562744141, 
        "spike_ind": [
          200930, 
          201570, 
          202855, 
          203608, 
          204523, 
          216458, 
          218264, 
          220997, 
          224680, 
          240978, 
          243747, 
          244684, 
          360696, 
          360868, 
          361074, 
          361440, 
          361898, 
          362382, 
          362786, 
          363204, 
          363603, 
          364336, 
          364665, 
          365884, 
          366544, 
          367587, 
          368434, 
          369144, 
          371957, 
          373132, 
          374579, 
          375232, 
          376378, 
          377146, 
          377967, 
          378548, 
          380770, 
          381072, 
          382443, 
          382933, 
          383552, 
          384400, 
          384751, 
          387909, 
          389224, 
          395253, 
          396415, 
          397214, 
          398044, 
          398626, 
          400863, 
          402803, 
          403596, 
          404471, 
          404834, 
          407942, 
          409441, 
          416557, 
          418095, 
          418738
        ]
      }, 
      "3": {
        "sweep_num": 84, 
        "El": -0.0804958953857422, 
        "spike_ind": [
          200994, 
          202917, 
          203760, 
          204714, 
          221041, 
          224728, 
          241086, 
          244712, 
          360736, 
          360908, 
          361332, 
          361795, 
          362373, 
          362771, 
          363182, 
          363585, 
          364334, 
          364662, 
          365932, 
          367877, 
          369251, 
          373221, 
          375313, 
          376416, 
          377155, 
          378076, 
          378716, 
          380860, 
          381496, 
          382727, 
          383275, 
          383793, 
          384447, 
          384793, 
          395348, 
          396555, 
          398103, 
          398729, 
          400874, 
          402827, 
          403566, 
          404455, 
          404780, 
          416535, 
          417253, 
          418196
        ]
      }, 
      "2": {
        "sweep_num": 82, 
        "El": -0.0801510314941406, 
        "spike_ind": [
          200986, 
          202879, 
          203653, 
          204646, 
          220996, 
          223028, 
          224701, 
          241012, 
          244670, 
          360724, 
          360896, 
          361388, 
          361822, 
          362360, 
          362756, 
          363186, 
          363582, 
          364362, 
          364676, 
          365922, 
          367884, 
          368504, 
          369158, 
          373149, 
          375207, 
          376425, 
          377162, 
          378045, 
          378724, 
          380854, 
          382763, 
          383230, 
          383762, 
          384423, 
          384781, 
          387976, 
          396436, 
          397256, 
          398150, 
          398771, 
          400857, 
          402786, 
          403555, 
          404461, 
          404791, 
          407967, 
          409450, 
          415316, 
          416514, 
          418164, 
          418758
        ]
      }, 
      "5": {
        "sweep_num": null, 
        "El": null, 
        "spike_ind": null
      }, 
      "4": {
        "sweep_num": 86, 
        "El": -0.0799066848754883, 
        "spike_ind": [
          200998, 
          204667, 
          221108, 
          224710, 
          244822, 
          360692, 
          360892, 
          361332, 
          361779, 
          362385, 
          362798, 
          363227, 
          363594, 
          364330, 
          364668, 
          365936, 
          367874, 
          369346, 
          376478, 
          377254, 
          377989, 
          378600, 
          380851, 
          382723, 
          383231, 
          383731, 
          384435, 
          384783, 
          387958, 
          396532, 
          397230, 
          398087, 
          398743, 
          400906, 
          402862, 
          403574, 
          404650, 
          407981, 
          416471, 
          418127, 
          418763
        ]
      }
    }, 
    "ramp": {
      "sweep_num": [
        26, 
        27, 
        28
      ]
    }, 
    "max_subthresh_long_square": {
      "sweep_num": [
        75
      ]
    }, 
    "suprathreshold_short_square": {
      "R_testpulsesweep_num": [
        39, 
        41
      ]
    }, 
    "subthreshold_short_square": {
      "sweep_num": [
        47
      ]
    }
  }, 
  "spike_cutting": {
    "NOdeltaV": {
      "slope": 0.35164081523552632, 
      "intercept": 0.015664655981726304, 
      "cut_length": 71.0, 
      "dependencies": null
    }
  }, 
  "dt_used_for_preprocessor_calculations": 5e-05
}