{
  "model_spike_times_same_across_sweeps": {
    "n1": 1,
    "n2": 1
  },
  "run_model_spike_times_match_database": {
    "n2": true
  },
  "n2_after_opt_sanitycheck": 0.8185830503770644,
  "after_opt": {
    "noise_1": 0.8294781315817746,
    "noise_2": 0.818576094084377
  },
  "before_opt": {
    "noise_1": 0.7974224915772709,
    "noise_2": 0.8066853356230811
  }
}