{
  "model_spike_times_same_across_sweeps": {
    "n1": 1,
    "n2": 1
  },
  "run_model_spike_times_match_database": {
    "n2": true
  },
  "n2_after_opt_sanitycheck": 0.7664062862346585,
  "after_opt": {
    "noise_1": 0.7536309363979594,
    "noise_2": 0.766395562558279
  },
  "before_opt": {
    "noise_1": 0.7291262836302976,
    "noise_2": 0.7584314403862469
  }
}