{
  "noise1": {
    "RSS_of_voltage_diff": 105.98459110143669,
    "var_of_voltage_difference": 1.872334652876014e-05,
    "var_of_voltage_data": 0.00015609247447429818,
    "num_data_points_wo_spike_shape": 5579640
  },
  "noise2": {
    "RSS_of_voltage_diff": 87.89047699169478,
    "var_of_voltage_difference": 2.0132799471372912e-05,
    "var_of_voltage_data": 0.00015279004499718537,
    "num_data_points_wo_spike_shape": 4182588
  }
}