{
  "model_spike_times_same_across_sweeps": {
    "n1": 1,
    "n2": 1
  },
  "run_model_spike_times_match_database": {
    "n2": true
  },
  "n2_after_opt_sanitycheck": 0.7959435090758836,
  "after_opt": {
    "noise_1": 0.7357607535299083,
    "noise_2": 0.795936116696107
  },
  "before_opt": {
    "noise_1": 0.6970004361661967,
    "noise_2": 0.7501218034498819
  }
}