{
  "model_spike_times_same_across_sweeps": {
    "n1": 1,
    "n2": 1
  },
  "run_model_spike_times_match_database": {
    "n2": true
  },
  "n2_after_opt_sanitycheck": 0.6290044611448543,
  "after_opt": {
    "noise_1": 0.6204704194332114,
    "noise_2": 0.629003039076527
  },
  "before_opt": {
    "noise_1": 0.31751785545544514,
    "noise_2": 0.39492279614973874
  }
}