{
  "noise1": {
    "RSS_of_voltage_diff": 49.07882662778399,
    "var_of_voltage_difference": 1.566389758654707e-05,
    "var_of_voltage_data": 0.00012147156992598877,
    "num_data_points_wo_spike_shape": 2791930
  },
  "noise2": {
    "RSS_of_voltage_diff": 43.3717810712537,
    "var_of_voltage_difference": 1.3628526110359843e-05,
    "var_of_voltage_data": 0.00012498516728645353,
    "num_data_points_wo_spike_shape": 2793260
  }
}