{
  "model_spike_times_same_across_sweeps": {
    "n1": 1,
    "n2": 1
  },
  "run_model_spike_times_match_database": {
    "n2": true
  },
  "n2_after_opt_sanitycheck": 0.890831437967701,
  "after_opt": {
    "noise_1": 0.7413282364442354,
    "noise_2": 0.890784786050931
  },
  "before_opt": {
    "noise_1": 0.6625669475636329,
    "noise_2": 0.6569562083786318
  }
}