{
  "model_spike_times_same_across_sweeps": {
    "n1": 1,
    "n2": 1
  },
  "run_model_spike_times_match_database": {
    "n2": true
  },
  "n2_after_opt_sanitycheck": 0.5532933888763129,
  "after_opt": {
    "noise_1": 0.3834183133708855,
    "noise_2": 0.553603371249408
  },
  "before_opt": {
    "noise_1": 0.590725194804914,
    "noise_2": 0.4717295392590386
  }
}