{
  "model_spike_times_same_across_sweeps": {
    "n1": 1,
    "n2": 1
  },
  "run_model_spike_times_match_database": {
    "n2": true
  },
  "n2_after_opt_sanitycheck": 0.6247666697312203,
  "after_opt": {
    "noise_1": 0.40356866340576714,
    "noise_2": 0.624733357188053
  },
  "before_opt": {
    "noise_1": 0.3989520540690356,
    "noise_2": 0.4015805207071177
  }
}