{
  "model_spike_times_same_across_sweeps": {
    "n1": 1,
    "n2": 1
  },
  "run_model_spike_times_match_database": {
    "n2": true
  },
  "n2_after_opt_sanitycheck": 0.5780110825178244,
  "after_opt": {
    "noise_1": 0.37803084788915897,
    "noise_2": 0.578040843522741
  },
  "before_opt": {
    "noise_1": 0.16941398964463208,
    "noise_2": 0.1890351329009714
  }
}