{
  "model_spike_times_same_across_sweeps": {
    "n1": 1,
    "n2": 1
  },
  "run_model_spike_times_match_database": {
    "n2": true
  },
  "n2_after_opt_sanitycheck": 0.5930898069425884,
  "after_opt": {
    "noise_1": 0.6464048960322625,
    "noise_2": 0.593058465532319
  },
  "before_opt": {
    "noise_1": 0.4615240715778689,
    "noise_2": 0.4918621560524075
  }
}