{
  "noise1": {
    "RSS_of_voltage_diff": 72.16753779914788,
    "var_of_voltage_difference": 1.2357187267304515e-05,
    "var_of_voltage_data": 6.787326131101396e-05,
    "num_data_points_wo_spike_shape": 5578528
  },
  "noise2": {
    "RSS_of_voltage_diff": 92.19334516821762,
    "var_of_voltage_difference": 1.4696310512671898e-05,
    "var_of_voltage_data": 7.032900878809374e-05,
    "num_data_points_wo_spike_shape": 5576339
  }
}