{
  "noise1": {
    "RSS_of_voltage_diff": 47.298565701671286,
    "var_of_voltage_difference": 9.381902121333946e-06,
    "var_of_voltage_data": 0.00014404216288210344,
    "num_data_points_wo_spike_shape": 4181400
  },
  "noise2": {
    "RSS_of_voltage_diff": 40.00683936018577,
    "var_of_voltage_difference": 1.178981282494631e-05,
    "var_of_voltage_data": 0.00014009300014313118,
    "num_data_points_wo_spike_shape": 2786448
  }
}