{
  "model_spike_times_same_across_sweeps": {
    "n1": 1,
    "n2": 1
  },
  "run_model_spike_times_match_database": {
    "n2": true
  },
  "n2_after_opt_sanitycheck": 0.6926643800673725,
  "after_opt": {
    "noise_1": 0.6861938323369189,
    "noise_2": 0.692665551660974
  },
  "before_opt": {
    "noise_1": 0.4866419899254454,
    "noise_2": 0.5079606851527783
  }
}