{
  "model_spike_times_same_across_sweeps": {
    "n1": 1,
    "n2": 1
  },
  "run_model_spike_times_match_database": {
    "n2": true
  },
  "n2_after_opt_sanitycheck": 0.8187597706538724,
  "after_opt": {
    "noise_1": 0.8169490532204151,
    "noise_2": 0.818771040000052
  },
  "before_opt": {
    "noise_1": 0.6006113531693463,
    "noise_2": 0.6445889609901061
  }
}