{
  "El_reference": -0.06673527781168621,
  "C": 1.0104843115195005e-10,
  "asc_amp_array": [
    -1.4930999540446485e-11,
    -6.615531050999111e-11
  ],
  "init_threshold": 0.02390700072164112,
  "threshold_reset_method": {
    "params": {
      "a_spike": 0.007250976203403306,
      "b_spike": 67.16456596275961
    },
    "name": "three_components"
  },
  "th_inf": 0.02390700072164112,
  "spike_cut_length": 96,
  "init_AScurrents": [
    0.0,
    0.0
  ],
  "init_voltage": 0.0,
  "threshold_dynamics_method": {
    "params": {
      "b_voltage": 0,
      "a_spike": 0.007250976203403306,
      "b_spike": 67.16456596275961,
      "a_voltage": 0
    },
    "name": "spike_component"
  },
  "voltage_reset_method": {
    "params": {
      "a": 0.8999318240220462,
      "b": -0.0043185474958688935
    },
    "name": "v_before"
  },
  "extrapolation_method_name": "endpoints",
  "dt": 5e-05,
  "voltage_dynamics_method": {
    "params": {},
    "name": "linear_forward_euler"
  },
  "El": 0.0,
  "asc_tau_array": [
    0.3333333333333333,
    0.03333333333333334
  ],
  "R_input": 190784101.78903508,
  "AScurrent_dynamics_method": {
    "params": {},
    "name": "exp"
  },
  "AScurrent_reset_method": {
    "params": {
      "r": [
        1.0,
        1.0
      ]
    },
    "name": "sum"
  },
  "dt_multiplier": 10,
  "th_adapt": null,
  "coeffs": {
    "a": 1,
    "C": 1,
    "b": 1,
    "G": 1,
    "th_inf": 1.3056310686490575,
    "asc_amp_array": [
      1.0,
      1.0
    ]
  },
  "type": "GLIF"
}