{
  "noise1": {
    "RSS_of_voltage_diff": 54.66604119309356,
    "var_of_voltage_difference": 8.67910333252076e-06,
    "var_of_voltage_data": 0.00011800658271350198,
    "num_data_points_wo_spike_shape": 5589180
  },
  "noise2": {
    "RSS_of_voltage_diff": 42.34470502632713,
    "var_of_voltage_difference": 8.510499158351608e-06,
    "var_of_voltage_data": 0.00011564234383727262,
    "num_data_points_wo_spike_shape": 4190232
  }
}