{
  "model_spike_times_same_across_sweeps": {
    "n1": 1,
    "n2": 1
  },
  "run_model_spike_times_match_database": {
    "n2": true
  },
  "n2_after_opt_sanitycheck": 0.4211311921164309,
  "after_opt": {
    "noise_1": 0.38732010240879894,
    "noise_2": 0.421051426629027
  },
  "before_opt": {
    "noise_1": 0.28543398436861905,
    "noise_2": 0.31779767956959043
  }
}