{
  "model_spike_times_same_across_sweeps": {
    "n1": 1,
    "n2": 1
  },
  "run_model_spike_times_match_database": {
    "n2": true
  },
  "n2_after_opt_sanitycheck": 0.7255774683757213,
  "after_opt": {
    "noise_1": 0.7629883635632435,
    "noise_2": 0.725571594328689
  },
  "before_opt": {
    "noise_1": 0.7587836133251836,
    "noise_2": 0.7689432539285092
  }
}