{
  "El_reference": -0.07699653434753417, 
  "C": 8.300090428625429e-11, 
  "asc_amp_array": [
    -5.586307083485429e-12, 
    -1.746569271017833e-10
  ], 
  "init_threshold": 0.03201101651013174, 
  "threshold_reset_method": {
    "params": {
      "a_spike": 0.001621194588213953, 
      "b_spike": 807.0453001993915
    }, 
    "name": "three_components"
  }, 
  "th_inf": 0.03201101651013174, 
  "spike_cut_length": 87, 
  "init_AScurrents": [
    0.0, 
    0.0
  ], 
  "init_voltage": 0.0, 
  "threshold_dynamics_method": {
    "params": {
      "b_voltage": 0, 
      "a_spike": 0.001621194588213953, 
      "b_spike": 807.0453001993915, 
      "a_voltage": 0
    }, 
    "name": "spike_component"
  }, 
  "voltage_reset_method": {
    "params": {
      "a": 0.4947633717922263, 
      "b": 0.008034105034974124
    }, 
    "name": "v_before"
  }, 
  "extrapolation_method_name": "endpoints", 
  "dt": 5e-05, 
  "voltage_dynamics_method": {
    "params": {}, 
    "name": "linear_forward_euler"
  }, 
  "El": 0.0, 
  "asc_tau_array": [
    0.3333333333333333, 
    0.01
  ], 
  "R_input": 295335237.7420406, 
  "AScurrent_dynamics_method": {
    "params": {}, 
    "name": "exp"
  }, 
  "AScurrent_reset_method": {
    "params": {
      "r": [
        1.0, 
        1.0
      ]
    }, 
    "name": "sum"
  }, 
  "dt_multiplier": 10, 
  "th_adapt": null, 
  "coeffs": {
    "a": 1, 
    "C": 1, 
    "b": 1, 
    "G": 1, 
    "th_inf": 1.029948809118237, 
    "asc_amp_array": [
      1.0, 
      1.0
    ]
  }, 
  "type": "GLIF"
}