{
  "model_spike_times_same_across_sweeps": {
    "n1": 1,
    "n2": 1
  },
  "run_model_spike_times_match_database": {
    "n2": true
  },
  "n2_after_opt_sanitycheck": 0.726892858953258,
  "after_opt": {
    "noise_1": 0.582179355090298,
    "noise_2": 0.726870129686238
  },
  "before_opt": {
    "noise_1": 0.4860679489873105,
    "noise_2": 0.5278071910102019
  }
}