{
  "El_reference": -0.06864430236816405,
  "C": 3.1677566383181453e-10,
  "asc_amp_array": [
    4.28656093418512e-09,
    -2.1573326136738642e-08
  ],
  "init_threshold": 0.024263584229871904,
  "threshold_reset_method": {
    "params": {
      "a_spike": 0.012774776449949569,
      "b_spike": 11.082298478506535
    },
    "name": "three_components"
  },
  "th_inf": 0.024263584229871904,
  "spike_cut_length": 29,
  "init_AScurrents": [
    0.0,
    0.0
  ],
  "init_voltage": 0.0,
  "threshold_dynamics_method": {
    "params": {
      "b_voltage": 3.5691593909463513,
      "a_spike": 0.012774776449949569,
      "b_spike": 11.082298478506535,
      "a_voltage": 1.5531270998260833
    },
    "name": "three_components_exact"
  },
  "voltage_reset_method": {
    "params": {
      "a": 2.7034407297692535,
      "b": -0.017028727316450262
    },
    "name": "v_before"
  },
  "extrapolation_method_name": "endpoints",
  "dt": 5e-05,
  "voltage_dynamics_method": {
    "params": {},
    "name": "linear_forward_euler"
  },
  "El": 0.0,
  "asc_tau_array": [
    0.01,
    0.0033333333333333335
  ],
  "R_input": 130732779.91054967,
  "AScurrent_dynamics_method": {
    "params": {},
    "name": "exp"
  },
  "AScurrent_reset_method": {
    "params": {
      "r": [
        1.0,
        1.0
      ]
    },
    "name": "sum"
  },
  "dt_multiplier": 10,
  "th_adapt": null,
  "coeffs": {
    "a": 1,
    "C": 1,
    "b": 1,
    "G": 1,
    "th_inf": 1.1231590074980944,
    "asc_amp_array": [
      1.0,
      1.0
    ]
  },
  "type": "GLIF"
}