{
  "noise1": {
    "RSS_of_voltage_diff": 8.89860147329051,
    "var_of_voltage_difference": 2.408092436028047e-06,
    "var_of_voltage_data": 6.59880645811353e-05,
    "num_data_points_wo_spike_shape": 2800110
  },
  "noise2": {
    "RSS_of_voltage_diff": 10.929989252143374,
    "var_of_voltage_difference": 3.080182885990801e-06,
    "var_of_voltage_data": 6.336335688796442e-05,
    "num_data_points_wo_spike_shape": 2800530
  }
}