{
  "El": {
    "El_max_subth_long_square": {
      "dependencies": null, 
      "value": -0.0678576202392578
    }, 
    "El_noise": {
      "measured": {
        "dependencies": null, 
        "list": [
          -0.0674846801757812, 
          -0.0665935440063477, 
          -0.06786453247070309
        ], 
        "mean": -0.067314252217610657
      }
    }, 
    "El_ramp": {
      "dependencies": null, 
      "value": -0.0632128601074219
    }, 
    "El_suprathreshold_blip": {
      "dependencies": null, 
      "value": -0.06687895965576171
    }, 
    "El_subthreshold_blip": {
      "dependencies": null, 
      "value": -0.06774066162109381
    }
  }, 
  "spike_cut_length": {
    "no deltaV shift": {
      "slope": 0.36730825131509376, 
      "length": 170.0, 
      "intercept": 0.0042015110094992311, 
      "dependencies": null
    }
  }, 
  "threshold_adaptation": {
    "b_spike_component_of_threshold": 222.00125767411063, 
    "b_voltage_comp_of_thr_from_fitab": 111.4250086754179, 
    "b_voltage_comp_of_thr_from_fitabth": 800.97354516146765, 
    "a_voltage_comp_of_thr_from_fitab": 42.570308916908139, 
    "a_spike_component_of_threshold": 0.002188851470934226, 
    "a_voltage_comp_of_thr_from_fitabth": 537.06661921768705
  }, 
  "th_inf": {
    "via_Vmeasure": {
      "from_zero": 0.017773460676625039, 
      "dependencies": "measured from suprathreshold blip", 
      "value": -0.049105498979136672
    }, 
    "fit_with_v_comp_of_th": {
      "from_zero": 0.0096865813972535353, 
      "value": -0.057627670820357121
    }
  }, 
  "resistance": {
    "R_test_list": {
      "list": [
        178447437.10382104, 
        207599395.61249027, 
        169782597.16918135
      ], 
      "mean": 185276476.62849757
    }, 
    "R_fit_ASC_and_R": {
      "list": [
        243092871.76728532, 
        289708350.65887916, 
        193739441.97110197
      ], 
      "mean": 242180221.46575549
    }, 
    "R_from_lims": {
      "value": 130312532.18650801
    }
  }, 
  "asc": {
    "amp": [
      -3.90367175852808e-11, 
      -2.1352238296735926e-10
    ], 
    "k": [
      10.0, 
      100.0
    ], 
    "dependencies": "Cap and res from least squares"
  }, 
  "capacitance": {
    "C_from_lims": {
      "value": 1.5730177909991234e-10
    }, 
    "C_test_list": {
      "list": [
        1.4233922096028373e-10, 
        1.5505203926376998e-10, 
        1.5479125689553581e-10
      ], 
      "mean": 1.5072750570652984e-10
    }
  }, 
  "MLIN": {
    "tau_from_AC": 0.097521030014366988, 
    "sv_for_expsymm": 0.00095794433758802455, 
    "var_of_section": 1.8353147078339189e-06
  }, 
  "sweep_properties": {
    "multi_short_square": {
      "sweep_num": [
        81, 
        82, 
        83, 
        84, 
        85, 
        86, 
        87, 
        88, 
        89, 
        90, 
        91, 
        92, 
        93, 
        94, 
        95, 
        96, 
        97, 
        98, 
        99, 
        100, 
        101, 
        102
      ]
    }, 
    "noise1": {
      "1": {
        "sweep_num": 53, 
        "El": -0.0674846801757812, 
        "spike_ind": [
          254357, 
          261300, 
          270690, 
          277086, 
          279796, 
          297690, 
          303191, 
          305934, 
          322932, 
          451681, 
          453188, 
          454368, 
          455724, 
          457685, 
          459842, 
          461698, 
          465908, 
          468168, 
          470553, 
          472544, 
          476085, 
          478012, 
          479447, 
          480902, 
          484475, 
          486923, 
          491751, 
          494107, 
          496478, 
          498281, 
          501252, 
          503286, 
          504782, 
          506009, 
          509493, 
          511796, 
          516867, 
          520067, 
          522620
        ]
      }, 
      "3": {
        "sweep_num": 57, 
        "El": -0.06786453247070309, 
        "spike_ind": [
          254464, 
          279031, 
          305879, 
          451610, 
          453404, 
          454632, 
          455896, 
          458033, 
          460387, 
          467184, 
          470116, 
          472618, 
          476217, 
          478451, 
          480425, 
          485410, 
          492319, 
          495432, 
          497728, 
          501167, 
          503453, 
          504768, 
          506099, 
          510652, 
          519430, 
          522370
        ]
      }, 
      "2": {
        "sweep_num": 55, 
        "El": -0.0665935440063477, 
        "spike_ind": [
          252372, 
          254392, 
          256114, 
          260093, 
          268519, 
          271524, 
          276706, 
          279533, 
          281534, 
          286621, 
          293141, 
          297695, 
          301752, 
          304438, 
          308608, 
          319452, 
          451236, 
          452717, 
          453833, 
          455226, 
          456322, 
          458233, 
          460384, 
          463305, 
          466476, 
          468890, 
          471032, 
          472726, 
          476034, 
          477892, 
          479329, 
          480774, 
          482677, 
          485020, 
          486874, 
          491514, 
          494152, 
          496418, 
          497977, 
          501117, 
          503171, 
          504602, 
          505941, 
          509829, 
          511859, 
          516456, 
          519084, 
          521438, 
          523090
        ]
      }, 
      "5": {
        "sweep_num": null, 
        "El": null, 
        "spike_ind": null
      }, 
      "4": {
        "sweep_num": null, 
        "El": null, 
        "spike_ind": null
      }
    }, 
    "ramp": {
      "sweep_num": [
        4, 
        5, 
        6
      ]
    }, 
    "max_subthresh_long_square": {
      "sweep_num": [
        32, 
        45, 
        46
      ]
    }, 
    "suprathreshold_short_square": {
      "R_testpulsesweep_num": [
        80
      ]
    }, 
    "subthreshold_short_square": {
      "sweep_num": [
        20
      ]
    }
  }, 
  "spike_cutting": {
    "NOdeltaV": {
      "slope": 0.36730825131509376, 
      "intercept": 0.0042015110094992311, 
      "cut_length": 170.0, 
      "dependencies": null
    }
  }, 
  "dt_used_for_preprocessor_calculations": 5e-05
}