{
  "El_reference": -0.06731425221761066, 
  "C": 1.5072750570652984e-10, 
  "asc_amp_array": [
    -3.90367175852808e-11, 
    -2.1352238296735926e-10
  ], 
  "init_threshold": 0.01777346067662504, 
  "threshold_reset_method": {
    "params": {
      "a_spike": 0.002188851470934226, 
      "b_spike": 222.00125767411063
    }, 
    "name": "three_components"
  }, 
  "th_inf": 0.01777346067662504, 
  "spike_cut_length": 170, 
  "init_AScurrents": [
    0.0, 
    0.0
  ], 
  "init_voltage": 0.0, 
  "threshold_dynamics_method": {
    "params": {
      "b_voltage": 0, 
      "a_spike": 0.002188851470934226, 
      "b_spike": 222.00125767411063, 
      "a_voltage": 0
    }, 
    "name": "spike_component"
  }, 
  "voltage_reset_method": {
    "params": {
      "a": 0.36730825131509376, 
      "b": 0.004201511009499231
    }, 
    "name": "v_before"
  }, 
  "extrapolation_method_name": "endpoints", 
  "dt": 5e-05, 
  "voltage_dynamics_method": {
    "params": {}, 
    "name": "linear_forward_euler"
  }, 
  "El": 0.0, 
  "asc_tau_array": [
    0.1, 
    0.01
  ], 
  "R_input": 242180221.4657555, 
  "AScurrent_dynamics_method": {
    "params": {}, 
    "name": "exp"
  }, 
  "AScurrent_reset_method": {
    "params": {
      "r": [
        1.0, 
        1.0
      ]
    }, 
    "name": "sum"
  }, 
  "dt_multiplier": 10, 
  "th_adapt": null, 
  "coeffs": {
    "a": 1, 
    "C": 1, 
    "b": 1, 
    "G": 1, 
    "th_inf": 1.2161417726609909, 
    "asc_amp_array": [
      1.0, 
      1.0
    ]
  }, 
  "type": "GLIF"
}