{
  "model_spike_times_same_across_sweeps": {
    "n1": 1,
    "n2": 1
  },
  "run_model_spike_times_match_database": {
    "n2": true
  },
  "n2_after_opt_sanitycheck": 0.45495588357646727,
  "after_opt": {
    "noise_1": 0.5009770747811092,
    "noise_2": 0.45502918733396
  },
  "before_opt": {
    "noise_1": 0.5466874090416122,
    "noise_2": 0.48937905385354924
  }
}