{
  "model_spike_times_same_across_sweeps": {
    "n1": 1,
    "n2": 1
  },
  "run_model_spike_times_match_database": {
    "n2": true
  },
  "n2_after_opt_sanitycheck": 0.6799640718521858,
  "after_opt": {
    "noise_1": 0.7015699080686548,
    "noise_2": 0.679966913149416
  },
  "before_opt": {
    "noise_1": 0.6973304974816091,
    "noise_2": 0.7539472243962495
  }
}