{
  "noise1": {
    "RSS_of_voltage_diff": 1280.4649431946602,
    "var_of_voltage_difference": 5.52483188558657e-05,
    "var_of_voltage_data": 0.00015631130245005024,
    "num_data_points_wo_spike_shape": 22389908
  },
  "noise2": {
    "RSS_of_voltage_diff": 929.0075869840894,
    "var_of_voltage_difference": 5.3625683384392216e-05,
    "var_of_voltage_data": 0.0001600295458713161,
    "num_data_points_wo_spike_shape": 16792963
  }
}