{
  "model_spike_times_same_across_sweeps": {
    "n1": 1,
    "n2": 1
  },
  "run_model_spike_times_match_database": {
    "n2": true
  },
  "n2_after_opt_sanitycheck": 0.7878150587259245,
  "after_opt": {
    "noise_1": 0.8337825854441332,
    "noise_2": 0.787817613251838
  },
  "before_opt": {
    "noise_1": 0.4414583677143845,
    "noise_2": 0.45221669077625765
  }
}