{
  "El": {
    "El_max_subth_long_square": {
      "dependencies": null, 
      "value": -0.06842801666259771
    }, 
    "El_noise": {
      "measured": {
        "dependencies": null, 
        "list": [
          -0.0684469299316406, 
          -0.0681189193725586, 
          -0.0678272857666016, 
          -0.06734742736816411
        ], 
        "mean": -0.067935140609741221
      }
    }, 
    "El_ramp": {
      "dependencies": null, 
      "value": -0.0702763214111328
    }, 
    "El_suprathreshold_blip": {
      "dependencies": null, 
      "value": -0.0674123077392578
    }, 
    "El_subthreshold_blip": {
      "dependencies": null, 
      "value": -0.0683662567138672
    }
  }, 
  "spike_cut_length": {
    "no deltaV shift": {
      "slope": 0.59106844426962912, 
      "length": 75.0, 
      "intercept": 0.0049886748720993253, 
      "dependencies": null
    }
  }, 
  "threshold_adaptation": {
    "b_spike_component_of_threshold": 425.44505764991607, 
    "b_voltage_comp_of_thr_from_fitab": 70.542693541731154, 
    "b_voltage_comp_of_thr_from_fitabth": 873.20460341901185, 
    "a_voltage_comp_of_thr_from_fitab": 32.974392651401459, 
    "a_spike_component_of_threshold": 0.005672769974437936, 
    "a_voltage_comp_of_thr_from_fitabth": 911.2368704943151
  }, 
  "th_inf": {
    "via_Vmeasure": {
      "from_zero": 0.019532215093384646, 
      "dependencies": "measured from suprathreshold blip", 
      "value": -0.047880092645873153
    }, 
    "fit_with_v_comp_of_th": {
      "from_zero": 0.000251903734905079, 
      "value": -0.067683236874836142
    }
  }, 
  "resistance": {
    "R_test_list": {
      "list": [
        95401310.610966995, 
        94773102.449810937, 
        96428780.346019492, 
        95657800.62359485
      ], 
      "mean": 95565248.507598072
    }, 
    "R_fit_ASC_and_R": {
      "list": [
        88384512.47362718, 
        88925168.91631044, 
        91595800.51142132, 
        96831708.95907313
      ], 
      "mean": 91434297.715108022
    }, 
    "R_from_lims": {
      "value": 121634647.250175
    }
  }, 
  "asc": {
    "amp": [
      -1.3776291490797737e-11, 
      -2.724357451444737e-10
    ], 
    "k": [
      3.0, 
      100.0
    ], 
    "dependencies": "Cap and res from least squares"
  }, 
  "capacitance": {
    "C_from_lims": {
      "value": 2.1202849842575096e-10
    }, 
    "C_test_list": {
      "list": [
        1.3063851212786534e-10, 
        1.275908445091727e-10, 
        1.3487204138861819e-10, 
        1.3191658137289434e-10
      ], 
      "mean": 1.3125449484963764e-10
    }
  }, 
  "MLIN": {
    "tau_from_AC": 0.012422258808182004, 
    "sv_for_expsymm": 0.00026924214632594734, 
    "var_of_section": 1.4498266671640572e-07
  }, 
  "sweep_properties": {
    "multi_short_square": {
      "sweep_num": [
        71, 
        72, 
        73, 
        74, 
        75, 
        76, 
        77, 
        78, 
        79, 
        80, 
        81, 
        82, 
        83, 
        84, 
        85, 
        86, 
        87, 
        88, 
        89, 
        90, 
        91
      ]
    }, 
    "noise1": {
      "1": {
        "sweep_num": 60, 
        "El": -0.0684469299316406, 
        "spike_ind": [
          200992, 
          202834, 
          204725, 
          221056, 
          223499, 
          224825, 
          238797, 
          244898, 
          360709, 
          360952, 
          361498, 
          362401, 
          362934, 
          363586, 
          364414, 
          364840, 
          365977, 
          367958, 
          369379, 
          373648, 
          375307, 
          376467, 
          378113, 
          380847, 
          382792, 
          383639, 
          384540, 
          388304, 
          395282, 
          396542, 
          398125, 
          400875, 
          402826, 
          403775, 
          404642, 
          416521, 
          418154
        ]
      }, 
      "3": {
        "sweep_num": 64, 
        "El": -0.0678272857666016, 
        "spike_ind": [
          200955, 
          202156, 
          203338, 
          204657, 
          218786, 
          221077, 
          223637, 
          224844, 
          241074, 
          244852, 
          360693, 
          360922, 
          361435, 
          362123, 
          362713, 
          363301, 
          363804, 
          364453, 
          364860, 
          366099, 
          367861, 
          368575, 
          369450, 
          373177, 
          375232, 
          376474, 
          378055, 
          378754, 
          380843, 
          382607, 
          383395, 
          384551, 
          387997, 
          389432, 
          393891, 
          396536, 
          398119, 
          400904, 
          402807, 
          403659, 
          404573, 
          416458, 
          418136
        ]
      }, 
      "2": {
        "sweep_num": 62, 
        "El": -0.0681189193725586, 
        "spike_ind": [
          200949, 
          202648, 
          203861, 
          204813, 
          209197, 
          224729, 
          243520, 
          244840, 
          360705, 
          360934, 
          361439, 
          362135, 
          362722, 
          363289, 
          363810, 
          364464, 
          364886, 
          365950, 
          367930, 
          369215, 
          373361, 
          375236, 
          376483, 
          378033, 
          378743, 
          380883, 
          382718, 
          383618, 
          384578, 
          387990, 
          389315, 
          395334, 
          396587, 
          398117, 
          400885, 
          402791, 
          403679, 
          404635, 
          415391, 
          416528, 
          418173
        ]
      }, 
      "5": {
        "sweep_num": null, 
        "El": null, 
        "spike_ind": null
      }, 
      "4": {
        "sweep_num": 66, 
        "El": -0.06734742736816411, 
        "spike_ind": [
          200941, 
          201863, 
          202940, 
          203811, 
          204715, 
          218569, 
          220993, 
          223341, 
          224705, 
          238764, 
          241107, 
          243809, 
          244788, 
          360674, 
          360895, 
          361431, 
          362032, 
          362582, 
          363079, 
          363615, 
          364360, 
          364717, 
          365913, 
          367624, 
          368513, 
          369426, 
          372084, 
          373689, 
          374816, 
          376388, 
          377265, 
          378104, 
          378794, 
          380859, 
          382774, 
          383569, 
          384481, 
          384900, 
          387930, 
          389279, 
          393292, 
          395324, 
          396501, 
          398126, 
          400871, 
          402556, 
          403280, 
          404580, 
          408018, 
          409582, 
          416523, 
          418201
        ]
      }
    }, 
    "ramp": {
      "sweep_num": [
        4, 
        5, 
        6
      ]
    }, 
    "max_subthresh_long_square": {
      "sweep_num": [
        56
      ]
    }, 
    "suprathreshold_short_square": {
      "R_testpulsesweep_num": [
        14
      ]
    }, 
    "subthreshold_short_square": {
      "sweep_num": [
        28
      ]
    }
  }, 
  "spike_cutting": {
    "NOdeltaV": {
      "slope": 0.59106844426962912, 
      "intercept": 0.0049886748720993253, 
      "cut_length": 75.0, 
      "dependencies": null
    }
  }, 
  "dt_used_for_preprocessor_calculations": 5e-05
}