{
  "El": {
    "El_max_subth_long_square": {
      "dependencies": null, 
      "value": -0.07171143341064451
    }, 
    "El_noise": {
      "measured": {
        "dependencies": null, 
        "list": [
          -0.0718966064453125, 
          -0.07233432769775391, 
          -0.07230810546875
        ], 
        "mean": -0.072179679870605473
      }
    }, 
    "El_ramp": {
      "dependencies": null, 
      "value": -0.07182048797607421
    }, 
    "El_suprathreshold_blip": {
      "dependencies": null, 
      "value": -0.0727317733764648
    }, 
    "El_subthreshold_blip": {
      "dependencies": null, 
      "value": -0.07333061981201171
    }
  }, 
  "spike_cut_length": {
    "no deltaV shift": {
      "slope": 0.4207255243029287, 
      "length": 74.0, 
      "intercept": 0.0079701519486421336, 
      "dependencies": null
    }
  }, 
  "threshold_adaptation": {
    "b_spike_component_of_threshold": 21.761933016847554, 
    "b_voltage_comp_of_thr_from_fitab": 26.424786784404617, 
    "b_voltage_comp_of_thr_from_fitabth": 29.974923368597523, 
    "a_voltage_comp_of_thr_from_fitab": 2.1752472053894154, 
    "a_spike_component_of_threshold": 0.002086799796614084, 
    "a_voltage_comp_of_thr_from_fitabth": 8.1253160097061468
  }, 
  "th_inf": {
    "via_Vmeasure": {
      "from_zero": 0.02671660525589574, 
      "dependencies": "measured from suprathreshold blip", 
      "value": -0.046015168120569064
    }, 
    "fit_with_v_comp_of_th": {
      "from_zero": 0.022121407911560295, 
      "value": -0.050058271959045178
    }
  }, 
  "resistance": {
    "R_test_list": {
      "list": [
        462304578.15569991, 
        449951364.4602015, 
        486048581.48925745
      ], 
      "mean": 466101508.03505296
    }, 
    "R_fit_ASC_and_R": {
      "list": [
        597884339.6644586, 
        628831878.107021, 
        657138041.72689
      ], 
      "mean": 627951419.8327899
    }, 
    "R_from_lims": {
      "value": 315937489.271164
    }
  }, 
  "asc": {
    "amp": [
      -1.307869566750645e-12, 
      -3.706609522556545e-11
    ], 
    "k": [
      3.0, 
      100.0
    ], 
    "dependencies": "Cap and res from least squares"
  }, 
  "capacitance": {
    "C_from_lims": {
      "value": 3.436011135511074e-11
    }, 
    "C_test_list": {
      "list": [
        3.5563900481020312e-11, 
        3.2265229927079785e-11, 
        3.783276516011549e-11
      ], 
      "mean": 3.5220631856071858e-11
    }
  }, 
  "MLIN": {
    "tau_from_AC": 0.032767923710979287, 
    "sv_for_expsymm": 0.00022059675579690159, 
    "var_of_section": 9.7325857336235702e-08
  }, 
  "sweep_properties": {
    "multi_short_square": {
      "sweep_num": [
        62, 
        65, 
        67, 
        68, 
        70, 
        71, 
        72, 
        73, 
        75, 
        76, 
        77, 
        78, 
        79, 
        81
      ]
    }, 
    "noise1": {
      "1": {
        "sweep_num": 36, 
        "El": -0.0718966064453125, 
        "spike_ind": [
          201042, 
          201525, 
          202455, 
          203027, 
          203679, 
          204584, 
          205997, 
          208283, 
          209549, 
          214492, 
          216502, 
          218027, 
          218768, 
          221078, 
          222566, 
          223450, 
          224515, 
          224950, 
          228585, 
          235478, 
          237148, 
          238322, 
          241074, 
          242670, 
          243465, 
          244544, 
          248574, 
          254843, 
          256628, 
          258181, 
          360795, 
          360953, 
          361199, 
          361514, 
          361878, 
          362362, 
          362754, 
          363153, 
          363518, 
          363810, 
          364331, 
          364666, 
          365865, 
          366536, 
          367434, 
          367933, 
          368458, 
          369152, 
          370446, 
          371991, 
          373157, 
          373736, 
          374572, 
          375264, 
          376142, 
          376582, 
          377191, 
          377944, 
          378403, 
          380760, 
          381012, 
          381463, 
          382119, 
          382721, 
          383190, 
          383710, 
          384398, 
          384718, 
          385947, 
          386925, 
          387875, 
          388561, 
          389289, 
          392054, 
          393259, 
          394271, 
          395181, 
          396261, 
          397078, 
          397951, 
          398458, 
          400835, 
          401105, 
          401618, 
          402447, 
          402904, 
          403382, 
          403812, 
          404421, 
          404765, 
          405931, 
          406937, 
          407919, 
          408478, 
          409246, 
          412745, 
          413568, 
          414673, 
          415344, 
          416352, 
          417128, 
          418013, 
          418480
        ]
      }, 
      "3": {
        "sweep_num": 42, 
        "El": -0.07230810546875, 
        "spike_ind": [
          200985, 
          201349, 
          201819, 
          202513, 
          203020, 
          203592, 
          204363, 
          204795, 
          206055, 
          207934, 
          209084, 
          213658, 
          215162, 
          216477, 
          217697, 
          218506, 
          221023, 
          221839, 
          222850, 
          223594, 
          224470, 
          224880, 
          228304, 
          229518, 
          233887, 
          235363, 
          236624, 
          238043, 
          238800, 
          241037, 
          242085, 
          243027, 
          243790, 
          244693, 
          246909, 
          248411, 
          249559, 
          253687, 
          255315, 
          256559, 
          257975, 
          258721, 
          360731, 
          360886, 
          361049, 
          361342, 
          361702, 
          362035, 
          362411, 
          362771, 
          363143, 
          363502, 
          363805, 
          364315, 
          364608, 
          364854, 
          365580, 
          366099, 
          366601, 
          367456, 
          367907, 
          368405, 
          369047, 
          369435, 
          370529, 
          371941, 
          372987, 
          373546, 
          374316, 
          374815, 
          375337, 
          376121, 
          376537, 
          377092, 
          377748, 
          378166, 
          378625, 
          380695, 
          380972, 
          381467, 
          382125, 
          382638, 
          383013, 
          383490, 
          383842, 
          384407, 
          384719, 
          385899, 
          386575, 
          387555, 
          387982, 
          388559, 
          389229, 
          391946, 
          393183, 
          393824, 
          394588, 
          395256, 
          396118, 
          396537, 
          397207, 
          397967, 
          398431, 
          398850, 
          400697, 
          400967, 
          401461, 
          402110, 
          402660, 
          403138, 
          403566, 
          404292, 
          404681, 
          405917, 
          406556, 
          407611, 
          408237, 
          409143, 
          412063, 
          413193, 
          413937, 
          414777, 
          415311, 
          416251, 
          417081, 
          417939, 
          418405, 
          418860
        ]
      }, 
      "2": {
        "sweep_num": 40, 
        "El": -0.07233432769775391,