{
  "noise1": {
    "RSS_of_voltage_diff": 659.6751513501587,
    "var_of_voltage_difference": 3.8962275261404806e-05,
    "var_of_voltage_data": 0.00013643066726856846,
    "num_data_points_wo_spike_shape": 16760952
  },
  "noise2": {
    "RSS_of_voltage_diff": 956.7393543268064,
    "var_of_voltage_difference": 4.235054846418348e-05,
    "var_of_voltage_data": 0.00013692481272872142,
    "num_data_points_wo_spike_shape": 22341238
  }
}