{
  "model_spike_times_same_across_sweeps": {
    "n1": 1,
    "n2": 1
  },
  "run_model_spike_times_match_database": {
    "n2": true
  },
  "n2_after_opt_sanitycheck": 0.4817332187107301,
  "after_opt": {
    "noise_1": 0.5873907793593229,
    "noise_2": 0.481750963446766
  },
  "before_opt": {
    "noise_1": 0.5869524985649296,
    "noise_2": 0.5423483983931937
  }
}