{
  "noise1": {
    "RSS_of_voltage_diff": 35.19064560107906,
    "var_of_voltage_difference": 8.396579981038297e-06,
    "var_of_voltage_data": 9.992118088984327e-05,
    "num_data_points_wo_spike_shape": 4186660
  },
  "noise2": {
    "RSS_of_voltage_diff": 42.982393029490204,
    "var_of_voltage_difference": 7.622562804991244e-06,
    "var_of_voltage_data": 9.635718622087433e-05,
    "num_data_points_wo_spike_shape": 5584050
  }
}