{
  "model_spike_times_same_across_sweeps": {
    "n1": 1,
    "n2": 1
  },
  "run_model_spike_times_match_database": {
    "n2": true
  },
  "n2_after_opt_sanitycheck": 0.8117632968375176,
  "after_opt": {
    "noise_1": 0.8613982000572774,
    "noise_2": 0.811772930779672
  },
  "before_opt": {
    "noise_1": 0.7271475436020247,
    "noise_2": 0.7104713174346593
  }
}