{
  "noise1": {
    "RSS_of_voltage_diff": 307.6976251404072,
    "var_of_voltage_difference": 1.8248535693112043e-05,
    "var_of_voltage_data": 7.671670575463618e-05,
    "num_data_points_wo_spike_shape": 16808134
  },
  "noise2": {
    "RSS_of_voltage_diff": 369.39848084576886,
    "var_of_voltage_difference": 1.6429074417971603e-05,
    "var_of_voltage_data": 7.430568191372384e-05,
    "num_data_points_wo_spike_shape": 22411259
  }
}