{
  "model_spike_times_same_across_sweeps": {
    "n1": 1,
    "n2": 1
  },
  "run_model_spike_times_match_database": {
    "n2": true
  },
  "n2_after_opt_sanitycheck": 0.5442794315570593,
  "after_opt": {
    "noise_1": 0.42493528987057977,
    "noise_2": 0.544340667766041
  },
  "before_opt": {
    "noise_1": 0.11042370838034425,
    "noise_2": 0.5782342023202506
  }
}