{
  "model_spike_times_same_across_sweeps": {
    "n1": 1,
    "n2": 1
  },
  "run_model_spike_times_match_database": {
    "n2": true
  },
  "n2_after_opt_sanitycheck": 0.2263677723307459,
  "after_opt": {
    "noise_1": 0.4313338820422979,
    "noise_2": 0.226367910234185
  },
  "before_opt": {
    "noise_1": 0.522131289918544,
    "noise_2": 0.28019335745081914
  }
}