{
  "model_spike_times_same_across_sweeps": {
    "n1": 1,
    "n2": 1
  },
  "run_model_spike_times_match_database": {
    "n2": true
  },
  "n2_after_opt_sanitycheck": 0.22592731178785858,
  "after_opt": {
    "noise_1": 0.5157153352125293,
    "noise_2": 0.225926829268128
  },
  "before_opt": {
    "noise_1": 0.6541147010943298,
    "noise_2": 0.29307445744611826
  }
}