{
  "noise1": {
    "RSS_of_voltage_diff": 11.274702903648565,
    "var_of_voltage_difference": 3.745710527841701e-06,
    "var_of_voltage_data": 7.161348364330044e-05,
    "num_data_points_wo_spike_shape": 2799558
  },
  "noise2": {
    "RSS_of_voltage_diff": 12.03490270914273,
    "var_of_voltage_difference": 4.293510340707723e-06,
    "var_of_voltage_data": 6.84605222604483e-05,
    "num_data_points_wo_spike_shape": 2799891
  }
}