{
  "model_spike_times_same_across_sweeps": {
    "n1": 1,
    "n2": 1
  },
  "run_model_spike_times_match_database": {
    "n2": true
  },
  "n2_after_opt_sanitycheck": 0.6387777051007058,
  "after_opt": {
    "noise_1": 0.5621954853448934,
    "noise_2": 0.638812045647812
  },
  "before_opt": {
    "noise_1": 0.5400641358057401,
    "noise_2": 0.5758992263370531
  }
}