{
  "El": {
    "El_max_subth_long_square": {
      "dependencies": null, 
      "value": -0.0785593566894531
    }, 
    "El_noise": {
      "measured": {
        "dependencies": null, 
        "list": [
          -0.0796861953735352, 
          -0.0797157135009766, 
          -0.0800959396362305
        ], 
        "mean": -0.079832616170247436
      }
    }, 
    "El_ramp": {
      "dependencies": null, 
      "value": -0.07985166168212891
    }, 
    "El_suprathreshold_blip": {
      "dependencies": null, 
      "value": -0.0801056442260742
    }, 
    "El_subthreshold_blip": {
      "dependencies": null, 
      "value": -0.0802621231079102
    }
  }, 
  "spike_cut_length": {
    "no deltaV shift": {
      "slope": 0.34364112103974725, 
      "length": 101.0, 
      "intercept": 0.016014845750132137, 
      "dependencies": null
    }
  }, 
  "threshold_adaptation": {
    "b_spike_component_of_threshold": null, 
    "b_voltage_comp_of_thr_from_fitab": null, 
    "b_voltage_comp_of_thr_from_fitabth": null, 
    "a_voltage_comp_of_thr_from_fitab": null, 
    "a_spike_component_of_threshold": null, 
    "a_voltage_comp_of_thr_from_fitabth": null
  }, 
  "th_inf": {
    "via_Vmeasure": {
      "from_zero": 0.031408328745578168, 
      "dependencies": "measured from suprathreshold blip", 
      "value": -0.048697315480496037
    }, 
    "fit_with_v_comp_of_th": {
      "from_zero": null, 
      "value": null
    }
  }, 
  "resistance": {
    "R_test_list": {
      "list": [
        151865909.81148341, 
        149390371.29706293, 
        151916446.76711923
      ], 
      "mean": 151057575.95855519
    }, 
    "R_fit_ASC_and_R": {
      "list": [
        154021503.8257322, 
        145893628.33323327, 
        154649084.66453165
      ], 
      "mean": 151521405.60783237
    }, 
    "R_from_lims": {
      "value": 163593858.480453
    }
  }, 
  "asc": {
    "amp": [
      -1.0934813508598432e-11, 
      -3.403169334400255e-10
    ], 
    "k": [
      3.0, 
      100.0
    ], 
    "dependencies": "Cap and res from least squares"
  }, 
  "capacitance": {
    "C_from_lims": {
      "value": 1.9132919563461367e-10
    }, 
    "C_test_list": {
      "list": [
        1.196507387349464e-10, 
        1.1602896719810277e-10, 
        1.2000844053842247e-10
      ], 
      "mean": 1.1856271549049055e-10
    }
  }, 
  "MLIN": {
    "tau_from_AC": 0.020411086937526853, 
    "sv_for_expsymm": 0.00059096107726578891, 
    "var_of_section": 6.9846998968628361e-07
  }, 
  "sweep_properties": {
    "multi_short_square": {
      "sweep_num": null
    }, 
    "noise1": {
      "1": {
        "sweep_num": 62, 
        "El": -0.0796861953735352, 
        "spike_ind": [
          251271, 
          253461, 
          254486, 
          255722, 
          272797, 
          276242, 
          278475, 
          279581, 
          280837, 
          298003, 
          301259, 
          303687, 
          305734, 
          323157, 
          450977, 
          451233, 
          451806, 
          452591, 
          453213, 
          453718, 
          454374, 
          455191, 
          455768, 
          457063, 
          458140, 
          459450, 
          460203, 
          461356, 
          465017, 
          466476, 
          468081, 
          469031, 
          470456, 
          471402, 
          472457, 
          473137, 
          475926, 
          476344, 
          477302, 
          478281, 
          478976, 
          479597, 
          480485, 
          480951, 
          482454, 
          484857, 
          485775, 
          486792, 
          492116, 
          494097, 
          495567, 
          497529, 
          498327, 
          501116, 
          502008, 
          503204, 
          504046, 
          504759, 
          505640, 
          509930, 
          511782, 
          519159, 
          520563, 
          522569, 
          523337
        ]
      }, 
      "3": {
        "sweep_num": 66, 
        "El": -0.0800959396362305, 
        "spike_ind": [
          251260, 
          253134, 
          254020, 
          254826, 
          255786, 
          260332, 
          261916, 
          270794, 
          272687, 
          276194, 
          278470, 
          279650, 
          280877, 
          298182, 
          301264, 
          303714, 
          305800, 
          311850, 
          323140, 
          450918, 
          451151, 
          451714, 
          452266, 
          452964, 
          453502, 
          454020, 
          454515, 
          455366, 
          455845, 
          457023, 
          458080, 
          459425, 
          460046, 
          460778, 
          461523, 
          464962, 
          466453, 
          467454, 
          468456, 
          469346, 
          470493, 
          471393, 
          472459, 
          473145, 
          475922, 
          476330, 
          477248, 
          478109, 
          478734, 
          479460, 
          480470, 
          480961, 
          482423, 
          484847, 
          485819, 
          486780, 
          492331, 
          494101, 
          495544, 
          496492, 
          497604, 
          498393, 
          501078, 
          501921, 
          503260, 
          504056, 
          504751, 
          505740, 
          507422, 
          509909, 
          511777, 
          519139, 
          520587, 
          522646, 
          523430
        ]
      }, 
      "2": {
        "sweep_num": 64, 
        "El": -0.0797157135009766, 
        "spike_ind": [
          251294, 
          253003, 
          254025, 
          255672, 
          272741, 
          276283, 
          278583, 
          279797, 
          280885, 
          298066, 
          301408, 
          303925, 
          305906, 
          323475, 
          450956, 
          451212, 
          451809, 
          452622, 
          453217, 
          453721, 
          454358, 
          455147, 
          455718, 
          456266, 
          457362, 
          458211, 
          459497, 
          460416, 
          461419, 
          466483, 
          468101, 
          469045, 
          470457, 
          471397, 
          472480, 
          473164, 
          476082, 
          476811, 
          478061, 
          478686, 
          479412, 
          480499, 
          481005, 
          483273, 
          484890, 
          486494, 
          494039, 
          495521, 
          496512, 
          497654, 
          498433, 
          501133, 
          503342, 
          504158, 
          504795, 
          505759, 
          510786, 
          520603, 
          522595, 
          523393
        ]
      }, 
      "5": {
        "sweep_num": null, 
        "El": null, 
        "spike_ind": null
      }, 
      "4": {
        "sweep_num": null, 
        "El": null, 
        "spike_ind": null
      }
    }, 
    "ramp": {
      "sweep_num": [
        4, 
        5, 
        6
      ]
    }, 
    "max_subthresh_long_square": {
      "sweep_num": [
        54, 
        55
      ]
    }, 
    "suprathreshold_short_square": {
      "R_testpulsesweep_num": [
        17, 
        21, 
        22, 
        23, 
        24, 
        25
      ]
    }, 
    "subthreshold_short_square": {
      "sweep_num": [
        20
      ]
    }
  }, 
  "spike_cutting": {
    "NOdeltaV": {
      "slope": 0.34364112103974725, 
      "intercept": 0.016014845750132137, 
      "cut_length": 101.0, 
      "dependencies": null
    }
  }, 
  "dt_used_for_preprocessor_calculations": 5e-05
}