{
  "model_spike_times_same_across_sweeps": {
    "n1": 1,
    "n2": 1
  },
  "run_model_spike_times_match_database": {
    "n2": true
  },
  "n2_after_opt_sanitycheck": 0.74913953915332,
  "after_opt": {
    "noise_1": 0.704016242455657,
    "noise_2": 0.749118429700137
  },
  "before_opt": {
    "noise_1": 0.635336694757356,
    "noise_2": 0.5082975751971919
  }
}