{
  "model_spike_times_same_across_sweeps": {
    "n1": 1,
    "n2": 1
  },
  "run_model_spike_times_match_database": {
    "n2": true
  },
  "n2_after_opt_sanitycheck": 0.5649031086056734,
  "after_opt": {
    "noise_1": 0.5802330266413724,
    "noise_2": 0.56495621821867
  },
  "before_opt": {
    "noise_1": 0.5729152509147796,
    "noise_2": 0.3409942872472803
  }
}