{
  "model_spike_times_same_across_sweeps": {
    "n1": 1,
    "n2": 1
  },
  "run_model_spike_times_match_database": {
    "n2": true
  },
  "n2_after_opt_sanitycheck": 0.8523778946185727,
  "after_opt": {
    "noise_1": 0.8970956089100562,
    "noise_2": 0.852376913827407
  },
  "before_opt": {
    "noise_1": 0.8844662493180301,
    "noise_2": 0.8551650649871818
  }
}