{
  "model_spike_times_same_across_sweeps": {
    "n1": 1,
    "n2": 1
  },
  "run_model_spike_times_match_database": {
    "n2": true
  },
  "n2_after_opt_sanitycheck": 0.8976029155054985,
  "after_opt": {
    "noise_1": 0.8980853771028373,
    "noise_2": 0.897588943247262
  },
  "before_opt": {
    "noise_1": 0.8912074233897848,
    "noise_2": 0.8831438474046455
  }
}