{
  "El_reference": -0.07336669540405275,
  "C": 6.927439463647495e-11,
  "asc_amp_array": [
    -5.1549004100838143e-11,
    -2.4857888906941e-10
  ],
  "init_threshold": 0.031678345305286314,
  "threshold_reset_method": {
    "params": {
      "a_spike": 0.0018231457981485568,
      "b_spike": 100.84276828616754
    },
    "name": "three_components"
  },
  "th_inf": 0.031678345305286314,
  "spike_cut_length": 95,
  "init_AScurrents": [
    0.0,
    0.0
  ],
  "init_voltage": 0.0,
  "threshold_dynamics_method": {
    "params": {
      "b_voltage": 0,
      "a_spike": 0.0018231457981485568,
      "b_spike": 100.84276828616754,
      "a_voltage": 0
    },
    "name": "spike_component"
  },
  "voltage_reset_method": {
    "params": {
      "a": 1.1913300814745034,
      "b": -0.01601839912960021
    },
    "name": "v_before"
  },
  "extrapolation_method_name": "endpoints",
  "dt": 5e-05,
  "voltage_dynamics_method": {
    "params": {},
    "name": "linear_forward_euler"
  },
  "El": 0.0,
  "asc_tau_array": [
    0.03333333333333334,
    0.0033333333333333335
  ],
  "R_input": 141028076.75691372,
  "AScurrent_dynamics_method": {
    "params": {},
    "name": "none"
  },
  "AScurrent_reset_method": {
    "params": {},
    "name": "none"
  },
  "dt_multiplier": 10,
  "th_adapt": null,
  "coeffs": {
    "a": 1,
    "C": 1,
    "b": 1,
    "G": 1,
    "th_inf": 1.3307142785302912,
    "asc_amp_array": [
      1.0,
      1.0
    ]
  },
  "type": "GLIF"
}