{
  "model_spike_times_same_across_sweeps": {
    "n1": 1,
    "n2": 1
  },
  "run_model_spike_times_match_database": {
    "n2": true
  },
  "n2_after_opt_sanitycheck": 0.952995086099052,
  "after_opt": {
    "noise_1": 0.9491422762440055,
    "noise_2": 0.952990371974143
  },
  "before_opt": {
    "noise_1": 0.8986826300430394,
    "noise_2": 0.9074428018884713
  }
}