{
  "model_spike_times_same_across_sweeps": {
    "n1": 1,
    "n2": 1
  },
  "run_model_spike_times_match_database": {
    "n2": true
  },
  "n2_after_opt_sanitycheck": 0.9375018395972126,
  "after_opt": {
    "noise_1": 0.9367837101909369,
    "noise_2": 0.937493395225384
  },
  "before_opt": {
    "noise_1": 0.9279636985726823,
    "noise_2": 0.9221687252859256
  }
}