{
  "noise1": {
    "RSS_of_voltage_diff": 274.3524339553704,
    "var_of_voltage_difference": 1.0737689314943738e-05,
    "var_of_voltage_data": 8.476957711709141e-05,
    "num_data_points_wo_spike_shape": 22407393
  },
  "noise2": {
    "RSS_of_voltage_diff": 220.51425272529875,
    "var_of_voltage_difference": 1.1424260035357819e-05,
    "var_of_voltage_data": 7.950511176371805e-05,
    "num_data_points_wo_spike_shape": 16806236
  }
}