{
  "model_spike_times_same_across_sweeps": {
    "n1": 1,
    "n2": 1
  },
  "run_model_spike_times_match_database": {
    "n2": true
  },
  "n2_after_opt_sanitycheck": 0.41403031329457357,
  "after_opt": {
    "noise_1": 0.5270333313486489,
    "noise_2": 0.414077496425169
  },
  "before_opt": {
    "noise_1": 0.29472225316950784,
    "noise_2": 0.4235628370924199
  }
}