{
  "model_spike_times_same_across_sweeps": {
    "n1": 1,
    "n2": 1
  },
  "run_model_spike_times_match_database": {
    "n2": true
  },
  "n2_after_opt_sanitycheck": 0.4821971705872031,
  "after_opt": {
    "noise_1": 0.41424346953728447,
    "noise_2": 0.482207599912606
  },
  "before_opt": {
    "noise_1": 0.5565881724577053,
    "noise_2": 0.5889876349731243
  }
}