{
  "El_reference": -0.0677830181121826,
  "C": 1.4684835743166104e-10,
  "asc_amp_array": [
    -1.5763440243156812e-11,
    -3.3552165380069867e-10
  ],
  "init_threshold": 0.020764291090252546,
  "threshold_reset_method": {
    "params": {
      "a_spike": 0.002426543893825064,
      "b_spike": 407.00628302188045
    },
    "name": "three_components"
  },
  "th_inf": 0.020764291090252546,
  "spike_cut_length": 167,
  "init_AScurrents": [
    0.0,
    0.0
  ],
  "init_voltage": 0.0,
  "threshold_dynamics_method": {
    "params": {
      "b_voltage": 40.16881499825162,
      "a_spike": 0.002426543893825064,
      "b_spike": 407.00628302188045,
      "a_voltage": 15.553558173409845
    },
    "name": "three_components_exact"
  },
  "voltage_reset_method": {
    "params": {
      "a": 0.5801113770980997,
      "b": 0.0004095974092830773
    },
    "name": "v_before"
  },
  "extrapolation_method_name": "endpoints",
  "dt": 5e-05,
  "voltage_dynamics_method": {
    "params": {},
    "name": "linear_forward_euler"
  },
  "El": 0.0,
  "asc_tau_array": [
    0.3333333333333333,
    0.01
  ],
  "R_input": 177200998.13486037,
  "AScurrent_dynamics_method": {
    "params": {},
    "name": "exp"
  },
  "AScurrent_reset_method": {
    "params": {
      "r": [
        1.0,
        1.0
      ]
    },
    "name": "sum"
  },
  "dt_multiplier": 10,
  "th_adapt": null,
  "coeffs": {
    "a": 1,
    "C": 1,
    "b": 1,
    "G": 1,
    "th_inf": 0.732882091748935,
    "asc_amp_array": [
      1.0,
      1.0
    ]
  },
  "type": "GLIF"
}