{
  "model_spike_times_same_across_sweeps": {
    "n1": 1,
    "n2": 1
  },
  "run_model_spike_times_match_database": {
    "n2": true
  },
  "n2_after_opt_sanitycheck": 0.4956514481958489,
  "after_opt": {
    "noise_1": 0.42166074934035913,
    "noise_2": 0.495661352350169
  },
  "before_opt": {
    "noise_1": 0.42670188315662994,
    "noise_2": 0.2943529204453977
  }
}