{
  "noise1": {
    "RSS_of_voltage_diff": 926.254788892782,
    "var_of_voltage_difference": 5.191876248203967e-05,
    "var_of_voltage_data": 0.00015479112343233755,
    "num_data_points_wo_spike_shape": 16782883
  },
  "noise2": {
    "RSS_of_voltage_diff": 1221.9983238312532,
    "var_of_voltage_difference": 5.1460412677853755e-05,
    "var_of_voltage_data": 0.00015811854221707618,
    "num_data_points_wo_spike_shape": 22377532
  }
}