{
  "El": {
    "El_max_subth_long_square": {
      "dependencies": null, 
      "value": -0.06704176330566411
    }, 
    "El_noise": {
      "measured": {
        "dependencies": null, 
        "list": [
          -0.0669842529296875, 
          -0.06698618316650391, 
          -0.0668162078857422
        ], 
        "mean": -0.066928881327311215
      }
    }, 
    "El_ramp": {
      "dependencies": null, 
      "value": -0.0673795928955078
    }, 
    "El_suprathreshold_blip": {
      "dependencies": null, 
      "value": -0.0657889404296875
    }, 
    "El_subthreshold_blip": {
      "dependencies": null, 
      "value": -0.06760887908935549
    }
  }, 
  "spike_cut_length": {
    "no deltaV shift": {
      "slope": 1.1875553519215383, 
      "length": 56.0, 
      "intercept": -0.01746470219669519, 
      "dependencies": null
    }
  }, 
  "threshold_adaptation": {
    "b_spike_component_of_threshold": 77.092489362877316, 
    "b_voltage_comp_of_thr_from_fitab": 159.92306485451314, 
    "b_voltage_comp_of_thr_from_fitabth": 481.29292962318959, 
    "a_voltage_comp_of_thr_from_fitab": 48.570167143020811, 
    "a_spike_component_of_threshold": 0.0032535902423722033, 
    "a_voltage_comp_of_thr_from_fitabth": 299.99443100650382
  }, 
  "th_inf": {
    "via_Vmeasure": {
      "from_zero": 0.02500695720882018, 
      "dependencies": "measured from suprathreshold blip", 
      "value": -0.040781983220867318
    }, 
    "fit_with_v_comp_of_th": {
      "from_zero": 0.014933469889133785, 
      "value": -0.05199541143817743
    }
  }, 
  "resistance": {
    "R_test_list": {
      "list": [
        107816478.55827403, 
        112135251.82590866, 
        113105279.93251751
      ], 
      "mean": 111019003.43890007
    }, 
    "R_fit_ASC_and_R": {
      "list": [
        109989549.64983527, 
        114309740.25209904, 
        115375027.04978135
      ], 
      "mean": 113224772.31723857
    }, 
    "R_from_lims": {
      "value": 109843753.278255
    }
  }, 
  "asc": {
    "amp": [
      -1.209661945253461e-11, 
      -2.2298404030276979e-10
    ], 
    "k": [
      3.0, 
      100.0
    ], 
    "dependencies": "Cap and res from least squares"
  }, 
  "capacitance": {
    "C_from_lims": {
      "value": 9.246188535967009e-11
    }, 
    "C_test_list": {
      "list": [
        6.1952736556099819e-11, 
        5.9355662062160625e-11, 
        5.7915278065556997e-11
      ], 
      "mean": 5.9741225561272478e-11
    }
  }, 
  "MLIN": {
    "tau_from_AC": 0.0074097578132674207, 
    "sv_for_expsymm": 0.00031011633120288547, 
    "var_of_section": 1.9234427775747554e-07
  }, 
  "sweep_properties": {
    "multi_short_square": {
      "sweep_num": [
        89, 
        90, 
        91, 
        92, 
        93, 
        94, 
        95, 
        96, 
        97, 
        98, 
        99, 
        100, 
        101, 
        102, 
        103, 
        104, 
        105, 
        106, 
        107, 
        108, 
        110, 
        111, 
        112
      ]
    }, 
    "noise1": {
      "1": {
        "sweep_num": 62, 
        "El": -0.0669842529296875, 
        "spike_ind": [
          200803, 
          201020, 
          201880, 
          202732, 
          203185, 
          203590, 
          204133, 
          204595, 
          204882, 
          205903, 
          207592, 
          209065, 
          213151, 
          214783, 
          216366, 
          217097, 
          217972, 
          218573, 
          220797, 
          221064, 
          222388, 
          222917, 
          223501, 
          224376, 
          224695, 
          225931, 
          227889, 
          229152, 
          233168, 
          234802, 
          236376, 
          237118, 
          237975, 
          238539, 
          240778, 
          241053, 
          242396, 
          242937, 
          243529, 
          244377, 
          244713, 
          245924, 
          247908, 
          249143, 
          253163, 
          254794, 
          256375, 
          257101, 
          257981, 
          258558, 
          360506, 
          360728, 
          360884, 
          361023, 
          361322, 
          361549, 
          361789, 
          362106, 
          362358, 
          362662, 
          362870, 
          363157, 
          363446, 
          363687, 
          364083, 
          364346, 
          364587, 
          364767, 
          365561, 
          365885, 
          366401, 
          366867, 
          367360, 
          367828, 
          368229, 
          368543, 
          369030, 
          369395, 
          370434, 
          371844, 
          372566, 
          373090, 
          373537, 
          373904, 
          374374, 
          374762, 
          375158, 
          375571, 
          376089, 
          376390, 
          376860, 
          377126, 
          377719, 
          378013, 
          378427, 
          378725, 
          379430, 
          380511, 
          380814, 
          380981, 
          381382, 
          381838, 
          382356, 
          382731, 
          383164, 
          383513, 
          383792, 
          384345, 
          384628, 
          384842, 
          385885, 
          386459, 
          387405, 
          387871, 
          388330, 
          389054, 
          389435, 
          391860, 
          392613, 
          393126, 
          393645, 
          394330, 
          394776, 
          395183, 
          395603, 
          396124, 
          396421, 
          397063, 
          397747, 
          398026, 
          398433, 
          398742, 
          399461, 
          400535, 
          400851, 
          401029, 
          401417, 
          401919, 
          402378, 
          402755, 
          403176, 
          403524, 
          403809, 
          404365, 
          404640, 
          404870, 
          405893, 
          406508, 
          407573, 
          407905, 
          408358, 
          409076, 
          409441, 
          411874, 
          412660, 
          413144, 
          413675, 
          414352, 
          414786, 
          415200, 
          416087, 
          416404, 
          417061, 
          417734, 
          418020, 
          418451, 
          418739, 
          419460
        ]
      }, 
      "3": {
        "sweep_num": 68, 
        "El": -0.0668162078857422,