{
  "noise1": {
    "RSS_of_voltage_diff": 314.8229136941826,
    "var_of_voltage_difference": 2.0667887471848818e-05,
    "var_of_voltage_data": 0.00011831630437619463,
    "num_data_points_wo_spike_shape": 14998119
  },
  "noise2": {
    "RSS_of_voltage_diff": 316.3621882469828,
    "var_of_voltage_difference": 2.094275486258077e-05,
    "var_of_voltage_data": 0.0001208594183770378,
    "num_data_points_wo_spike_shape": 14998002
  }
}