{
  "model_spike_times_same_across_sweeps": {
    "n1": 1,
    "n2": 1
  },
  "run_model_spike_times_match_database": {
    "n2": true
  },
  "n2_after_opt_sanitycheck": 0.897920251921004,
  "after_opt": {
    "noise_1": 0.893122660812013,
    "noise_2": 0.897916452826303
  },
  "before_opt": {
    "noise_1": 0.8748084439021062,
    "noise_2": 0.865237919278936
  }
}