{
  "model_spike_times_same_across_sweeps": {
    "n1": 1,
    "n2": 1
  },
  "run_model_spike_times_match_database": {
    "n2": true
  },
  "n2_after_opt_sanitycheck": 0.8946127258223512,
  "after_opt": {
    "noise_1": 0.8958638635398992,
    "noise_2": 0.894614253267323
  },
  "before_opt": {
    "noise_1": 0.8578502032955418,
    "noise_2": 0.8404439801210797
  }
}