{
  "El": {
    "El_max_subth_long_square": {
      "dependencies": null, 
      "value": -0.0655684967041016
    }, 
    "El_noise": {
      "measured": {
        "dependencies": null, 
        "list": [
          -0.0652727661132812, 
          -0.06537156677246089, 
          -0.0660841217041016
        ], 
        "mean": -0.065576151529947904
      }
    }, 
    "El_ramp": {
      "dependencies": null, 
      "value": -0.0648224182128906
    }, 
    "El_suprathreshold_blip": {
      "dependencies": null, 
      "value": -0.0651581115722656
    }, 
    "El_subthreshold_blip": {
      "dependencies": null, 
      "value": -0.0651103057861328
    }
  }, 
  "spike_cut_length": {
    "no deltaV shift": {
      "slope": 1.0838682101466217, 
      "length": 53.0, 
      "intercept": -0.017966944080371784, 
      "dependencies": null
    }
  }, 
  "threshold_adaptation": {
    "b_spike_component_of_threshold": 33.264350523501484, 
    "b_voltage_comp_of_thr_from_fitab": 14.758011204317185, 
    "b_voltage_comp_of_thr_from_fitabth": 22.561491107752634, 
    "a_voltage_comp_of_thr_from_fitab": 2.3313703862118449, 
    "a_spike_component_of_threshold": 0.001637669206365235, 
    "a_voltage_comp_of_thr_from_fitabth": 6.7253706471837802
  }, 
  "th_inf": {
    "via_Vmeasure": {
      "from_zero": 0.024030935006604942, 
      "dependencies": "measured from suprathreshold blip", 
      "value": -0.041127176565660659
    }, 
    "fit_with_v_comp_of_th": {
      "from_zero": 0.021354967338091363, 
      "value": -0.044221184191856541
    }
  }, 
  "resistance": {
    "R_test_list": {
      "list": [
        253262779.65792385, 
        243146427.4691678, 
        242123610.50608623
      ], 
      "mean": 246177605.87772596
    }, 
    "R_fit_ASC_and_R": {
      "list": [
        262591996.17026016, 
        258729146.40163445, 
        253261588.63627592
      ], 
      "mean": 258194243.73605683
    }, 
    "R_from_lims": {
      "value": 223437577.486038
    }
  }, 
  "asc": {
    "amp": [
      -2.795190645416869e-11, 
      -1.3546734218429788e-10
    ], 
    "k": [
      29.999999999999996, 
      300.0
    ], 
    "dependencies": "Cap and res from least squares"
  }, 
  "capacitance": {
    "C_from_lims": {
      "value": 8.540439080916601e-11
    }, 
    "C_test_list": {
      "list": [
        5.6930796228478709e-11, 
        5.5613647023451153e-11, 
        5.3979456958188405e-11
      ], 
      "mean": 5.5507966736706085e-11
    }
  }, 
  "MLIN": {
    "tau_from_AC": 0.020575544286213426, 
    "sv_for_expsymm": 0.0002456793998002115, 
    "var_of_section": 1.2071673497238432e-07
  }, 
  "sweep_properties": {
    "multi_short_square": {
      "sweep_num": [
        56, 
        57, 
        58, 
        59, 
        60, 
        61, 
        62, 
        63, 
        64, 
        65, 
        66, 
        67, 
        68, 
        69, 
        70, 
        71, 
        72, 
        73, 
        74, 
        75, 
        76, 
        77, 
        78, 
        79
      ]
    }, 
    "noise1": {
      "1": {
        "sweep_num": 37, 
        "El": -0.0652727661132812, 
        "spike_ind": [
          200999, 
          202085, 
          202949, 
          203770, 
          204624, 
          206016, 
          207929, 
          209432, 
          214522, 
          216360, 
          218028, 
          220944, 
          222512, 
          223489, 
          224551, 
          226577, 
          229194, 
          235274, 
          237095, 
          238427, 
          240992, 
          242635, 
          243581, 
          244638, 
          248393, 
          255230, 
          256613, 
          258117, 
          360771, 
          361058, 
          361502, 
          362076, 
          362550, 
          362933, 
          363358, 
          363744, 
          364317, 
          364655, 
          365109, 
          365856, 
          366457, 
          367360, 
          367927, 
          368501, 
          369134, 
          370106, 
          371850, 
          373076, 
          373841, 
          374534, 
          375230, 
          376077, 
          376583, 
          377145, 
          377940, 
          378481, 
          379439, 
          380679, 
          381046, 
          381719, 
          382374, 
          382910, 
          383476, 
          384130, 
          384623, 
          385587, 
          386449, 
          387572, 
          388319, 
          389097, 
          391925, 
          393162, 
          394265, 
          395156, 
          396099, 
          396857, 
          397726, 
          398234, 
          398728, 
          400598, 
          400993, 
          401741, 
          402505, 
          403000, 
          403549, 
          404326, 
          404714, 
          405884, 
          406891, 
          407866, 
          408533, 
          409330, 
          411913, 
          413132, 
          413941, 
          415108, 
          416133, 
          417031, 
          417945, 
          418542, 
          419511
        ]
      }, 
      "3": {
        "sweep_num": 41, 
        "El": -0.0660841217041016, 
        "spike_ind": [
          201070, 
          202126, 
          202981, 
          203744, 
          204620, 
          205945, 
          207893, 
          209444, 
          214452, 
          216429, 
          218157, 
          220966, 
          222667, 
          223592, 
          224617, 
          228502, 
          235287, 
          237111, 
          238425, 
          240965, 
          242745, 
          243674, 
          244653, 
          248347, 
          255203, 
          257158, 
          258523, 
          360789, 
          361053, 
          361489, 
          362047, 
          362521, 
          362915, 
          363262, 
          363697, 
          364189, 
          364592, 
          364869, 
          365567, 
          366130, 
          366649, 
          367381, 
          367909, 
          368518, 
          369138, 
          370113, 
          371851, 
          373057, 
          373734, 
          374524, 
          375215, 
          376088, 
          376613, 
          377180, 
          377938, 
          378434, 
          379455, 
          380694, 
          381041, 
          381692, 
          382393, 
          382863, 
          383437, 
          383822, 
          384408, 
          384759, 
          385869, 
          386625, 
          387589, 
          388349, 
          389134, 
          391909, 
          393138, 
          393914, 
          394781, 
          395553, 
          396362, 
          397084, 
          397943, 
          398484, 
          399471, 
          400750, 
          401115, 
          401777, 
          402514, 
          402968, 
          403527, 
          404138, 
          404615, 
          405542, 
          406422, 
          407576, 
          408315, 
          409135, 
          411897, 
          413130, 
          413887, 
          414769, 
          415550, 
          416376, 
          417090, 
          417963, 
          418499, 
          419521
        ]
      }, 
      "2": {
        "sweep_num": 39, 
        "El": -0.06537156677246089,