{
  "noise1": {
    "RSS_of_voltage_diff": 425.42387020745684,
    "var_of_voltage_difference": 2.992166245022958e-05,
    "var_of_voltage_data": 0.00010025725602441624,
    "num_data_points_wo_spike_shape": 13795838
  },
  "noise2": {
    "RSS_of_voltage_diff": 295.39122324345993,
    "var_of_voltage_difference": 3.114568773166899e-05,
    "var_of_voltage_data": 0.00010157604904764248,
    "num_data_points_wo_spike_shape": 9197031
  }
}