{
  "model_spike_times_same_across_sweeps": {
    "n1": 1,
    "n2": 1
  },
  "run_model_spike_times_match_database": {
    "n2": true
  },
  "n2_after_opt_sanitycheck": 0.9146097367966761,
  "after_opt": {
    "noise_1": 0.9040206469018612,
    "noise_2": 0.914554399994673
  },
  "before_opt": {
    "noise_1": 0.30388103781376186,
    "noise_2": 0.48246958088742853
  }
}