{
  "noise1": {
    "RSS_of_voltage_diff": 289.37420815706565,
    "var_of_voltage_difference": 1.639661567107496e-05,
    "var_of_voltage_data": 3.698140919395447e-05,
    "num_data_points_wo_spike_shape": 16794537
  },
  "noise2": {
    "RSS_of_voltage_diff": 210.80340461107494,
    "var_of_voltage_difference": 1.7356243772667547e-05,
    "var_of_voltage_data": 3.58475909470666e-05,
    "num_data_points_wo_spike_shape": 11195948
  }
}