{
  "model_spike_times_same_across_sweeps": {
    "n1": 1,
    "n2": 1
  },
  "run_model_spike_times_match_database": {
    "n2": true
  },
  "n2_after_opt_sanitycheck": 0.7549978932817185,
  "after_opt": {
    "noise_1": 0.7890511912525359,
    "noise_2": 0.755004561322621
  },
  "before_opt": {
    "noise_1": 0.5142680472513943,
    "noise_2": 0.5026115825785726
  }
}