{
  "model_spike_times_same_across_sweeps": {
    "n1": 1,
    "n2": 1
  },
  "run_model_spike_times_match_database": {
    "n2": true
  },
  "n2_after_opt_sanitycheck": 0.8633351881285866,
  "after_opt": {
    "noise_1": 0.870803772400569,
    "noise_2": 0.863340740157108
  },
  "before_opt": {
    "noise_1": 0.7450694827153348,
    "noise_2": 0.7155203648044117
  }
}