{
  "model_spike_times_same_across_sweeps": {
    "n1": 1,
    "n2": 1
  },
  "run_model_spike_times_match_database": {
    "n2": true
  },
  "n2_after_opt_sanitycheck": 0.4308346081284976,
  "after_opt": {
    "noise_1": 0.46298751673075705,
    "noise_2": 0.43084934177827
  },
  "before_opt": {
    "noise_1": 0.5388596050696639,
    "noise_2": 0.36668683663330237
  }
}