{
  "model_spike_times_same_across_sweeps": {
    "n1": 1,
    "n2": 1
  },
  "run_model_spike_times_match_database": {
    "n2": true
  },
  "n2_after_opt_sanitycheck": 0.6479412433365186,
  "after_opt": {
    "noise_1": 0.6348531625122161,
    "noise_2": 0.647942344250163
  },
  "before_opt": {
    "noise_1": 0.5245026218727382,
    "noise_2": 0.6359907543087
  }
}