{
  "model_spike_times_same_across_sweeps": {
    "n1": 1,
    "n2": 1
  },
  "run_model_spike_times_match_database": {
    "n2": true
  },
  "n2_after_opt_sanitycheck": 0.5181584134164912,
  "after_opt": {
    "noise_1": 0.4840696804622793,
    "noise_2": 0.51816787874468
  },
  "before_opt": {
    "noise_1": 0.1678236591235331,
    "noise_2": 0.46984528428099415
  }
}