{
  "El": {
    "El_max_subth_long_square": {
      "dependencies": null, 
      "value": -0.0785665664672852
    }, 
    "El_noise": {
      "measured": {
        "dependencies": null, 
        "list": [
          -0.0771893081665039, 
          -0.0774260787963867, 
          -0.0767540054321289, 
          -0.0773245849609375
        ], 
        "mean": -0.077173494338989262
      }
    }, 
    "El_ramp": {
      "dependencies": null, 
      "value": -0.0773432464599609
    }, 
    "El_suprathreshold_blip": {
      "dependencies": null, 
      "value": -0.07687035369873049
    }, 
    "El_subthreshold_blip": {
      "dependencies": null, 
      "value": -0.078033805847168
    }
  }, 
  "spike_cut_length": {
    "no deltaV shift": {
      "slope": 0.47397254976784414, 
      "length": 148.0, 
      "intercept": 0.0054398067720106899, 
      "dependencies": null
    }
  }, 
  "threshold_adaptation": {
    "b_spike_component_of_threshold": 625.36780217961541, 
    "b_voltage_comp_of_thr_from_fitab": 110.59224839272451, 
    "b_voltage_comp_of_thr_from_fitabth": 2.6044867728276762, 
    "a_voltage_comp_of_thr_from_fitab": 30.743563409715865, 
    "a_spike_component_of_threshold": 0.0009124338757144217, 
    "a_voltage_comp_of_thr_from_fitabth": 0.1467190335984479
  }, 
  "th_inf": {
    "via_Vmeasure": {
      "from_zero": 0.028441152246398406, 
      "dependencies": "measured from suprathreshold blip", 
      "value": -0.048429201452332087
    }, 
    "fit_with_v_comp_of_th": {
      "from_zero": 0.036528079295843938, 
      "value": -0.040645415043145325
    }
  }, 
  "resistance": {
    "R_test_list": {
      "list": [
        213722063.94101104, 
        190866377.16098553, 
        183625832.19845346, 
        173767604.54214901
      ], 
      "mean": 190495469.46064973
    }, 
    "R_fit_ASC_and_R": {
      "list": [
        304524124.9344282, 
        237795157.74225652, 
        221753161.96896982, 
        201667405.6945733
      ], 
      "mean": 241434962.58505696
    }, 
    "R_from_lims": {
      "value": 131093755.364418
    }
  }, 
  "asc": {
    "amp": [
      -1.3661178682452352e-10, 
      -6.538650738510136e-10
    ], 
    "k": [
      29.999999999999996, 
      300.0
    ], 
    "dependencies": "Cap and res from least squares"
  }, 
  "capacitance": {
    "C_from_lims": {
      "value": 1.8889443213800284e-10
    }, 
    "C_test_list": {
      "list": [
        1.5880556591675095e-10, 
        1.583660778382389e-10, 
        1.4909818429366043e-10, 
        1.5911695034390039e-10
      ], 
      "mean": 1.5634669459813766e-10
    }
  }, 
  "MLIN": {
    "tau_from_AC": 0.050974003769980979, 
    "sv_for_expsymm": 0.00024774672395700179, 
    "var_of_section": 1.2275687846285372e-07
  }, 
  "sweep_properties": {
    "multi_short_square": {
      "sweep_num": [
        73, 
        74, 
        75, 
        77, 
        79, 
        80, 
        81, 
        82, 
        83, 
        84, 
        85, 
        86, 
        87, 
        88, 
        89, 
        90, 
        91, 
        92, 
        93, 
        94, 
        95, 
        96
      ]
    }, 
    "noise1": {
      "1": {
        "sweep_num": 52, 
        "El": -0.0771893081665039, 
        "spike_ind": [
          203253, 
          206458, 
          217461, 
          222671, 
          225292, 
          237152, 
          242582, 
          245385, 
          258644, 
          361511, 
          362845, 
          363909, 
          365000, 
          367010, 
          368818, 
          372559, 
          374981, 
          377072, 
          378772, 
          381277, 
          383016, 
          384668, 
          387018, 
          389293, 
          393885, 
          396522, 
          398642, 
          401444, 
          403172, 
          404769, 
          408182, 
          414464, 
          417743
        ]
      }, 
      "3": {
        "sweep_num": 56, 
        "El": -0.0767540054321289, 
        "spike_ind": [
          204372, 
          361596, 
          363125, 
          364656, 
          367031, 
          369502, 
          374377, 
          377213, 
          381176, 
          383242, 
          384920, 
          389488, 
          396579, 
          402145, 
          404699, 
          409699, 
          418248
        ]
      }, 
      "2": {
        "sweep_num": 54, 
        "El": -0.0774260787963867, 
        "spike_ind": [
          203911, 
          224260, 
          244181, 
          361700, 
          363202, 
          364615, 
          366914, 
          369080, 
          373872, 
          376473, 
          378679, 
          381413, 
          383338, 
          384922, 
          388617, 
          394635, 
          397823, 
          401565, 
          403826, 
          409140, 
          418127
        ]
      }, 
      "5": {
        "sweep_num": null, 
        "El": null, 
        "spike_ind": null
      }, 
      "4": {
        "sweep_num": 58, 
        "El": -0.0773245849609375, 
        "spike_ind": [
          204961, 
          361758, 
          363446, 
          364905, 
          367868, 
          375258, 
          378020, 
          381551, 
          383658, 
          385788, 
          397241, 
          402378, 
          404871, 
          418531
        ]
      }
    }, 
    "ramp": {
      "sweep_num": [
        4, 
        5, 
        6
      ]
    }, 
    "max_subthresh_long_square": {
      "sweep_num": [
        61
      ]
    }, 
    "suprathreshold_short_square": {
      "R_testpulsesweep_num": [
        19, 
        24, 
        26, 
        72
      ]
    }, 
    "subthreshold_short_square": {
      "sweep_num": [
        25, 
        27, 
        28
      ]
    }
  }, 
  "spike_cutting": {
    "NOdeltaV": {
      "slope": 0.47397254976784414, 
      "intercept": 0.0054398067720106899, 
      "cut_length": 148.0, 
      "dependencies": null
    }
  }, 
  "dt_used_for_preprocessor_calculations": 5e-05
}