{
  "model_spike_times_same_across_sweeps": {
    "n1": 1,
    "n2": 1
  },
  "run_model_spike_times_match_database": {
    "n2": true
  },
  "n2_after_opt_sanitycheck": 0.7983434765912856,
  "after_opt": {
    "noise_1": 0.7686689701898488,
    "noise_2": 0.798367873155008
  },
  "before_opt": {
    "noise_1": 0.7747669528454407,
    "noise_2": 0.8152666339704954
  }
}