{
  "model_spike_times_same_across_sweeps": {
    "n1": 1,
    "n2": 1
  },
  "run_model_spike_times_match_database": {
    "n2": true
  },
  "n2_after_opt_sanitycheck": 0.90318736056772,
  "after_opt": {
    "noise_1": 0.8534271467547583,
    "noise_2": 0.9031829756375
  },
  "before_opt": {
    "noise_1": 0.8610751440964364,
    "noise_2": 0.9232278622109624
  }
}