{
  "model_spike_times_same_across_sweeps": {
    "n1": 1,
    "n2": 1
  },
  "run_model_spike_times_match_database": {
    "n2": true
  },
  "n2_after_opt_sanitycheck": 0.755758619736954,
  "after_opt": {
    "noise_1": 0.7917797565347388,
    "noise_2": 0.755730878126704
  },
  "before_opt": {
    "noise_1": 0.6381342641983343,
    "noise_2": 0.6557178059324178
  }
}