{
  "noise1": {
    "RSS_of_voltage_diff": 66.98851808185113,
    "var_of_voltage_difference": 1.199350317748054e-05,
    "var_of_voltage_data": 0.00012585042446916682,
    "num_data_points_wo_spike_shape": 5563590
  },
  "noise2": {
    "RSS_of_voltage_diff": 64.33587206331003,
    "var_of_voltage_difference": 1.149530127206681e-05,
    "var_of_voltage_data": 0.00012704403909758778,
    "num_data_points_wo_spike_shape": 5564670
  }
}