{
  "noise1": {
    "RSS_of_voltage_diff": 31.729758243483,
    "var_of_voltage_difference": 5.631549989930368e-06,
    "var_of_voltage_data": 6.640477365931171e-05,
    "num_data_points_wo_spike_shape": 5589915
  },
  "noise2": {
    "RSS_of_voltage_diff": 30.178885785541226,
    "var_of_voltage_difference": 5.381838228852308e-06,
    "var_of_voltage_data": 6.903580335680504e-05,
    "num_data_points_wo_spike_shape": 5590455
  }
}