{
  "El_reference": -0.06955086517333983,
  "C": 8.818967963969192e-11,
  "asc_amp_array": [
    -2.0461708822709047e-12,
    -8.953676868385979e-11
  ],
  "init_threshold": 0.02650721511860968,
  "threshold_reset_method": {
    "params": {
      "a_spike": 0.003040180988127947,
      "b_spike": 16.768942272738016
    },
    "name": "three_components"
  },
  "th_inf": 0.02650721511860968,
  "spike_cut_length": 45,
  "init_AScurrents": [
    0.0,
    0.0
  ],
  "init_voltage": 0.0,
  "threshold_dynamics_method": {
    "params": {
      "b_voltage": 6.126257556917683,
      "a_spike": 0.003040180988127947,
      "b_spike": 16.768942272738016,
      "a_voltage": 1.3047424020389873
    },
    "name": "three_components_exact"
  },
  "voltage_reset_method": {
    "params": {
      "a": 0.8961349342749005,
      "b": -0.013520474154170929
    },
    "name": "v_before"
  },
  "extrapolation_method_name": "endpoints",
  "dt": 5e-05,
  "voltage_dynamics_method": {
    "params": {},
    "name": "linear_forward_euler"
  },
  "El": 0.0,
  "asc_tau_array": [
    0.3333333333333333,
    0.03333333333333334
  ],
  "R_input": 223002207.62363872,
  "AScurrent_dynamics_method": {
    "params": {},
    "name": "exp"
  },
  "AScurrent_reset_method": {
    "params": {
      "r": [
        1.0,
        1.0
      ]
    },
    "name": "sum"
  },
  "dt_multiplier": 10,
  "th_adapt": null,
  "coeffs": {
    "a": 1,
    "C": 1,
    "b": 1,
    "G": 1,
    "th_inf": 0.7848595106826209,
    "asc_amp_array": [
      1.0,
      1.0
    ]
  },
  "type": "GLIF"
}