{
  "model_spike_times_same_across_sweeps": {
    "n1": 1,
    "n2": 1
  },
  "run_model_spike_times_match_database": {
    "n2": true
  },
  "n2_after_opt_sanitycheck": 0.936872567772018,
  "after_opt": {
    "noise_1": 0.9244546004046081,
    "noise_2": 0.936870206975598
  },
  "before_opt": {
    "noise_1": 0.970959786891395,
    "noise_2": 0.9764425161441421
  }
}