{
  "model_spike_times_same_across_sweeps": {
    "n1": 1,
    "n2": 1
  },
  "run_model_spike_times_match_database": {
    "n2": true
  },
  "n2_after_opt_sanitycheck": 0.9568372082261459,
  "after_opt": {
    "noise_1": 0.9464029185405198,
    "noise_2": 0.956836600302295
  },
  "before_opt": {
    "noise_1": 0.956056109189516,
    "noise_2": 0.9659132913359894
  }
}