{
  "noise1": {
    "RSS_of_voltage_diff": 383.9528198800777,
    "var_of_voltage_difference": 1.5678808889770057e-05,
    "var_of_voltage_data": 0.00021597578942520034,
    "num_data_points_wo_spike_shape": 23962604
  },
  "noise2": {
    "RSS_of_voltage_diff": 379.94792347826535,
    "var_of_voltage_difference": 1.5850962581152555e-05,
    "var_of_voltage_data": 0.0002119986916974257,
    "num_data_points_wo_spike_shape": 23961204
  }
}