{
  "model_spike_times_same_across_sweeps": {
    "n1": 1,
    "n2": 1
  },
  "run_model_spike_times_match_database": {
    "n2": true
  },
  "n2_after_opt_sanitycheck": 0.9447667452448014,
  "after_opt": {
    "noise_1": 0.9375591717490575,
    "noise_2": 0.9447642075115
  },
  "before_opt": {
    "noise_1": 0.9628738975112123,
    "noise_2": 0.960483085384495
  }
}