{
  "noise1": {
    "RSS_of_voltage_diff": 348.0873102195752,
    "var_of_voltage_difference": 2.058630810359979e-05,
    "var_of_voltage_data": 0.00013004905661462046,
    "num_data_points_wo_spike_shape": 16799904
  },
  "noise2": {
    "RSS_of_voltage_diff": 499.8119994521746,
    "var_of_voltage_difference": 1.94953643608909e-05,
    "var_of_voltage_data": 0.00012205414276912575,
    "num_data_points_wo_spike_shape": 22403350
  }
}