{
  "El": {
    "El_max_subth_long_square": {
      "dependencies": null, 
      "value": -0.0707621078491211
    }, 
    "El_noise": {
      "measured": {
        "dependencies": null, 
        "list": [
          -0.0703771591186523, 
          -0.0701075210571289, 
          -0.0708461837768555, 
          -0.0702431564331055
        ], 
        "mean": -0.070393505096435549
      }
    }, 
    "El_ramp": {
      "dependencies": null, 
      "value": -0.07103678894042971
    }, 
    "El_suprathreshold_blip": {
      "dependencies": null, 
      "value": -0.0703126220703125
    }, 
    "El_subthreshold_blip": {
      "dependencies": null, 
      "value": -0.07075720977783201
    }
  }, 
  "spike_cut_length": {
    "no deltaV shift": {
      "slope": 0.51279644166677196, 
      "length": 79.0, 
      "intercept": 0.0080272878731196887, 
      "dependencies": null
    }
  }, 
  "threshold_adaptation": {
    "b_spike_component_of_threshold": 143.80977759139824, 
    "b_voltage_comp_of_thr_from_fitab": 173.59487515129734, 
    "b_voltage_comp_of_thr_from_fitabth": 982.75520895847421, 
    "a_voltage_comp_of_thr_from_fitab": 30.637918030059051, 
    "a_spike_component_of_threshold": 0.0022517255019192475, 
    "a_voltage_comp_of_thr_from_fitabth": 221.99303304221178
  }, 
  "th_inf": {
    "via_Vmeasure": {
      "from_zero": 0.022795457163071881, 
      "dependencies": "measured from suprathreshold blip", 
      "value": -0.047517164907240617
    }, 
    "fit_with_v_comp_of_th": {
      "from_zero": 0.021028876314535455, 
      "value": -0.049364628781900094
    }
  }, 
  "resistance": {
    "R_test_list": {
      "list": [
        137202841.14008322, 
        141788593.91396111, 
        142023132.57515609, 
        138800171.76613986
      ], 
      "mean": 139953684.84883508
    }, 
    "R_fit_ASC_and_R": {
      "list": [
        136858104.52698353, 
        137608187.0966076, 
        139390788.74151048, 
        137201629.86188203
      ], 
      "mean": 137764677.55674589
    }, 
    "R_from_lims": {
      "value": 161250010.13279
    }
  }, 
  "asc": {
    "amp": [
      -9.830213359408949e-12, 
      -1.5872308704451023e-10
    ], 
    "k": [
      3.0, 
      100.0
    ], 
    "dependencies": "Cap and res from least squares"
  }, 
  "capacitance": {
    "C_from_lims": {
      "value": 1.1222280443981886e-10
    }, 
    "C_test_list": {
      "list": [
        8.7751171886331501e-11, 
        8.4364755157572651e-11, 
        8.2621328502971487e-11, 
        8.6189419451617359e-11
      ], 
      "mean": 8.5231668749623246e-11
    }
  }, 
  "MLIN": {
    "tau_from_AC": 0.014818677430529713, 
    "sv_for_expsymm": 0.00037068521008016262, 
    "var_of_section": 2.7481504994434868e-07
  }, 
  "sweep_properties": {
    "multi_short_square": {
      "sweep_num": [
        87, 
        88, 
        89, 
        90, 
        91, 
        92, 
        93, 
        94, 
        95, 
        96, 
        97, 
        98, 
        99, 
        100, 
        101, 
        102, 
        103, 
        104, 
        105
      ]
    }, 
    "noise1": {
      "1": {
        "sweep_num": 58, 
        "El": -0.0703771591186523, 
        "spike_ind": [
          200949, 
          202147, 
          202966, 
          203793, 
          204665, 
          218483, 
          220951, 
          222835, 
          224623, 
          238448, 
          241088, 
          242927, 
          244593, 
          360697, 
          360939, 
          361446, 
          362068, 
          362588, 
          362911, 
          363475, 
          364094, 
          364556, 
          364859, 
          365878, 
          366628, 
          367596, 
          368329, 
          369096, 
          372631, 
          373729, 
          375152, 
          376377, 
          377121, 
          378002, 
          378690, 
          380772, 
          381421, 
          382364, 
          382919, 
          383559, 
          384370, 
          384844, 
          387607, 
          389063, 
          393145, 
          394758, 
          396397, 
          397948, 
          398685, 
          400846, 
          401477, 
          402712, 
          403243, 
          403828, 
          404568, 
          405935, 
          407932, 
          409427, 
          414749, 
          416379, 
          417976, 
          418660
        ]
      }, 
      "3": {
        "sweep_num": 62, 
        "El": -0.0708461837768555, 
        "spike_ind": [
          200887, 
          202363, 
          202962, 
          203799, 
          204663, 
          216485, 
          218424, 
          220976, 
          222860, 
          223795, 
          224702, 
          238179, 
          240981, 
          242921, 
          243833, 
          244748, 
          258140, 
          360687, 
          360930, 
          361471, 
          362120, 
          362714, 
          363166, 
          363588, 
          364127, 
          364610, 
          365697, 
          366441, 
          367580, 
          368332, 
          369187, 
          371898, 
          373169, 
          374748, 
          375564, 
          376393, 
          377117, 
          377947, 
          378724, 
          380838, 
          381530, 
          382754, 
          383495, 
          384360, 
          384818, 
          385925, 
          387869, 
          389235, 
          395255, 
          396362, 
          397955, 
          400845, 
          401481, 
          402751, 
          403556, 
          404378, 
          404765, 
          405936, 
          407881, 
          409444, 
          415246, 
          416378, 
          417129, 
          418141
        ]
      }, 
      "2": {
        "sweep_num": 60, 
        "El": -0.0701075210571289, 
        "spike_ind": [
          200903, 
          202403, 
          203212, 
          203811, 
          204656, 
          208571, 
          216568, 
          218664, 
          221034, 
          222988, 
          224657, 
          238164, 
          240976, 
          243519, 
          244693, 
          258693, 
          360717, 
          360966, 
          361444, 
          362073, 
          362520, 
          362952, 
          363455, 
          364119, 
          364581, 
          365875, 
          366592, 
          367586, 
          368469, 
          369266, 
          371926, 
          373186, 
          374761, 
          376104, 
          377068, 
          377950, 
          378569, 
          380847, 
          382332, 
          382946, 
          383577, 
          384373, 
          384806, 
          385915, 
          387882, 
          393146, 
          394769, 
          396358, 
          397121, 
          397978, 
          398727, 
          400861, 
          401849, 
          402736, 
          403229, 
          403796, 
          404608, 
          405935, 
          407853, 
          409426, 
          413700, 
          415279, 
          416429, 
          417957
        ]
      }, 
      "5": {
        "sweep_num": null, 
        "El": null, 
        "spike_ind": null
      }, 
      "4": {
        "sweep_num": 64, 
        "El": -0.0702431564331055,