{
  "model_spike_times_same_across_sweeps": {
    "n1": 1,
    "n2": 1
  },
  "run_model_spike_times_match_database": {
    "n2": true
  },
  "n2_after_opt_sanitycheck": 0.8733689723010725,
  "after_opt": {
    "noise_1": 0.8685632027789686,
    "noise_2": 0.873361008742597
  },
  "before_opt": {
    "noise_1": 0.8806160871058344,
    "noise_2": 0.8816025900663693
  }
}