{
  "El_reference": -0.07039350509643555, 
  "C": 8.523166874962325e-11, 
  "asc_amp_array": [
    -9.830213359408949e-12, 
    -1.5872308704451023e-10
  ], 
  "init_threshold": 0.02279545716307188, 
  "threshold_reset_method": {
    "params": {
      "a_spike": 0.0022517255019192475, 
      "b_spike": 143.80977759139824
    }, 
    "name": "three_components"
  }, 
  "th_inf": 0.02279545716307188, 
  "spike_cut_length": 79, 
  "init_AScurrents": [
    0.0, 
    0.0
  ], 
  "init_voltage": 0.0, 
  "threshold_dynamics_method": {
    "params": {
      "b_voltage": 173.59487515129734, 
      "a_spike": 0.0022517255019192475, 
      "b_spike": 143.80977759139824, 
      "a_voltage": 30.63791803005905
    }, 
    "name": "three_components_exact"
  }, 
  "voltage_reset_method": {
    "params": {
      "a": 0.512796441666772, 
      "b": 0.008027287873119689
    }, 
    "name": "v_before"
  }, 
  "extrapolation_method_name": "endpoints", 
  "dt": 5e-05, 
  "voltage_dynamics_method": {
    "params": {}, 
    "name": "linear_forward_euler"
  }, 
  "El": 0.0, 
  "asc_tau_array": [
    0.3333333333333333, 
    0.01
  ], 
  "R_input": 137764677.5567459, 
  "AScurrent_dynamics_method": {
    "params": {}, 
    "name": "exp"
  }, 
  "AScurrent_reset_method": {
    "params": {
      "r": [
        1.0, 
        1.0
      ]
    }, 
    "name": "sum"
  }, 
  "dt_multiplier": 10, 
  "th_adapt": null, 
  "coeffs": {
    "a": 1, 
    "C": 1, 
    "b": 1, 
    "G": 1, 
    "th_inf": 0.8795430307411707, 
    "asc_amp_array": [
      1.0, 
      1.0
    ]
  }, 
  "type": "GLIF"
}