{
  "noise1": {
    "RSS_of_voltage_diff": 250.48661068795744,
    "var_of_voltage_difference": 1.1073777810155548e-05,
    "var_of_voltage_data": 8.711030779219631e-05,
    "num_data_points_wo_spike_shape": 22396254
  },
  "noise2": {
    "RSS_of_voltage_diff": 239.2015355859093,
    "var_of_voltage_difference": 1.0678691835150681e-05,
    "var_of_voltage_data": 8.618512124683924e-05,
    "num_data_points_wo_spike_shape": 22396570
  }
}