{
  "noise1": {
    "RSS_of_voltage_diff": 403.68122614677696,
    "var_of_voltage_difference": 1.6660272885622485e-05,
    "var_of_voltage_data": 8.711030779219631e-05,
    "num_data_points_wo_spike_shape": 22396254
  },
  "noise2": {
    "RSS_of_voltage_diff": 421.4214599206559,
    "var_of_voltage_difference": 1.67422972540822e-05,
    "var_of_voltage_data": 8.618512124683924e-05,
    "num_data_points_wo_spike_shape": 22396570
  }
}