{
  "model_spike_times_same_across_sweeps": {
    "n1": 1,
    "n2": 1
  },
  "run_model_spike_times_match_database": {
    "n2": true
  },
  "n2_after_opt_sanitycheck": 0.4322621046068878,
  "after_opt": {
    "noise_1": 0.5583256114447139,
    "noise_2": 0.432232007301956
  },
  "before_opt": {
    "noise_1": 0.6288152003512777,
    "noise_2": 0.449943523352151
  }
}