{
  "El": {
    "El_max_subth_long_square": {
      "dependencies": null, 
      "value": -0.0747895202636719
    }, 
    "El_noise": {
      "measured": {
        "dependencies": null, 
        "list": [
          -0.0744687271118164, 
          -0.07488131713867191, 
          -0.0751200866699219, 
          -0.0742783660888672
        ], 
        "mean": -0.074687124252319353
      }
    }, 
    "El_ramp": {
      "dependencies": null, 
      "value": -0.0746960525512695
    }, 
    "El_suprathreshold_blip": {
      "dependencies": null, 
      "value": -0.07467246246337891
    }, 
    "El_subthreshold_blip": {
      "dependencies": null, 
      "value": -0.07553634643554691
    }
  }, 
  "spike_cut_length": {
    "no deltaV shift": {
      "slope": 0.55866564533916052, 
      "length": 92.0, 
      "intercept": 0.0055747291584227997, 
      "dependencies": null
    }
  }, 
  "threshold_adaptation": {
    "b_spike_component_of_threshold": null, 
    "b_voltage_comp_of_thr_from_fitab": null, 
    "b_voltage_comp_of_thr_from_fitabth": null, 
    "a_voltage_comp_of_thr_from_fitab": null, 
    "a_spike_component_of_threshold": null, 
    "a_voltage_comp_of_thr_from_fitabth": null
  }, 
  "th_inf": {
    "via_Vmeasure": {
      "from_zero": 0.027361704044450916, 
      "dependencies": "measured from suprathreshold blip", 
      "value": -0.047310758418927998
    }, 
    "fit_with_v_comp_of_th": {
      "from_zero": null, 
      "value": null
    }
  }, 
  "resistance": {
    "R_test_list": {
      "list": [
        245688516.47598335, 
        235225120.63183358, 
        210251651.53052104, 
        199456262.80790985
      ], 
      "mean": 222655387.86156195
    }, 
    "R_fit_ASC_and_R": {
      "list": [
        259918207.99109563, 
        241285172.83524096, 
        217197419.9263029, 
        195410033.61343876
      ], 
      "mean": 228452708.59151956
    }, 
    "R_from_lims": {
      "value": 193437352.77652702
    }
  }, 
  "asc": {
    "amp": [
      -7.567327185646114e-12, 
      -2.5303765914220006e-10
    ], 
    "k": [
      3.0, 
      100.0
    ], 
    "dependencies": "Cap and res from least squares"
  }, 
  "capacitance": {
    "C_from_lims": {
      "value": 1.2950062435291849e-10
    }, 
    "C_test_list": {
      "list": [
        1.0735993120009743e-10, 
        1.1456108274168123e-10, 
        1.1024847339725041e-10, 
        1.0806438326648377e-10
      ], 
      "mean": 1.100584676513782e-10
    }
  }, 
  "MLIN": {
    "tau_from_AC": 0.047808135368661672, 
    "sv_for_expsymm": 0.00097761502532197589, 
    "var_of_section": 1.911462275470575e-06
  }, 
  "sweep_properties": {
    "multi_short_square": {
      "sweep_num": null
    }, 
    "noise1": {
      "1": {
        "sweep_num": 54, 
        "El": -0.0744687271118164, 
        "spike_ind": [
          251624, 
          253219, 
          254387, 
          255810, 
          260319, 
          267671, 
          270521, 
          272779, 
          276775, 
          278789, 
          280641, 
          286703, 
          296585, 
          298384, 
          301434, 
          303695, 
          305858, 
          322817, 
          451096, 
          451667, 
          452327, 
          453109, 
          453750, 
          454482, 
          455444, 
          455997, 
          457391, 
          458500, 
          459853, 
          460992, 
          466497, 
          468474, 
          470400, 
          471542, 
          472671, 
          476033, 
          477234, 
          478497, 
          479521, 
          480616, 
          482441, 
          485004, 
          486626, 
          491951, 
          494160, 
          495643, 
          497531, 
          498443, 
          501193, 
          503438, 
          504458, 
          505670, 
          507693, 
          510365, 
          519137, 
          521606, 
          523140
        ]
      }, 
      "3": {
        "sweep_num": 58, 
        "El": -0.0751200866699219, 
        "spike_ind": [
          251726, 
          253416, 
          254687, 
          255859, 
          260693, 
          272954, 
          276690, 
          279126, 
          280963, 
          297713, 
          301403, 
          304128, 
          305906, 
          451124, 
          451762, 
          452596, 
          453385, 
          454062, 
          454748, 
          455639, 
          456370, 
          457593, 
          458877, 
          459990, 
          461430, 
          466818, 
          468805, 
          470496, 
          471601, 
          472750, 
          476144, 
          477456, 
          478615, 
          479594, 
          480749, 
          483414, 
          484974, 
          486798, 
          492167, 
          494159, 
          496634, 
          497944, 
          501207, 
          503445, 
          504586, 
          505804, 
          521520, 
          522815
        ]
      }, 
      "2": {
        "sweep_num": 56, 
        "El": -0.07488131713867191, 
        "spike_ind": [
          251467, 
          253306, 
          254519, 
          255816, 
          258659, 
          262049, 
          269337, 
          271768, 
          273495, 
          276807, 
          278958, 
          280801, 
          298445, 
          302621, 
          304697, 
          323476, 
          451118, 
          451720, 
          452563, 
          453301, 
          454039, 
          454729, 
          455587, 
          456288, 
          457442, 
          459292, 
          460451, 
          461636, 
          466519, 
          468331, 
          470272, 
          471591, 
          472876, 
          476141, 
          477240, 
          478500, 
          479524, 
          480729, 
          482456, 
          484842, 
          486593, 
          492387, 
          495530, 
          497606, 
          501177, 
          502376, 
          503956, 
          504821, 
          505866, 
          510788, 
          519063, 
          521407, 
          522855
        ]
      }, 
      "5": {
        "sweep_num": null, 
        "El": null, 
        "spike_ind": null
      }, 
      "4": {
        "sweep_num": 60, 
        "El": -0.0742783660888672, 
        "spike_ind": [
          251840, 
          253607, 
          254806, 
          255936, 
          273092, 
          279063, 
          281043, 
          304505, 
          306103, 
          451087, 
          451698, 
          452400, 
          453321, 
          454047, 
          454757, 
          455585, 
          456187, 
          457447, 
          459560, 
          461519, 
          469148, 
          471412, 
          472723, 
          476202, 
          478434, 
          479720, 
          480826, 
          495667, 
          497758, 
          501253, 
          503193, 
          504472, 
          505854, 
          511772, 
          522780
        ]
      }
    }, 
    "ramp": {
      "sweep_num": [
        4, 
        5, 
        6
      ]
    }, 
    "max_subthresh_long_square": {
      "sweep_num": [
        49
      ]
    }, 
    "suprathreshold_short_square": {
      "R_testpulsesweep_num": [
        17
      ]
    }, 
    "subthreshold_short_square": {
      "sweep_num": [
        22
      ]
    }
  }, 
  "spike_cutting": {
    "NOdeltaV": {
      "slope": 0.55866564533916052, 
      "intercept": 0.0055747291584227997, 
      "cut_length": 92.0, 
      "dependencies": null
    }
  }, 
  "dt_used_for_preprocessor_calculations": 5e-05
}