{
  "model_spike_times_same_across_sweeps": {
    "n1": 1,
    "n2": 1
  },
  "run_model_spike_times_match_database": {
    "n2": true
  },
  "n2_after_opt_sanitycheck": 0.9178639529100889,
  "after_opt": {
    "noise_1": 0.9210737519970608,
    "noise_2": 0.917863956391319
  },
  "before_opt": {
    "noise_1": 0.8601817452155333,
    "noise_2": 0.8559785861868532
  }
}