{
  "model_spike_times_same_across_sweeps": {
    "n1": 1,
    "n2": 1
  },
  "run_model_spike_times_match_database": {
    "n2": true
  },
  "n2_after_opt_sanitycheck": 0.9201267322175941,
  "after_opt": {
    "noise_1": 0.9160104358173523,
    "noise_2": 0.92010861916744
  },
  "before_opt": {
    "noise_1": 0.9258595762174848,
    "noise_2": 0.9281690202559475
  }
}