{
  "model_spike_times_same_across_sweeps": {
    "n1": 1,
    "n2": 1
  },
  "run_model_spike_times_match_database": {
    "n2": true
  },
  "n2_after_opt_sanitycheck": 0.7067866588541516,
  "after_opt": {
    "noise_1": 0.651337983327832,
    "noise_2": 0.706814924645266
  },
  "before_opt": {
    "noise_1": 0.4301176287535176,
    "noise_2": 0.3850771894375724
  }
}