{
  "noise1": {
    "RSS_of_voltage_diff": 212.18491341636195,
    "var_of_voltage_difference": 1.8810896273804134e-05,
    "var_of_voltage_data": 0.00013556520780684094,
    "num_data_points_wo_spike_shape": 11203502
  },
  "noise2": {
    "RSS_of_voltage_diff": 318.5393265998315,
    "var_of_voltage_difference": 1.846593169303362e-05,
    "var_of_voltage_data": 0.00013017309923376043,
    "num_data_points_wo_spike_shape": 16804953
  }
}