{
  "model_spike_times_same_across_sweeps": {
    "n1": 1,
    "n2": 1
  },
  "run_model_spike_times_match_database": {
    "n2": true
  },
  "n2_after_opt_sanitycheck": 0.7569797679589565,
  "after_opt": {
    "noise_1": 0.593988783633994,
    "noise_2": 0.75703526077197
  },
  "before_opt": {
    "noise_1": 0.4713485669341862,
    "noise_2": 0.4739155077333543
  }
}