{
  "model_spike_times_same_across_sweeps": {
    "n1": 1,
    "n2": 1
  },
  "run_model_spike_times_match_database": {
    "n2": true
  },
  "n2_after_opt_sanitycheck": 0.6697151821131874,
  "after_opt": {
    "noise_1": 0.4910653913500745,
    "noise_2": 0.669743267895125
  },
  "before_opt": {
    "noise_1": 0.4391106540675008,
    "noise_2": 0.4219832588713747
  }
}