{
  "El_reference": -0.0703059196472168, 
  "C": 6.617144970402781e-11, 
  "asc_amp_array": [
    -1.6723307433809842e-10, 
    5.749798805448098e-10
  ], 
  "init_threshold": 0.02377513189178053, 
  "threshold_reset_method": {
    "params": {
      "a_spike": 0.003031260844100516, 
      "b_spike": 33.333695564501745
    }, 
    "name": "three_components"
  }, 
  "th_inf": 0.02377513189178053, 
  "spike_cut_length": 40, 
  "init_AScurrents": [
    0.0, 
    0.0
  ], 
  "init_voltage": 0.0, 
  "threshold_dynamics_method": {
    "params": {
      "b_voltage": 0, 
      "a_spike": 0.003031260844100516, 
      "b_spike": 33.333695564501745, 
      "a_voltage": 0
    }, 
    "name": "spike_component"
  }, 
  "voltage_reset_method": {
    "params": {
      "a": 0.4148530416665807, 
      "b": 0.0007207779553447102
    }, 
    "name": "v_before"
  }, 
  "extrapolation_method_name": "endpoints", 
  "dt": 5e-05, 
  "voltage_dynamics_method": {
    "params": {}, 
    "name": "linear_forward_euler"
  }, 
  "El": 0.0, 
  "asc_tau_array": [
    0.01, 
    0.0033333333333333335
  ], 
  "R_input": 223425433.08160597, 
  "AScurrent_dynamics_method": {
    "params": {}, 
    "name": "exp"
  }, 
  "AScurrent_reset_method": {
    "params": {
      "r": [
        1.0, 
        1.0
      ]
    }, 
    "name": "sum"
  }, 
  "dt_multiplier": 10, 
  "th_adapt": null, 
  "coeffs": {
    "a": 1, 
    "C": 1, 
    "b": 1, 
    "G": 1, 
    "th_inf": 1.2377955058753463, 
    "asc_amp_array": [
      1.0, 
      1.0
    ]
  }, 
  "type": "GLIF"
}