{
  "noise1": {
    "RSS_of_voltage_diff": 86.86805043014985,
    "var_of_voltage_difference": 7.630906649271122e-06,
    "var_of_voltage_data": 8.31128828812312e-05,
    "num_data_points_wo_spike_shape": 11203002
  },
  "noise2": {
    "RSS_of_voltage_diff": 72.53851251033352,
    "var_of_voltage_difference": 6.148583179919935e-06,
    "var_of_voltage_data": 7.987219944427652e-05,
    "num_data_points_wo_spike_shape": 11203722
  }
}