{
  "model_spike_times_same_across_sweeps": {
    "n1": 1,
    "n2": 1
  },
  "run_model_spike_times_match_database": {
    "n2": true
  },
  "n2_after_opt_sanitycheck": 0.7840042173158178,
  "after_opt": {
    "noise_1": 0.7509763180525088,
    "noise_2": 0.78400195994443
  },
  "before_opt": {
    "noise_1": 0.7206027357475765,
    "noise_2": 0.6966899080147279
  }
}