{
  "model_spike_times_same_across_sweeps": {
    "n1": 1,
    "n2": 1
  },
  "run_model_spike_times_match_database": {
    "n2": true
  },
  "n2_after_opt_sanitycheck": 0.7604487625460246,
  "after_opt": {
    "noise_1": 0.7895910772122835,
    "noise_2": 0.76047450215167
  },
  "before_opt": {
    "noise_1": 0.7316849592516528,
    "noise_2": 0.6927186299754587
  }
}