{
  "model_spike_times_same_across_sweeps": {
    "n1": 1,
    "n2": 1
  },
  "run_model_spike_times_match_database": {
    "n2": true
  },
  "n2_after_opt_sanitycheck": 0.7927576070974445,
  "after_opt": {
    "noise_1": 0.7673357948934777,
    "noise_2": 0.792762179609881
  },
  "before_opt": {
    "noise_1": 0.6714331350378813,
    "noise_2": 0.6437442864287823
  }
}