{
  "noise1": {
    "RSS_of_voltage_diff": 134.821332596147,
    "var_of_voltage_difference": 2.1999333585539082e-05,
    "var_of_voltage_data": 0.00013778413551797822,
    "num_data_points_wo_spike_shape": 5512573
  },
  "noise2": {
    "RSS_of_voltage_diff": 105.68503830360902,
    "var_of_voltage_difference": 2.1492590378739064e-05,
    "var_of_voltage_data": 0.00013716553964346925,
    "num_data_points_wo_spike_shape": 4132515
  }
}