{
  "noise1": {
    "RSS_of_voltage_diff": 9.855831978783652,
    "var_of_voltage_difference": 1.498518705969286e-06,
    "var_of_voltage_data": 0.00013778413551797822,
    "num_data_points_wo_spike_shape": 5512573
  },
  "noise2": {
    "RSS_of_voltage_diff": 6.231817245904926,
    "var_of_voltage_difference": 1.4992741833663088e-06,
    "var_of_voltage_data": 0.00013716553964346925,
    "num_data_points_wo_spike_shape": 4132515
  }
}