{
  "model_spike_times_same_across_sweeps": {
    "n1": 1,
    "n2": 1
  },
  "run_model_spike_times_match_database": {
    "n2": true
  },
  "n2_after_opt_sanitycheck": 0.7402949669552623,
  "after_opt": {
    "noise_1": 0.799069193714892,
    "noise_2": 0.740203573620938
  },
  "before_opt": {
    "noise_1": 0.705732192858616,
    "noise_2": 0.7154357691907727
  }
}