{
  "model_spike_times_same_across_sweeps": {
    "n1": 1,
    "n2": 1
  },
  "run_model_spike_times_match_database": {
    "n2": true
  },
  "n2_after_opt_sanitycheck": 0.8784410497802405,
  "after_opt": {
    "noise_1": 0.8547505829938873,
    "noise_2": 0.878360211551427
  },
  "before_opt": {
    "noise_1": 0.8840473506916836,
    "noise_2": 0.8823959005540853
  }
}