{
  "El_reference": -0.06475098164876301, 
  "C": 6.924686792095645e-11, 
  "asc_amp_array": [
    -4.291215929017254e-12, 
    -7.108746404635297e-11
  ], 
  "init_threshold": 0.03143506291639782, 
  "threshold_reset_method": {
    "params": {
      "a_spike": 0.0023771677660649753, 
      "b_spike": 16.572327153943302
    }, 
    "name": "three_components"
  }, 
  "th_inf": 0.03143506291639782, 
  "spike_cut_length": 51, 
  "init_AScurrents": [
    0.0, 
    0.0
  ], 
  "init_voltage": 0.0, 
  "threshold_dynamics_method": {
    "params": {
      "b_voltage": 0, 
      "a_spike": 0.0023771677660649753, 
      "b_spike": 16.572327153943302, 
      "a_voltage": 0
    }, 
    "name": "spike_component"
  }, 
  "voltage_reset_method": {
    "params": {
      "a": 1.003433525302263, 
      "b": -0.013597480709691807
    }, 
    "name": "v_before"
  }, 
  "extrapolation_method_name": "endpoints", 
  "dt": 5e-05, 
  "voltage_dynamics_method": {
    "params": {}, 
    "name": "linear_forward_euler"
  }, 
  "El": 0.0, 
  "asc_tau_array": [
    0.3333333333333333, 
    0.01
  ], 
  "R_input": 176094431.0191822, 
  "AScurrent_dynamics_method": {
    "params": {}, 
    "name": "none"
  }, 
  "AScurrent_reset_method": {
    "params": {}, 
    "name": "none"
  }, 
  "dt_multiplier": 10, 
  "th_adapt": null, 
  "coeffs": {
    "a": 1, 
    "C": 1, 
    "b": 1, 
    "G": 1, 
    "th_inf": 1.1784342716511316, 
    "asc_amp_array": [
      1.0, 
      1.0
    ]
  }, 
  "type": "GLIF"
}