{
  "noise1": {
    "RSS_of_voltage_diff": 196.74353580227535,
    "var_of_voltage_difference": 1.1718041534402172e-05,
    "var_of_voltage_data": 0.0001589505442127089,
    "num_data_points_wo_spike_shape": 16789308
  },
  "noise2": {
    "RSS_of_voltage_diff": 111.93168183429269,
    "var_of_voltage_difference": 9.769608370503196e-06,
    "var_of_voltage_data": 0.00015369467875446803,
    "num_data_points_wo_spike_shape": 11193773
  }
}