{
  "noise1": {
    "RSS_of_voltage_diff": 21.439910817597866,
    "var_of_voltage_difference": 3.832594916013893e-06,
    "var_of_voltage_data": 8.858982721927435e-05,
    "num_data_points_wo_spike_shape": 5592780
  },
  "noise2": {
    "RSS_of_voltage_diff": 22.355927270326717,
    "var_of_voltage_difference": 3.931945948271681e-06,
    "var_of_voltage_data": 8.98556989302983e-05,
    "num_data_points_wo_spike_shape": 5592912
  }
}