{
  "El": {
    "El_max_subth_long_square": {
      "dependencies": null,
      "value": -0.0729857177734375
    },
    "El_noise": {
      "measured": {
        "dependencies": null,
        "list": [
          -0.0740766143798828,
          -0.0727880477905273,
          -0.07367156982421881,
          -0.0725292587280273
        ],
        "mean": -0.07326637268066405
      }
    },
    "El_ramp": {
      "dependencies": null,
      "value": -0.0702650680541992
    },
    "El_suprathreshold_blip": {
      "dependencies": null,
      "value": -0.07177159118652339
    },
    "El_subthreshold_blip": {
      "dependencies": null,
      "value": -0.0714976425170898
    }
  },
  "spike_cut_length": {
    "no deltaV shift": {
      "slope": 0.38016835674571214,
      "length": 102.0,
      "intercept": 0.015396656717659673,
      "dependencies": null
    }
  },
  "threshold_adaptation": {
    "b_spike_component_of_threshold": null,
    "b_voltage_comp_of_thr_from_fitab": null,
    "b_voltage_comp_of_thr_from_fitabth": null,
    "a_voltage_comp_of_thr_from_fitab": null,
    "a_spike_component_of_threshold": null,
    "a_voltage_comp_of_thr_from_fitabth": null
  },
  "th_inf": {
    "via_Vmeasure": {
      "from_zero": 0.025139816690814165,
      "dependencies": "measured from suprathreshold blip",
      "value": -0.046631774495709225
    },
    "fit_with_v_comp_of_th": {
      "from_zero": null,
      "value": null
    }
  },
  "resistance": {
    "R_test_list": {
      "list": [
        372459368.3009502,
        384673343.57495964,
        372186365.32087576,
        357006063.2509914
      ],
      "mean": 371581285.1119442
    },
    "R_fit_ASC_and_R": {
      "list": [
        430914437.5023405,
        478411082.00948,
        429089493.7436369,
        409023825.79753494
      ],
      "mean": 436859709.7632481
    },
    "R_from_lims": {
      "value": 151718705.89256302
    }
  },
  "asc": {
    "amp": [
      -8.908053750509812e-12,
      -6.111272020883489e-11
    ],
    "k": [
      3.0,
      29.999999999999996
    ],
    "dependencies": "Cap and res from least squares"
  },
  "capacitance": {
    "C_from_lims": {
      "value": 1.882196465341159e-10
    },
    "C_test_list": {
      "list": [
        1.8129341034407613e-10,
        1.783901447218514e-10,
        1.7888466973469922e-10,
        1.732465343945249e-10
      ],
      "mean": 1.779536897987879e-10
    }
  },
  "MLIN": {
    "tau_from_AC": 0.0335720752649272,
    "sv_for_expsymm": 0.00010843335187064332,
    "var_of_section": 2.35155835958055e-08
  },
  "sweep_properties": {
    "multi_short_square": {
      "sweep_num": null
    },
    "noise1": {
      "1": {
        "sweep_num": 51,
        "El": -0.0740766143798828,
        "spike_ind": [
          253354,
          255758,
          271317,
          278341,
          280871,
          296421,
          301986,
          304635,
          310522,
          320641,
          323501,
          451879,
          452108,
          453661,
          455272,
          458091,
          460925,
          466758,
          469064,
          471402,
          473023,
          476342,
          477983,
          479475,
          480942,
          484879,
          491894,
          494179,
          496409,
          498137,
          501382,
          502943,
          504453,
          505912,
          509581,
          511799,
          516883,
          519121,
          521375,
          523039
        ]
      },
      "3": {
        "sweep_num": 55,
        "El": -0.07367156982421881,
        "spike_ind": [
          253052,
          253968,
          270440,
          277980,
          280864,
          295437,
          302608,
          305451,
          311597,
          321384,
          451850,
          452077,
          453706,
          455424,
          459761,
          462097,
          466599,
          468598,
          470697,
          472776,
          476224,
          478007,
          479536,
          480999,
          483580,
          485975,
          491643,
          493565,
          495523,
          497524,
          501245,
          502635,
          504042,
          505749,
          508265,
          510747,
          516467,
          518870,
          520783,
          522687
        ]
      },
      "2": {
        "sweep_num": 53,
        "El": -0.0727880477905273,
        "spike_ind": [
          252972,
          254477,
          261541,
          270233,
          276896,
          279664,
          282403,
          295064,
          298237,
          302710,
          304614,
          309417,
          318982,
          323155,
          451817,
          452047,
          453520,
          454753,
          455966,
          459509,
          461558,
          466525,
          468535,
          470631,
          472612,
          476185,
          477534,
          479004,
          480639,
          483422,
          485685,
          491504,
          493893,
          495761,
          497668,
          501216,
          502691,
          504025,
          505665,
          508161,
          510377,
          516472,
          518881,
          521056,
          522852
        ]
      },
      "5": {
        "sweep_num": null,
        "El": null,
        "spike_ind": null
      },
      "4": {
        "sweep_num": 57,
        "El": -0.0725292587280273,
        "spike_ind": [
          253411,
          255856,
          272675,
          278705,
          280952,
          297447,
          303437,
          305907,
          321375,
          451895,
          452118,
          453751,
          455455,
          458247,
          460731,
          466879,
          469175,
          471478,
          473265,
          476414,
          477996,
          479277,
          480859,
          484513,
          486657,
          491864,
          493975,
          496403,
          498020,
          501232,
          502330,
          503854,
          505333,
          508729,
          510968,
          516880,
          519317,
          521547,
          523092
        ]
      }
    },
    "ramp": {
      "sweep_num": [
        4,
        5,
        6
      ]
    },
    "max_subthresh_long_square": {
      "sweep_num": [
        32,
        45,
        46
      ]
    },
    "suprathreshold_short_square": {
      "R_testpulsesweep_num": [
        15,
        19,
        20,
        22,
        23
      ]
    },
    "subthreshold_short_square": {
      "sweep_num": [
        21
      ]
    }
  },
  "spike_cutting": {
    "NOdeltaV": {
      "slope": 0.38016835674571214,
      "intercept": 0.015396656717659673,
      "cut_length": 102.0,
      "dependencies": null
    }
  },
  "dt_used_for_preprocessor_calculations": 5e-05
}