{
  "El": {
    "El_max_subth_long_square": {
      "dependencies": null, 
      "value": -0.07514869689941411
    }, 
    "El_noise": {
      "measured": {
        "dependencies": null, 
        "list": [
          -0.0760669021606445, 
          -0.0760782623291016, 
          -0.07636232757568359
        ], 
        "mean": -0.076169164021809899
      }
    }, 
    "El_ramp": {
      "dependencies": null, 
      "value": -0.0765481796264648
    }, 
    "El_suprathreshold_blip": {
      "dependencies": null, 
      "value": -0.0759958572387695
    }, 
    "El_subthreshold_blip": {
      "dependencies": null, 
      "value": -0.07702989196777339
    }
  }, 
  "spike_cut_length": {
    "no deltaV shift": {
      "slope": 0.063267716620658984, 
      "length": 48.0, 
      "intercept": 0.026554412595907934, 
      "dependencies": null
    }
  }, 
  "threshold_adaptation": {
    "b_spike_component_of_threshold": null, 
    "b_voltage_comp_of_thr_from_fitab": null, 
    "b_voltage_comp_of_thr_from_fitabth": null, 
    "a_voltage_comp_of_thr_from_fitab": null, 
    "a_spike_component_of_threshold": null, 
    "a_voltage_comp_of_thr_from_fitabth": null
  }, 
  "th_inf": {
    "via_Vmeasure": {
      "from_zero": 0.028931326614574898, 
      "dependencies": "measured from suprathreshold blip", 
      "value": -0.047064530624194606
    }, 
    "fit_with_v_comp_of_th": {
      "from_zero": null, 
      "value": null
    }
  }, 
  "resistance": {
    "R_test_list": {
      "list": [
        287384233.40635014, 
        279352937.53937942, 
        286738797.26978183
      ], 
      "mean": 284491989.40517044
    }, 
    "R_fit_ASC_and_R": {
      "list": [
        259041123.31880724, 
        247785647.78432685, 
        254943820.38464814
      ], 
      "mean": 253923530.49592742
    }, 
    "R_from_lims": {
      "value": 189062491.059303
    }
  }, 
  "asc": {
    "amp": [
      -1.3008896216519995e-11, 
      -2.0000774015506742e-10
    ], 
    "k": [
      3.0, 
      100.0
    ], 
    "dependencies": "Cap and res from least squares"
  }, 
  "capacitance": {
    "C_from_lims": {
      "value": 8.37909513929574e-11
    }, 
    "C_test_list": {
      "list": [
        6.8224127380223827e-11, 
        6.7298261200926346e-11, 
        6.8898666281635503e-11
      ], 
      "mean": 6.8140351620928554e-11
    }
  }, 
  "MLIN": {
    "tau_from_AC": 0.022549100468064371, 
    "sv_for_expsymm": 0.00077326748917923868, 
    "var_of_section": 1.1958852196431281e-06
  }, 
  "sweep_properties": {
    "multi_short_square": {
      "sweep_num": null
    }, 
    "noise1": {
      "1": {
        "sweep_num": 47, 
        "El": -0.0760669021606445, 
        "spike_ind": [
          200967, 
          202647, 
          203675, 
          204664, 
          208678, 
          216511, 
          218090, 
          220936, 
          222715, 
          223792, 
          224747, 
          238212, 
          240950, 
          242803, 
          243858, 
          244787, 
          258187, 
          360743, 
          361017, 
          361748, 
          362394, 
          362903, 
          363536, 
          364364, 
          364774, 
          365889, 
          366901, 
          367867, 
          369066, 
          371925, 
          373197, 
          375252, 
          376314, 
          377161, 
          378027, 
          378715, 
          380770, 
          382152, 
          382945, 
          383654, 
          384469, 
          387930, 
          389231, 
          395197, 
          396423, 
          397990, 
          398750, 
          400869, 
          402467, 
          403249, 
          404456, 
          407964, 
          409274, 
          416439, 
          418089
        ]
      }, 
      "3": {
        "sweep_num": 51, 
        "El": -0.07636232757568359, 
        "spike_ind": [
          200928, 
          202529, 
          203545, 
          204619, 
          207955, 
          213824, 
          217284, 
          218581, 
          220950, 
          222907, 
          224654, 
          236474, 
          238717, 
          240960, 
          242996, 
          244713, 
          258160, 
          360705, 
          360972, 
          361747, 
          362385, 
          362910, 
          363519, 
          364330, 
          364731, 
          365915, 
          366621, 
          367611, 
          368547, 
          369384, 
          371939, 
          375224, 
          376390, 
          377214, 
          378088, 
          378782, 
          380825, 
          381769, 
          382721, 
          383521, 
          384456, 
          387982, 
          393939, 
          395340, 
          396455, 
          398009, 
          398785, 
          400848, 
          402828, 
          403678, 
          404569, 
          407971, 
          409460, 
          415276, 
          416426, 
          418141
        ]
      }, 
      "2": {
        "sweep_num": 49, 
        "El": -0.0760782623291016, 
        "spike_ind": [
          200960, 
          202618, 
          203665, 
          204624, 
          215316, 
          218118, 
          220963, 
          222764, 
          223817, 
          224719, 
          236537, 
          238402, 
          241002, 
          243868, 
          244805, 
          258752, 
          360739, 
          360975, 
          361849, 
          362572, 
          363179, 
          363744, 
          364383, 
          364808, 
          365892, 
          366936, 
          367898, 
          369150, 
          373207, 
          375204, 
          376428, 
          377330, 
          378178, 
          380862, 
          382504, 
          383389, 
          384444, 
          386651, 
          387939, 
          389243, 
          395279, 
          396521, 
          398071, 
          400906, 
          402792, 
          403654, 
          404610, 
          408314, 
          409463, 
          416438, 
          418116
        ]
      }, 
      "5": {
        "sweep_num": null, 
        "El": null, 
        "spike_ind": null
      }, 
      "4": {
        "sweep_num": null, 
        "El": null, 
        "spike_ind": null
      }
    }, 
    "ramp": {
      "sweep_num": [
        4, 
        5, 
        6
      ]
    }, 
    "max_subthresh_long_square": {
      "sweep_num": [
        36
      ]
    }, 
    "suprathreshold_short_square": {
      "R_testpulsesweep_num": [
        15, 
        19, 
        20, 
        21, 
        22, 
        23, 
        24
      ]
    }, 
    "subthreshold_short_square": {
      "sweep_num": [
        18
      ]
    }
  }, 
  "spike_cutting": {
    "NOdeltaV": {
      "slope": 0.063267716620658984, 
      "intercept": 0.026554412595907934, 
      "cut_length": 48.0, 
      "dependencies": null
    }
  }, 
  "dt_used_for_preprocessor_calculations": 5e-05
}