{
  "noise1": {
    "RSS_of_voltage_diff": 1097.8711757870644,
    "var_of_voltage_difference": 4.6054274642347686e-05,
    "var_of_voltage_data": 0.00021220092351925907,
    "num_data_points_wo_spike_shape": 22389754
  },
  "noise2": {
    "RSS_of_voltage_diff": 1158.444624885019,
    "var_of_voltage_difference": 4.8297338056186047e-05,
    "var_of_voltage_data": 0.00020960831831456675,
    "num_data_points_wo_spike_shape": 22388404
  }
}