{
  "model_spike_times_same_across_sweeps": {
    "n1": 1,
    "n2": 1
  },
  "run_model_spike_times_match_database": {
    "n2": true
  },
  "n2_after_opt_sanitycheck": 0.3836266582120744,
  "after_opt": {
    "noise_1": 0.4088677399835229,
    "noise_2": 0.383617002268177
  },
  "before_opt": {
    "noise_1": 0.30297348142605657,
    "noise_2": 0.29037926334756364
  }
}