{
  "El_reference": -0.0723509464263916, 
  "C": 4.5550570273528686e-11, 
  "asc_amp_array": [
    -1.1965315443495716e-11, 
    2.6473186651503953e-11
  ], 
  "init_threshold": 0.024111050601115958, 
  "threshold_reset_method": {
    "params": {
      "a_spike": 0.0028679707413322127, 
      "b_spike": 57.23340155219161
    }, 
    "name": "three_components"
  }, 
  "th_inf": 0.024111050601115958, 
  "spike_cut_length": 35, 
  "init_AScurrents": [
    0.0, 
    0.0
  ], 
  "init_voltage": 0.0, 
  "threshold_dynamics_method": {
    "params": {
      "b_voltage": 0, 
      "a_spike": 0.0028679707413322127, 
      "b_spike": 57.23340155219161, 
      "a_voltage": 0
    }, 
    "name": "spike_component"
  }, 
  "voltage_reset_method": {
    "params": {
      "a": 0.6464781734504776, 
      "b": -0.0024067071795551703
    }, 
    "name": "v_before"
  }, 
  "extrapolation_method_name": "endpoints", 
  "dt": 5e-05, 
  "voltage_dynamics_method": {
    "params": {}, 
    "name": "linear_forward_euler"
  }, 
  "El": 0.0, 
  "asc_tau_array": [
    0.3333333333333333, 
    0.1
  ], 
  "R_input": 174833115.65895733, 
  "AScurrent_dynamics_method": {
    "params": {}, 
    "name": "none"
  }, 
  "AScurrent_reset_method": {
    "params": {}, 
    "name": "none"
  }, 
  "dt_multiplier": 10, 
  "th_adapt": null, 
  "coeffs": {
    "a": 1, 
    "C": 1, 
    "b": 1, 
    "G": 1, 
    "th_inf": 1.6976267809922174, 
    "asc_amp_array": [
      1.0, 
      1.0
    ]
  }, 
  "type": "GLIF"
}