{
  "El": {
    "El_max_subth_long_square": {
      "dependencies": null, 
      "value": -0.07451953125
    }, 
    "El_noise": {
      "measured": {
        "dependencies": null, 
        "list": [
          -0.0744501876831055, 
          -0.0750979537963867, 
          -0.0739543075561523, 
          -0.0747732467651367
        ], 
        "mean": -0.074568923950195293
      }
    }, 
    "El_ramp": {
      "dependencies": null, 
      "value": -0.0742252883911133
    }, 
    "El_suprathreshold_blip": {
      "dependencies": null, 
      "value": -0.0736113967895508
    }, 
    "El_subthreshold_blip": {
      "dependencies": null, 
      "value": -0.0739430313110352
    }
  }, 
  "spike_cut_length": {
    "no deltaV shift": {
      "slope": 0.21422648037072725, 
      "length": 150.0, 
      "intercept": 0.013206060413084076, 
      "dependencies": null
    }
  }, 
  "threshold_adaptation": {
    "b_spike_component_of_threshold": 717.27966159248081, 
    "b_voltage_comp_of_thr_from_fitab": 65.463908525876349, 
    "b_voltage_comp_of_thr_from_fitabth": 813.97099958526428, 
    "a_voltage_comp_of_thr_from_fitab": 25.424343335557069, 
    "a_spike_component_of_threshold": 0.0021951646083815004, 
    "a_voltage_comp_of_thr_from_fitabth": 712.96276510369967
  }, 
  "th_inf": {
    "via_Vmeasure": {
      "from_zero": 0.023831297667093479, 
      "dependencies": "measured from suprathreshold blip", 
      "value": -0.049780099122457316
    }, 
    "fit_with_v_comp_of_th": {
      "from_zero": 0.0061374221867584178, 
      "value": -0.068431501763436875
    }
  }, 
  "resistance": {
    "R_test_list": {
      "list": [
        215848519.60610929, 
        216677478.0944241, 
        208178043.59484866, 
        207748332.87463856
      ], 
      "mean": 212113093.54250515
    }, 
    "R_fit_ASC_and_R": {
      "list": [
        257075095.899534, 
        239548843.76290005, 
        246898421.5407494, 
        249894864.65119028
      ], 
      "mean": 248354306.46359342
    }, 
    "R_from_lims": {
      "value": 183281138.53931397
    }
  }, 
  "asc": {
    "amp": [
      -4.36492631891671e-12, 
      -3.0334804998616746e-10
    ], 
    "k": [
      3.0, 
      100.0
    ], 
    "dependencies": "Cap and res from least squares"
  }, 
  "capacitance": {
    "C_from_lims": {
      "value": 1.47973039883709e-10
    }, 
    "C_test_list": {
      "list": [
        1.0576124895693743e-10, 
        1.0400436500075692e-10, 
        1.0923651305819615e-10, 
        1.0801640715106472e-10
      ], 
      "mean": 1.0675463354173881e-10
    }
  }, 
  "MLIN": {
    "tau_from_AC": 0.024349812004299597, 
    "sv_for_expsymm": 0.00024874853766857652, 
    "var_of_section": 1.2375166998451047e-07
  }, 
  "sweep_properties": {
    "multi_short_square": {
      "sweep_num": [
        63, 
        64, 
        65, 
        67, 
        68, 
        69, 
        70, 
        71, 
        72, 
        73, 
        74, 
        75, 
        76, 
        77, 
        78, 
        79, 
        80, 
        81, 
        82, 
        83
      ]
    }, 
    "noise1": {
      "1": {
        "sweep_num": 40, 
        "El": -0.0744501876831055, 
        "spike_ind": [
          251586, 
          253534, 
          254740, 
          255943, 
          261695, 
          271455, 
          273104, 
          276410, 
          278668, 
          280692, 
          286332, 
          297760, 
          301800, 
          303617, 
          305803, 
          323019, 
          451098, 
          451739, 
          452558, 
          453397, 
          454109, 
          454797, 
          455608, 
          456245, 
          457431, 
          458647, 
          459851, 
          460768, 
          461755, 
          465106, 
          466728, 
          468413, 
          469523, 
          470550, 
          471510, 
          472631, 
          473402, 
          476061, 
          476909, 
          478131, 
          478994, 
          479757, 
          480641, 
          482429, 
          484837, 
          486514, 
          491811, 
          493505, 
          495498, 
          496534, 
          497652, 
          498524, 
          501105, 
          502209, 
          503402, 
          504408, 
          505580, 
          507659, 
          509900, 
          511555, 
          517092, 
          519156, 
          520622, 
          522481, 
          523477
        ]
      }, 
      "3": {
        "sweep_num": 44, 
        "El": -0.0739543075561523, 
        "spike_ind": [
          252301, 
          253922, 
          255617, 
          261819, 
          272897, 
          276617, 
          278887, 
          280810, 
          298339, 
          301714, 
          303776, 
          305870, 
          323340, 
          434286, 
          451110, 
          451753, 
          452590, 
          453385, 
          454063, 
          454737, 
          455610, 
          456287, 
          457384, 
          458478, 
          459828, 
          460778, 
          461749, 
          465056, 
          466525, 
          467811, 
          469035, 
          470389, 
          471525, 
          472588, 
          473478, 
          476021, 
          476927, 
          478280, 
          479081, 
          479803, 
          480735, 
          482426, 
          484542, 
          486056, 
          492090, 
          493742, 
          495481, 
          496740, 
          497754, 
          501090, 
          502362, 
          503498, 
          504397, 
          505565, 
          506508, 
          508657, 
          510178, 
          511639, 
          517318, 
          519109, 
          520616, 
          522574, 
          523449
        ]
      }, 
      "2": {
        "sweep_num": 42, 
        "El": -0.0750979537963867, 
        "spike_ind": [
          252020, 
          253659, 
          255648, 
          260886, 
          273008, 
          276735, 
          278947, 
          280823, 
          301834, 
          303825, 
          305857, 
          323448, 
          451132, 
          451828, 
          452711, 
          453513, 
          454316, 
          455397, 
          456005, 
          457304, 
          458644, 
          459855, 
          460775, 
          461782, 
          464942, 
          466611, 
          468142, 
          469529, 
          470606, 
          471614, 
          472653, 
          473465, 
          476012, 
          476834, 
          478125, 
          478973, 
          479738, 
          480626, 
          482433, 
          484887, 
          486474, 
          491831, 
          493980, 
          495572, 
          497400, 
          498385, 
          501095, 
          502323, 
          503558, 
          504527, 
          505652, 
          507546, 
          509925, 
          511671, 
          517115, 
          519149, 
          520628, 
          522205, 
          523183
        ]
      }, 
      "5": {
        "sweep_num": null, 
        "El": null, 
        "spike_ind": null
      }, 
      "4": {
        "sweep_num": 46, 
        "El": -0.0747732467651367,