{
  "model_spike_times_same_across_sweeps": {
    "n1": 1,
    "n2": 1
  },
  "run_model_spike_times_match_database": {
    "n2": true
  },
  "n2_after_opt_sanitycheck": 0.7693365954128385,
  "after_opt": {
    "noise_1": 0.7192754560066684,
    "noise_2": 0.769345225776297
  },
  "before_opt": {
    "noise_1": 0.4909318989021508,
    "noise_2": 0.4530856610947067
  }
}