{
  "El": {
    "El_max_subth_long_square": {
      "dependencies": null, 
      "value": -0.06875290679931641
    }, 
    "El_noise": {
      "measured": {
        "dependencies": null, 
        "list": [
          -0.0691556930541992, 
          -0.0688857421875, 
          -0.0688145217895508, 
          -0.06889320373535161
        ], 
        "mean": -0.068937290191650402
      }
    }, 
    "El_ramp": {
      "dependencies": null, 
      "value": -0.06866676330566411
    }, 
    "El_suprathreshold_blip": {
      "dependencies": null, 
      "value": -0.0687206268310547
    }, 
    "El_subthreshold_blip": {
      "dependencies": null, 
      "value": -0.0691794738769531
    }
  }, 
  "spike_cut_length": {
    "no deltaV shift": {
      "slope": 0.7975749597355124, 
      "length": 84.0, 
      "intercept": -0.00043401223471317696, 
      "dependencies": null
    }
  }, 
  "threshold_adaptation": {
    "b_spike_component_of_threshold": null, 
    "b_voltage_comp_of_thr_from_fitab": null, 
    "b_voltage_comp_of_thr_from_fitabth": null, 
    "a_voltage_comp_of_thr_from_fitab": null, 
    "a_spike_component_of_threshold": null, 
    "a_voltage_comp_of_thr_from_fitabth": null
  }, 
  "th_inf": {
    "via_Vmeasure": {
      "from_zero": 0.022890285576928862, 
      "dependencies": "measured from suprathreshold blip", 
      "value": -0.045830341254125842
    }, 
    "fit_with_v_comp_of_th": {
      "from_zero": null, 
      "value": null
    }
  }, 
  "resistance": {
    "R_test_list": {
      "list": [
        161808472.86207506, 
        171676419.90079945, 
        172444880.53856155, 
        179831952.80649701
      ], 
      "mean": 171440431.52698326
    }, 
    "R_fit_ASC_and_R": {
      "list": [
        259274539.999924, 
        276598621.90637827, 
        280524964.48903435, 
        301800132.0735069
      ], 
      "mean": 279549564.61721087
    }, 
    "R_from_lims": {
      "value": 144062504.172325
    }
  }, 
  "asc": {
    "amp": [
      -6.212965886299251e-11, 
      -3.1736158752021053e-11
    ], 
    "k": [
      29.999999999999996, 
      100.0
    ], 
    "dependencies": "Cap and res from least squares"
  }, 
  "capacitance": {
    "C_from_lims": {
      "value": 1.0647468871332371e-10
    }, 
    "C_test_list": {
      "list": [
        1.0344922393035901e-10, 
        1.0005411997035988e-10, 
        1.0303094486873109e-10, 
        9.730269794900298e-11
      ], 
      "mean": 1.0095924667961324e-10
    }
  }, 
  "MLIN": {
    "tau_from_AC": 0.021291265797000917, 
    "sv_for_expsymm": 0.00013221224769984549, 
    "var_of_section": 3.4960156883690594e-08
  }, 
  "sweep_properties": {
    "multi_short_square": {
      "sweep_num": null
    }, 
    "noise1": {
      "1": {
        "sweep_num": 52, 
        "El": -0.0691556930541992, 
        "spike_ind": [
          202570, 
          204802, 
          217351, 
          221656, 
          223513, 
          224987, 
          236840, 
          238879, 
          241705, 
          243555, 
          244903, 
          249692, 
          256589, 
          259057, 
          361002, 
          361671, 
          362775, 
          363535, 
          364514, 
          365139, 
          366867, 
          368186, 
          369246, 
          372700, 
          373944, 
          375258, 
          376500, 
          377548, 
          378384, 
          380948, 
          381654, 
          382726, 
          383489, 
          384507, 
          384980, 
          386541, 
          388010, 
          389219, 
          392720, 
          393898, 
          395205, 
          396405, 
          397696, 
          398401, 
          400931, 
          401673, 
          402766, 
          403478, 
          404462, 
          404931, 
          406683, 
          408012, 
          409219, 
          413085, 
          414517, 
          415607, 
          416743, 
          417965, 
          418674
        ]
      }, 
      "3": {
        "sweep_num": 56, 
        "El": -0.0688145217895508, 
        "spike_ind": [
          201888, 
          203871, 
          206029, 
          209559, 
          216338, 
          218451, 
          221541, 
          223289, 
          224737, 
          229042, 
          235426, 
          238095, 
          241594, 
          243339, 
          244762, 
          248538, 
          255567, 
          258094, 
          360961, 
          361488, 
          362576, 
          363260, 
          364103, 
          364725, 
          366003, 
          367542, 
          368502, 
          369448, 
          372612, 
          373718, 
          374970, 
          376323, 
          377282, 
          378223, 
          378881, 
          380913, 
          381512, 
          382520, 
          383207, 
          383837, 
          384659, 
          385920, 
          387578, 
          388475, 
          389615, 
          392927, 
          393904, 
          395206, 
          396447, 
          397302, 
          398217, 
          400767, 
          401410, 
          402563, 
          403219, 
          403869, 
          404672, 
          405941, 
          407389, 
          408336, 
          409468, 
          412705, 
          413891, 
          415188, 
          416390, 
          417406, 
          418290
        ]
      }, 
      "2": {
        "sweep_num": 54, 
        "El": -0.0688857421875, 
        "spike_ind": [
          201895, 
          203893, 
          209405, 
          216577, 
          218729, 
          221572, 
          223578, 
          224851, 
          228454, 
          235743, 
          238382, 
          241553, 
          243383, 
          244677, 
          248579, 
          255507, 
          258168, 
          360946, 
          361444, 
          362620, 
          363240, 
          364076, 
          364712, 
          366130, 
          367686, 
          368620, 
          369686, 
          372531, 
          373806, 
          375188, 
          376406, 
          377261, 
          378212, 
          378905, 
          380928, 
          381553, 
          382646, 
          383307, 
          384101, 
          384751, 
          386021, 
          387576, 
          388533, 
          389573, 
          392658, 
          393852, 
          395219, 
          396466, 
          397514, 
          398380, 
          400898, 
          401476, 
          402610, 
          403270, 
          404084, 
          404757, 
          406223, 
          407910, 
          408995, 
          412785, 
          413844, 
          415184, 
          416451, 
          417632, 
          418497
        ]
      }, 
      "5": {
        "sweep_num": null, 
        "El": null, 
        "spike_ind": null
      }, 
      "4": {
        "sweep_num": 58, 
        "El": -0.06889320373535161,