{
  "model_spike_times_same_across_sweeps": {
    "n1": 1,
    "n2": 1
  },
  "run_model_spike_times_match_database": {
    "n2": true
  },
  "n2_after_opt_sanitycheck": 0.5213857094071891,
  "after_opt": {
    "noise_1": 0.5379700824603121,
    "noise_2": 0.521399490889012
  },
  "before_opt": {
    "noise_1": 0.4765423573982542,
    "noise_2": 0.3150250054728176
  }
}