{
  "model_spike_times_same_across_sweeps": {
    "n1": 1,
    "n2": 1
  },
  "run_model_spike_times_match_database": {
    "n2": true
  },
  "n2_after_opt_sanitycheck": 0.7232194569494762,
  "after_opt": {
    "noise_1": 0.6319055231313478,
    "noise_2": 0.723208794775227
  },
  "before_opt": {
    "noise_1": 0.5537769050211899,
    "noise_2": 0.6522793628968289
  }
}