{
  "El": {
    "El_max_subth_long_square": {
      "dependencies": null,
      "value": -0.07377513122558589
    },
    "El_noise": {
      "measured": {
        "dependencies": null,
        "list": [
          -0.07312444305419921,
          -0.0742360458374023,
          -0.07411460113525391,
          -0.0730885620117188
        ],
        "mean": -0.07364091300964357
      }
    },
    "El_ramp": {
      "dependencies": null,
      "value": -0.0726003494262695
    },
    "El_suprathreshold_blip": {
      "dependencies": null,
      "value": -0.07217698669433589
    },
    "El_subthreshold_blip": {
      "dependencies": null,
      "value": -0.07309333038330079
    }
  },
  "spike_cut_length": {
    "no deltaV shift": {
      "slope": 0.42839525524012545,
      "length": 45.0,
      "intercept": 0.006756996515582236,
      "dependencies": null
    }
  },
  "threshold_adaptation": {
    "b_spike_component_of_threshold": 20.804135323297135,
    "b_voltage_comp_of_thr_from_fitab": 14.700593333340436,
    "b_voltage_comp_of_thr_from_fitabth": 1025.9746928201803,
    "a_voltage_comp_of_thr_from_fitab": 4.646172644786121,
    "a_spike_component_of_threshold": 0.0016440594505690396,
    "a_voltage_comp_of_thr_from_fitabth": 611.1372945173998
  },
  "th_inf": {
    "via_Vmeasure": {
      "from_zero": 0.024379195320624422,
      "dependencies": "measured from suprathreshold blip",
      "value": -0.04779779137371147
    },
    "fit_with_v_comp_of_th": {
      "from_zero": 0.013810225663728887,
      "value": -0.05983068734591468
    }
  },
  "resistance": {
    "R_test_list": {
      "list": [
        221510770.96108973,
        217946099.9648041,
        217325678.6283224,
        236557117.63257176
      ],
      "mean": 223334916.79669702
    },
    "R_fit_ASC_and_R": {
      "list": [
        276444127.3443387,
        269591701.04817563,
        267455760.16882852,
        294085338.59247154
      ],
      "mean": 276894231.7884536
    },
    "R_from_lims": {
      "value": 149218559.26513702
    }
  },
  "asc": {
    "amp": [
      -2.8791666272436596e-10,
      8.667125009337796e-10
    ],
    "k": [
      100.0,
      300.0
    ],
    "dependencies": "Cap and res from least squares"
  },
  "capacitance": {
    "C_from_lims": {
      "value": 1.289183271442226e-10
    },
    "C_test_list": {
      "list": [
        1.5161512543708018e-10,
        1.5092023636637198e-10,
        1.50935418391835e-10,
        1.532642056309702e-10
      ],
      "mean": 1.5168374645656435e-10
    }
  },
  "MLIN": {
    "tau_from_AC": 0.041944880132124635,
    "sv_for_expsymm": 0.00016986270985658373,
    "var_of_section": 5.77066803996439e-08
  },
  "sweep_properties": {
    "multi_short_square": {
      "sweep_num": [
        84,
        90,
        91,
        92,
        93,
        94,
        95,
        96,
        97,
        98,
        99,
        100,
        101,
        102,
        103,
        104,
        105,
        106,
        107,
        108,
        109,
        110,
        111
      ]
    },
    "noise1": {
      "1": {
        "sweep_num": 53,
        "El": -0.07312444305419921,
        "spike_ind": [
          252183,
          253536,
          254748,
          256132,
          261537,
          270421,
          273019,
          277285,
          279321,
          281038,
          295853,
          298280,
          302412,
          304269,
          305960,
          311812,
          320591,
          323198,
          451281,
          451662,
          452229,
          453101,
          453667,
          454409,
          455393,
          455911,
          457350,
          458692,
          459927,
          461255,
          465849,
          467273,
          468836,
          470394,
          471542,
          472738,
          476187,
          477132,
          478420,
          479381,
          480685,
          483304,
          485277,
          486815,
          491410,
          493070,
          494510,
          495806,
          497482,
          498457,
          501167,
          501953,
          503286,
          504274,
          505513,
          506429,
          508615,
          510369,
          511813,
          516664,
          518333,
          520423,
          521878,
          523061
        ]
      },
      "3": {
        "sweep_num": 57,
        "El": -0.07411460113525391,
        "spike_ind": [
          252282,
          253661,
          254851,
          256144,
          261792,
          270668,
          273319,
          277333,
          279315,
          281027,
          295707,
          298222,
          302269,
          304250,
          306006,
          320770,
          323337,
          451303,
          451712,
          452263,
          452966,
          453623,
          454313,
          455095,
          455819,
          457143,
          458659,
          459980,
          461325,
          466202,
          467843,
          469146,
          470518,
          471949,
          473046,
          476140,
          476924,
          478225,
          479228,
          480429,
          481110,
          483220,
          485273,
          486803,
          491423,
          493198,
          494859,
          496370,
          497730,
          501207,
          502221,
          503537,
          504480,
          505585,
          510356,
          511905,
          516695,
          518348,
          520174,
          521584,
          522958
        ]
      },
      "2": {
        "sweep_num": 55,
        "El": -0.0742360458374023,
        "spike_ind": [
          252402,
          253940,
          255497,
          261790,
          271052,
          273379,
          277862,
          279614,
          281437,
          296296,
          298483,
          302327,
          304329,
          306000,
          320635,
          323181,
          451309,
          451757,
          452368,
          453243,
          453849,
          454526,
          455437,
          455957,
          457393,
          459190,
          460359,
          461646,
          465827,
          467221,
          468860,
          470419,
          471579,
          472773,
          476171,
          477162,
          478528,
          479450,
          480593,
          481453,
          483575,
          485444,
          486873,
          491763,
          493432,
          495123,
          496434,
          497725,
          501215,
          502159,
          503436,
          504376,
          505516,
          506202,
          508631,
          510504,
          516815,
          518510,
          520210,
          521548,
          522908
        ]
      },
      "5": {
        "sweep_num": null,
        "El": null,
        "spike_ind": null
      },
      "4": {
        "sweep_num": 59,
        "El": -0.0730885620117188,