{
  "model_spike_times_same_across_sweeps": {
    "n1": 1,
    "n2": 1
  },
  "run_model_spike_times_match_database": {
    "n2": true
  },
  "n2_after_opt_sanitycheck": 0.6557801099553584,
  "after_opt": {
    "noise_1": 0.6665588310661872,
    "noise_2": 0.655729360939286
  },
  "before_opt": {
    "noise_1": 0.7430109238598298,
    "noise_2": 0.7395713427142785
  }
}