{
  "noise1": {
    "RSS_of_voltage_diff": 1364.1736672076286,
    "var_of_voltage_difference": 5.851487293323489e-05,
    "var_of_voltage_data": 9.805697373432024e-05,
    "num_data_points_wo_spike_shape": 22392754
  },
  "noise2": {
    "RSS_of_voltage_diff": 1377.3303930427976,
    "var_of_voltage_difference": 5.9847493170343354e-05,
    "var_of_voltage_data": 9.993859748540279e-05,
    "num_data_points_wo_spike_shape": 22392904
  }
}