{
  "El_reference": -0.07108193016052249, 
  "C": 1.3143005821278808e-10, 
  "asc_amp_array": [
    -1.5166912582033433e-11, 
    -2.810093100591829e-10
  ], 
  "init_threshold": 0.02228214567115705, 
  "threshold_reset_method": {
    "params": {
      "a_spike": 0.0029715466775225444, 
      "b_spike": 136.99010859110277
    }, 
    "name": "three_components"
  }, 
  "th_inf": 0.02228214567115705, 
  "spike_cut_length": 75, 
  "init_AScurrents": [
    0.0, 
    0.0
  ], 
  "init_voltage": 0.0, 
  "threshold_dynamics_method": {
    "params": {
      "b_voltage": 42.75852328507628, 
      "a_spike": 0.0029715466775225444, 
      "b_spike": 136.99010859110277, 
      "a_voltage": 18.100378975598474
    }, 
    "name": "three_components_exact"
  }, 
  "voltage_reset_method": {
    "params": {
      "a": 1.5575648206462995, 
      "b": -0.02194768860005401
    }, 
    "name": "v_before"
  }, 
  "extrapolation_method_name": "endpoints", 
  "dt": 5e-05, 
  "voltage_dynamics_method": {
    "params": {}, 
    "name": "linear_forward_euler"
  }, 
  "El": 0.0, 
  "asc_tau_array": [
    0.1, 
    0.01
  ], 
  "R_input": 162332057.7822349, 
  "AScurrent_dynamics_method": {
    "params": {}, 
    "name": "exp"
  }, 
  "AScurrent_reset_method": {
    "params": {
      "r": [
        1.0, 
        1.0
      ]
    }, 
    "name": "sum"
  }, 
  "dt_multiplier": 10, 
  "th_adapt": null, 
  "coeffs": {
    "a": 1, 
    "C": 1, 
    "b": 1, 
    "G": 1, 
    "th_inf": 0.7324288776909174, 
    "asc_amp_array": [
      1.0, 
      1.0
    ]
  }, 
  "type": "GLIF"
}