{
  "model_spike_times_same_across_sweeps": {
    "n1": 1,
    "n2": 1
  },
  "run_model_spike_times_match_database": {
    "n2": true
  },
  "n2_after_opt_sanitycheck": 0.841333618063057,
  "after_opt": {
    "noise_1": 0.8397103519577834,
    "noise_2": 0.841346864165974
  },
  "before_opt": {
    "noise_1": 0.5531247657476142,
    "noise_2": 0.6059594352216858
  }
}