{
  "noise1": {
    "RSS_of_voltage_diff": 12.185961140543073,
    "var_of_voltage_difference": 2.1377176965056415e-06,
    "var_of_voltage_data": 6.412369121026332e-05,
    "num_data_points_wo_spike_shape": 5597455
  },
  "noise2": {
    "RSS_of_voltage_diff": 11.914040456796966,
    "var_of_voltage_difference": 1.9691161629052096e-06,
    "var_of_voltage_data": 6.451992622569638e-05,
    "num_data_points_wo_spike_shape": 5598985
  }
}