{
  "model_spike_times_same_across_sweeps": {
    "n1": 1,
    "n2": 1
  },
  "run_model_spike_times_match_database": {
    "n2": true
  },
  "n2_after_opt_sanitycheck": 0.7318031956298107,
  "after_opt": {
    "noise_1": 0.3051897483587117,
    "noise_2": 0.731744469552061
  },
  "before_opt": {
    "noise_1": 0.3149412151549731,
    "noise_2": 0.6426295431538769
  }
}