{
  "model_spike_times_same_across_sweeps": {
    "n1": 1,
    "n2": 1
  },
  "run_model_spike_times_match_database": {
    "n2": true
  },
  "n2_after_opt_sanitycheck": 0.7493123474462223,
  "after_opt": {
    "noise_1": 0.6426869577536886,
    "noise_2": 0.749232535640253
  },
  "before_opt": {
    "noise_1": 0.5185906852055288,
    "noise_2": 0.4247480438968548
  }
}