{
  "El": {
    "El_max_subth_long_square": {
      "dependencies": null, 
      "value": -0.0780347518920898
    }, 
    "El_noise": {
      "measured": {
        "dependencies": null, 
        "list": [
          -0.07801023101806641, 
          -0.0779808349609375, 
          -0.0772889785766602
        ], 
        "mean": -0.077760014851888035
      }
    }, 
    "El_ramp": {
      "dependencies": null, 
      "value": -0.0776080932617188
    }, 
    "El_suprathreshold_blip": {
      "dependencies": null, 
      "value": -0.0780998764038086
    }, 
    "El_subthreshold_blip": {
      "dependencies": null, 
      "value": -0.0782775421142578
    }
  }, 
  "spike_cut_length": {
    "no deltaV shift": {
      "slope": 1.0428122611582331, 
      "length": 62.0, 
      "intercept": -0.012738646721837478, 
      "dependencies": null
    }
  }, 
  "threshold_adaptation": {
    "b_spike_component_of_threshold": 219.3818470815844, 
    "b_voltage_comp_of_thr_from_fitab": 50.786932141383204, 
    "b_voltage_comp_of_thr_from_fitabth": 484.08996829804801, 
    "a_voltage_comp_of_thr_from_fitab": 15.165595355457693, 
    "a_spike_component_of_threshold": 0.0071502923821164487, 
    "a_voltage_comp_of_thr_from_fitabth": 426.40745268577734
  }, 
  "th_inf": {
    "via_Vmeasure": {
      "from_zero": 0.035393395449239279, 
      "dependencies": "measured from suprathreshold blip", 
      "value": -0.042706480954569317
    }, 
    "fit_with_v_comp_of_th": {
      "from_zero": 0.0081403949829367689, 
      "value": -0.069619619868951266
    }
  }, 
  "resistance": {
    "R_test_list": {
      "list": [
        205464545.70050278, 
        179897337.92740524, 
        176944902.94190675
      ], 
      "mean": 187435595.52327156
    }, 
    "R_fit_ASC_and_R": {
      "list": [
        182625950.86405656, 
        151657498.03266707, 
        160264206.17244926
      ], 
      "mean": 164849218.35639095
    }, 
    "R_from_lims": {
      "value": 194218784.570694
    }
  }, 
  "asc": {
    "amp": [
      -2.9097513949613645e-11, 
      -8.53264675959825e-11
    ], 
    "k": [
      3.0, 
      29.999999999999996
    ], 
    "dependencies": "Cap and res from least squares"
  }, 
  "capacitance": {
    "C_from_lims": {
      "value": 9.249830061761883e-11
    }, 
    "C_test_list": {
      "list": [
        8.3689629984483918e-11, 
        9.8844471684941356e-11, 
        9.9891821961844816e-11
      ], 
      "mean": 9.4141974543756701e-11
    }
  }, 
  "MLIN": {
    "tau_from_AC": 0.017834850072201213, 
    "sv_for_expsymm": 0.00028767809472182059, 
    "var_of_section": 1.655173723655536e-07
  }, 
  "sweep_properties": {
    "multi_short_square": {
      "sweep_num": [
        75, 
        76, 
        77, 
        78, 
        79, 
        80, 
        81, 
        82, 
        83, 
        84, 
        85, 
        86, 
        87, 
        88, 
        89, 
        90, 
        91, 
        92, 
        93, 
        94, 
        95
      ]
    }, 
    "noise1": {
      "1": {
        "sweep_num": 49, 
        "El": -0.07801023101806641, 
        "spike_ind": [
          251165, 
          256000, 
          276236, 
          281045, 
          301213, 
          305969, 
          450875, 
          451178, 
          453013, 
          454036, 
          455540, 
          456111, 
          459916, 
          461593, 
          466556, 
          469134, 
          470546, 
          472590, 
          476037, 
          478472, 
          479476, 
          480557, 
          484913, 
          486565, 
          491559, 
          494089, 
          495564, 
          497561, 
          500987, 
          503489, 
          504513, 
          505591, 
          509920, 
          511818, 
          516538, 
          519106, 
          520562, 
          522670
        ]
      }, 
      "3": {
        "sweep_num": 55, 
        "El": -0.0772889785766602, 
        "spike_ind": [
          251183, 
          256091, 
          276261, 
          281070, 
          301272, 
          305984, 
          450877, 
          451272, 
          453601, 
          454567, 
          455746, 
          459923, 
          469121, 
          470561, 
          472597, 
          476063, 
          478471, 
          479771, 
          480796, 
          484932, 
          491538, 
          495564, 
          497560, 
          501036, 
          503522, 
          504675, 
          505807, 
          509939, 
          511893, 
          519163, 
          520626, 
          522678
        ]
      }, 
      "2": {
        "sweep_num": 53, 
        "El": -0.0779808349609375, 
        "spike_ind": [
          251226, 
          276302, 
          281085, 
          301243, 
          306056, 
          450892, 
          451429, 
          453532, 
          454765, 
          455820, 
          459954, 
          461894, 
          470631, 
          472584, 
          476036, 
          478514, 
          479739, 
          480804, 
          485026, 
          495620, 
          497655, 
          501039, 
          503547, 
          504764, 
          505788, 
          509940, 
          520636, 
          522643
        ]
      }, 
      "5": {
        "sweep_num": null, 
        "El": null, 
        "spike_ind": null
      }, 
      "4": {
        "sweep_num": null, 
        "El": null, 
        "spike_ind": null
      }
    }, 
    "ramp": {
      "sweep_num": [
        4, 
        5, 
        6
      ]
    }, 
    "max_subthresh_long_square": {
      "sweep_num": [
        46, 
        48
      ]
    }, 
    "suprathreshold_short_square": {
      "R_testpulsesweep_num": [
        19, 
        74
      ]
    }, 
    "subthreshold_short_square": {
      "sweep_num": [
        21
      ]
    }
  }, 
  "spike_cutting": {
    "NOdeltaV": {
      "slope": 1.0428122611582331, 
      "intercept": -0.012738646721837478, 
      "cut_length": 62.0, 
      "dependencies": null
    }
  }, 
  "dt_used_for_preprocessor_calculations": 5e-05
}