{
  "model_spike_times_same_across_sweeps": {
    "n1": 1,
    "n2": 1
  },
  "run_model_spike_times_match_database": {
    "n2": true
  },
  "n2_after_opt_sanitycheck": 0.6825253588688246,
  "after_opt": {
    "noise_1": 0.4531826911328689,
    "noise_2": 0.682504059207776
  },
  "before_opt": {
    "noise_1": 0.5906875737452227,
    "noise_2": 0.699382915869208
  }
}