{
  "noise1": {
    "RSS_of_voltage_diff": 93.31106038959938,
    "var_of_voltage_difference": 1.9768237210852412e-05,
    "var_of_voltage_data": 0.00017139829850106448,
    "num_data_points_wo_spike_shape": 4196924
  },
  "noise2": {
    "RSS_of_voltage_diff": 156.12053681628615,
    "var_of_voltage_difference": 2.3373254568747794e-05,
    "var_of_voltage_data": 0.0001606682426128476,
    "num_data_points_wo_spike_shape": 5594390
  }
}