{
  "El": {
    "El_max_subth_long_square": {
      "dependencies": null, 
      "value": -0.0697928466796875
    }, 
    "El_noise": {
      "measured": {
        "dependencies": null, 
        "list": [
          -0.06927881622314451, 
          -0.068841438293457, 
          -0.0686945419311523
        ], 
        "mean": -0.068938265482584596
      }
    }, 
    "El_ramp": {
      "dependencies": null, 
      "value": -0.0684341583251953
    }, 
    "El_suprathreshold_blip": {
      "dependencies": null, 
      "value": -0.0684139862060547
    }, 
    "El_subthreshold_blip": {
      "dependencies": null, 
      "value": -0.0686664581298828
    }
  }, 
  "spike_cut_length": {
    "no deltaV shift": {
      "slope": 0.53229061896394581, 
      "length": 38.0, 
      "intercept": 0.0030144814919575193, 
      "dependencies": null
    }
  }, 
  "threshold_adaptation": {
    "b_spike_component_of_threshold": null, 
    "b_voltage_comp_of_thr_from_fitab": null, 
    "b_voltage_comp_of_thr_from_fitabth": null, 
    "a_voltage_comp_of_thr_from_fitab": null, 
    "a_spike_component_of_threshold": null, 
    "a_voltage_comp_of_thr_from_fitabth": null
  }, 
  "th_inf": {
    "via_Vmeasure": {
      "from_zero": 0.023967320806406074, 
      "dependencies": "measured from suprathreshold blip", 
      "value": -0.044446665399648623
    }, 
    "fit_with_v_comp_of_th": {
      "from_zero": null, 
      "value": null
    }
  }, 
  "resistance": {
    "R_test_list": {
      "list": [
        337825640.7026664, 
        329770701.55627167, 
        335061964.34018624
      ], 
      "mean": 334219435.53304142
    }, 
    "R_fit_ASC_and_R": {
      "list": [
        336666842.7752982, 
        345221296.8354776, 
        348366159.14649385
      ], 
      "mean": 343418099.58575654
    }, 
    "R_from_lims": {
      "value": 291875004.768372
    }
  }, 
  "asc": {
    "amp": [
      -2.8422027703388527e-12, 
      -1.804463569256241e-11
    ], 
    "k": [
      3.0, 
      300.0
    ], 
    "dependencies": "Cap and res from least squares"
  }, 
  "capacitance": {
    "C_from_lims": {
      "value": 4.8800603665757144e-11
    }, 
    "C_test_list": {
      "list": [
        4.5881812992726239e-11, 
        4.285782443344717e-11, 
        4.4948847714954321e-11
      ], 
      "mean": 4.4562828380375912e-11
    }
  }, 
  "MLIN": {
    "tau_from_AC": 0.024172634348678931, 
    "sv_for_expsymm": 0.00021117279593277415, 
    "var_of_section": 8.9187899484130133e-08
  }, 
  "sweep_properties": {
    "multi_short_square": {
      "sweep_num": null
    }, 
    "noise1": {
      "1": {
        "sweep_num": 46, 
        "El": -0.06927881622314451, 
        "spike_ind": [
          201071, 
          201490, 
          203262, 
          203834, 
          204672, 
          218521, 
          221109, 
          223273, 
          224700, 
          241116, 
          244657, 
          258217, 
          360764, 
          360922, 
          361296, 
          362354, 
          362720, 
          362954, 
          363268, 
          363556, 
          364441, 
          364670, 
          365934, 
          367934, 
          375300, 
          376462, 
          378111, 
          378758, 
          380907, 
          382932, 
          383606, 
          384644, 
          395264, 
          396472, 
          398034, 
          398684, 
          400879, 
          402865, 
          403557, 
          404701, 
          409236, 
          415227, 
          416402, 
          417253, 
          418041
        ]
      }, 
      "3": {
        "sweep_num": 50, 
        "El": -0.0686945419311523, 
        "spike_ind": [
          201048, 
          201548, 
          202765, 
          203656, 
          204692, 
          221102, 
          222947, 
          224698, 
          238742, 
          241046, 
          243622, 
          244706, 
          258175, 
          360795, 
          360929, 
          361078, 
          361449, 
          362398, 
          362742, 
          363214, 
          363558, 
          364744, 
          365922, 
          367906, 
          375259, 
          376430, 
          377293, 
          378113, 
          380932, 
          382845, 
          383240, 
          383771, 
          384671, 
          394815, 
          396477, 
          397162, 
          398144, 
          398752, 
          400916, 
          403013, 
          403550, 
          404642, 
          409226, 
          415271, 
          416461, 
          418051, 
          418656
        ]
      }, 
      "2": {
        "sweep_num": 48, 
        "El": -0.068841438293457, 
        "spike_ind": [
          201019, 
          201469, 
          202758, 
          203545, 
          204490, 
          204878, 
          218455, 
          221040, 
          222860, 
          224667, 
          238197, 
          241034, 
          244538, 
          258696, 
          360759, 
          360899, 
          361062, 
          361472, 
          361880, 
          362347, 
          362773, 
          363200, 
          363580, 
          364165, 
          364491, 
          364706, 
          367905, 
          368540, 
          369240, 
          374784, 
          376461, 
          377167, 
          378117, 
          378782, 
          380883, 
          382874, 
          383306, 
          383839, 
          384610, 
          384951, 
          387985, 
          395217, 
          396448, 
          397140, 
          398162, 
          398767, 
          400907, 
          403007, 
          403614, 
          404476, 
          404792, 
          407959, 
          413642, 
          416548, 
          417276, 
          418145
        ]
      }, 
      "5": {
        "sweep_num": null, 
        "El": null, 
        "spike_ind": null
      }, 
      "4": {
        "sweep_num": null, 
        "El": null, 
        "spike_ind": null
      }
    }, 
    "ramp": {
      "sweep_num": [
        4, 
        5, 
        6
      ]
    }, 
    "max_subthresh_long_square": {
      "sweep_num": [
        38
      ]
    }, 
    "suprathreshold_short_square": {
      "R_testpulsesweep_num": [
        13, 
        16, 
        17, 
        18
      ]
    }, 
    "subthreshold_short_square": {
      "sweep_num": [
        15, 
        19
      ]
    }
  }, 
  "spike_cutting": {
    "NOdeltaV": {
      "slope": 0.53229061896394581, 
      "intercept": 0.0030144814919575193, 
      "cut_length": 38.0, 
      "dependencies": null
    }
  }, 
  "dt_used_for_preprocessor_calculations": 5e-05
}