{
  "model_spike_times_same_across_sweeps": {
    "n1": 1,
    "n2": 1
  },
  "run_model_spike_times_match_database": {
    "n2": true
  },
  "n2_after_opt_sanitycheck": 0.5913395845490694,
  "after_opt": {
    "noise_1": 0.6906522561365055,
    "noise_2": 0.591337523455526
  },
  "before_opt": {
    "noise_1": 0.37983824191709914,
    "noise_2": 0.36094075292873257
  }
}