{
  "noise1": {
    "RSS_of_voltage_diff": 52.5767897696931,
    "var_of_voltage_difference": 1.1365670567930897e-05,
    "var_of_voltage_data": 9.040080450977965e-05,
    "num_data_points_wo_spike_shape": 4188399
  },
  "noise2": {
    "RSS_of_voltage_diff": 78.48949298442393,
    "var_of_voltage_difference": 1.1945397612767049e-05,
    "var_of_voltage_data": 9.311208863659202e-05,
    "num_data_points_wo_spike_shape": 5584191
  }
}