{
  "El": {
    "El_max_subth_long_square": {
      "dependencies": null, 
      "value": -0.06917636871337891
    }, 
    "El_noise": {
      "measured": {
        "dependencies": null, 
        "list": [
          -0.0694036560058594, 
          -0.0692274780273438, 
          -0.069232536315918, 
          -0.0690159301757812
        ], 
        "mean": -0.069219900131225601
      }
    }, 
    "El_ramp": {
      "dependencies": null, 
      "value": -0.07144215393066411
    }, 
    "El_suprathreshold_blip": {
      "dependencies": null, 
      "value": -0.0691573867797852
    }, 
    "El_subthreshold_blip": {
      "dependencies": null, 
      "value": -0.0688339614868164
    }
  }, 
  "spike_cut_length": {
    "no deltaV shift": {
      "slope": 0.22530977337724714, 
      "length": 48.0, 
      "intercept": 0.015640559733126811, 
      "dependencies": null
    }
  }, 
  "threshold_adaptation": {
    "b_spike_component_of_threshold": 0.96901550370194089, 
    "b_voltage_comp_of_thr_from_fitab": 1.9269112134059934, 
    "b_voltage_comp_of_thr_from_fitabth": 1.507919985107105, 
    "a_voltage_comp_of_thr_from_fitab": -0.044374092047704497, 
    "a_spike_component_of_threshold": 0.00045980326185959607, 
    "a_voltage_comp_of_thr_from_fitabth": -0.47882734423759221
  }, 
  "th_inf": {
    "via_Vmeasure": {
      "from_zero": 0.028454835787626379, 
      "dependencies": "measured from suprathreshold blip", 
      "value": -0.040702550992158817
    }, 
    "fit_with_v_comp_of_th": {
      "from_zero": 0.034853761630990882, 
      "value": -0.034366138500234719
    }
  }, 
  "resistance": {
    "R_test_list": {
      "list": [
        175884237.40917984, 
        179312195.99016395, 
        177644889.87568355, 
        180386703.82608068
      ], 
      "mean": 178307006.77527702
    }, 
    "R_fit_ASC_and_R": {
      "list": [
        178702495.45786062, 
        185245246.1799568, 
        182433068.9593067, 
        185249198.0131251
      ], 
      "mean": 182907502.15256229
    }, 
    "R_from_lims": {
      "value": 143437504.768372
    }
  }, 
  "asc": {
    "amp": [
      -1.313226982826584e-10, 
      -2.1121315822200818e-10
    ], 
    "k": [
      29.999999999999996, 
      300.0
    ], 
    "dependencies": "Cap and res from least squares"
  }, 
  "capacitance": {
    "C_from_lims": {
      "value": 6.406023328650596e-11
    }, 
    "C_test_list": {
      "list": [
        5.2884748586423385e-11, 
        5.157953107130426e-11, 
        5.0540381431354702e-11, 
        4.8992695090930648e-11
      ], 
      "mean": 5.0999339045003244e-11
    }
  }, 
  "MLIN": {
    "tau_from_AC": 0.058932468790582511, 
    "sv_for_expsymm": 0.00091366676681150041, 
    "var_of_section": 1.6695739215515614e-06
  }, 
  "sweep_properties": {
    "multi_short_square": {
      "sweep_num": [
        67, 
        68, 
        69, 
        70, 
        71, 
        72, 
        73, 
        74, 
        75, 
        76, 
        77, 
        78, 
        79, 
        80, 
        81, 
        82, 
        83, 
        84, 
        85, 
        86, 
        87
      ]
    }, 
    "noise1": {
      "1": {
        "sweep_num": 44, 
        "El": -0.0694036560058594, 
        "spike_ind": [
          202744, 
          203813, 
          204718, 
          207947, 
          209479, 
          213214, 
          215232, 
          216432, 
          218021, 
          220876, 
          222347, 
          223243, 
          224397, 
          226512, 
          227967, 
          229406, 
          233624, 
          235214, 
          236523, 
          237973, 
          240882, 
          242389, 
          243233, 
          244361, 
          245906, 
          247882, 
          249385, 
          253201, 
          255281, 
          256591, 
          258050, 
          360757, 
          361362, 
          362086, 
          362755, 
          363265, 
          363767, 
          364365, 
          364724, 
          365844, 
          366599, 
          367565, 
          368311, 
          369066, 
          370436, 
          371860, 
          373095, 
          373869, 
          374734, 
          375547, 
          376351, 
          377074, 
          377925, 
          378484, 
          379438, 
          380653, 
          381003, 
          381820, 
          382576, 
          383161, 
          383705, 
          384384, 
          384761, 
          385864, 
          386898, 
          387855, 
          388585, 
          389419, 
          391833, 
          393074, 
          393868, 
          394752, 
          395602, 
          396377, 
          397084, 
          397929, 
          398542, 
          399461, 
          400648, 
          401018, 
          401825, 
          402574, 
          403175, 
          403718, 
          404394, 
          404806, 
          405891, 
          406887, 
          407846, 
          408571, 
          409403, 
          411856, 
          413098, 
          413913, 
          414765, 
          415340, 
          416137, 
          417033, 
          417931, 
          418495, 
          419460
        ]
      }, 
      "3": {
        "sweep_num": 48, 
        "El": -0.069232536315918, 
        "spike_ind": [
          201431, 
          202946, 
          204410, 
          207901, 
          209431, 
          213667, 
          215580, 
          217104, 
          218443, 
          220857, 
          222375, 
          223212, 
          224446, 
          225930, 
          227890, 
          229420, 
          233166, 
          235200, 
          236481, 
          238085, 
          240802, 
          242369, 
          243219, 
          244370, 
          245904, 
          247874, 
          249398, 
          253209, 
          255192, 
          256445, 
          257953, 
          360711, 
          361021, 
          361761, 
          362383, 
          362894, 
          363499, 
          364119, 
          364611, 
          365529, 
          366412, 
          367370, 
          367929, 
          369005, 
          370088, 
          371836, 
          373088, 
          373868, 
          374716, 
          375268, 
          376144, 
          376872, 
          377717, 
          378182, 
          378738, 
          380477, 
          380915, 
          381728, 
          382436, 
          382936, 
          383562, 
          384354, 
          384770, 
          385873, 
          386890, 
          387836, 
          389021, 
          390690, 
          391912, 
          393102, 
          393891, 
          394739, 
          395567, 
          396363, 
          397087, 
          397933, 
          398523, 
          399478, 
          400683, 
          401027, 
          401847, 
          402668, 
          403231, 
          403773, 
          404418, 
          404822, 
          405890, 
          406907, 
          407853, 
          409027, 
          410447, 
          411882, 
          413106, 
          413893, 
          414747, 
          415557, 
          416364, 
          417093, 
          417942, 
          418544
        ]
      }, 
      "2": {
        "sweep_num": 46, 
        "El": -0.0692274780273438,