{
  "model_spike_times_same_across_sweeps": {
    "n1": 1,
    "n2": 1
  },
  "run_model_spike_times_match_database": {
    "n2": true
  },
  "n2_after_opt_sanitycheck": 0.8970828873545017,
  "after_opt": {
    "noise_1": 0.8673525686059357,
    "noise_2": 0.897081137177094
  },
  "before_opt": {
    "noise_1": 0.8286083577313674,
    "noise_2": 0.855854788704596
  }
}