{
  "noise1": {
    "RSS_of_voltage_diff": 246.10848500338037,
    "var_of_voltage_difference": 1.0968824539695252e-05,
    "var_of_voltage_data": 8.695993482240183e-05,
    "num_data_points_wo_spike_shape": 22408485
  },
  "noise2": {
    "RSS_of_voltage_diff": 221.00082175908102,
    "var_of_voltage_difference": 9.848065021851769e-06,
    "var_of_voltage_data": 8.140120009148288e-05,
    "num_data_points_wo_spike_shape": 22409618
  }
}