{
  "model_spike_times_same_across_sweeps": {
    "n1": 1,
    "n2": 1
  },
  "run_model_spike_times_match_database": {
    "n2": true
  },
  "n2_after_opt_sanitycheck": 0.6568068547760403,
  "after_opt": {
    "noise_1": 0.6730552246558463,
    "noise_2": 0.656796781053128
  },
  "before_opt": {
    "noise_1": 0.33225409842358583,
    "noise_2": 0.2782514737621436
  }
}