{
  "El_reference": -0.07345026588439943, 
  "C": 1.0721784374172223e-10, 
  "asc_amp_array": [
    -1.8903026780397884e-11, 
    -1.3735089019863453e-10
  ], 
  "init_threshold": 0.026142619175256246, 
  "threshold_reset_method": {
    "params": {
      "a_spike": 0.0029096765263653636, 
      "b_spike": 226.66228363053696
    }, 
    "name": "three_components"
  }, 
  "th_inf": 0.026142619175256246, 
  "spike_cut_length": 103, 
  "init_AScurrents": [
    0.0, 
    0.0
  ], 
  "init_voltage": 0.0, 
  "threshold_dynamics_method": {
    "params": {
      "b_voltage": 50.744167634732236, 
      "a_spike": 0.0029096765263653636, 
      "b_spike": 226.66228363053696, 
      "a_voltage": 15.452960807791229
    }, 
    "name": "three_components_exact"
  }, 
  "voltage_reset_method": {
    "params": {
      "a": 0.4034305623777817, 
      "b": 0.012073878901637436
    }, 
    "name": "v_before"
  }, 
  "extrapolation_method_name": "endpoints", 
  "dt": 5e-05, 
  "voltage_dynamics_method": {
    "params": {}, 
    "name": "linear_forward_euler"
  }, 
  "El": 0.0, 
  "asc_tau_array": [
    0.1, 
    0.01
  ], 
  "R_input": 288901324.8313869, 
  "AScurrent_dynamics_method": {
    "params": {}, 
    "name": "exp"
  }, 
  "AScurrent_reset_method": {
    "params": {
      "r": [
        1.0, 
        1.0
      ]
    }, 
    "name": "sum"
  }, 
  "dt_multiplier": 10, 
  "th_adapt": null, 
  "coeffs": {
    "a": 1, 
    "C": 1, 
    "b": 1, 
    "G": 1, 
    "th_inf": 0.8667905584402622, 
    "asc_amp_array": [
      1.0, 
      1.0
    ]
  }, 
  "type": "GLIF"
}