{
  "model_spike_times_same_across_sweeps": {
    "n1": 1,
    "n2": 1
  },
  "run_model_spike_times_match_database": {
    "n2": true
  },
  "n2_after_opt_sanitycheck": 0.7474605244572808,
  "after_opt": {
    "noise_1": 0.7658166022794533,
    "noise_2": 0.747436749749231
  },
  "before_opt": {
    "noise_1": 0.5698989011905351,
    "noise_2": 0.5496364206404214
  }
}