{
  "model_spike_times_same_across_sweeps": {
    "n1": 1,
    "n2": 1
  },
  "run_model_spike_times_match_database": {
    "n2": true
  },
  "n2_after_opt_sanitycheck": 0.7347504411691007,
  "after_opt": {
    "noise_1": 0.7778720767488514,
    "noise_2": 0.7347514115092
  },
  "before_opt": {
    "noise_1": 0.6191167693065605,
    "noise_2": 0.6318499220674115
  }
}