{
  "model_spike_times_same_across_sweeps": {
    "n1": 1,
    "n2": 1
  },
  "run_model_spike_times_match_database": {
    "n2": true
  },
  "n2_after_opt_sanitycheck": 0.7199618983768437,
  "after_opt": {
    "noise_1": 0.7348640983355871,
    "noise_2": 0.719948669308931
  },
  "before_opt": {
    "noise_1": 0.6661037359348229,
    "noise_2": 0.6733605375070641
  }
}