{
  "model_spike_times_same_across_sweeps": {
    "n1": 1,
    "n2": 1
  },
  "run_model_spike_times_match_database": {
    "n2": true
  },
  "n2_after_opt_sanitycheck": 0.4410495959973889,
  "after_opt": {
    "noise_1": 0.2936483653488228,
    "noise_2": 0.441047222135768
  },
  "before_opt": {
    "noise_1": 0.5281872774745804,
    "noise_2": 0.4420473367453559
  }
}