{
  "El": {
    "El_max_subth_long_square": {
      "dependencies": null, 
      "value": -0.07549583435058589
    }, 
    "El_noise": {
      "measured": {
        "dependencies": null, 
        "list": [
          -0.0749951171875, 
          -0.0747663116455078, 
          -0.07482476043701171, 
          -0.0747933654785156
        ], 
        "mean": -0.074844888687133779
      }
    }, 
    "El_ramp": {
      "dependencies": null, 
      "value": -0.07526776123046881
    }, 
    "El_suprathreshold_blip": {
      "dependencies": null, 
      "value": -0.0750134353637695
    }, 
    "El_subthreshold_blip": {
      "dependencies": null, 
      "value": -0.0760081100463867
    }
  }, 
  "spike_cut_length": {
    "no deltaV shift": {
      "slope": 0.25848444055640085, 
      "length": 94.0, 
      "intercept": 0.015999704988588607, 
      "dependencies": null
    }
  }, 
  "threshold_adaptation": {
    "b_spike_component_of_threshold": 2656.8669351921794, 
    "b_voltage_comp_of_thr_from_fitab": 78.033101879941839, 
    "b_voltage_comp_of_thr_from_fitabth": 2596.7368306363023, 
    "a_voltage_comp_of_thr_from_fitab": 16.625743118405111, 
    "a_spike_component_of_threshold": 0.060353417632435964, 
    "a_voltage_comp_of_thr_from_fitabth": 2456.1930269439918
  }, 
  "th_inf": {
    "via_Vmeasure": {
      "from_zero": 0.029138608941287038, 
      "dependencies": "measured from suprathreshold blip", 
      "value": -0.045874826422482466
    }, 
    "fit_with_v_comp_of_th": {
      "from_zero": 0.0010770569136032554, 
      "value": -0.073767831773530523
    }
  }, 
  "resistance": {
    "R_test_list": {
      "list": [
        146433735.01274404, 
        144300498.02886161, 
        142482106.04603335, 
        133861231.50775281
      ], 
      "mean": 141769392.64884794
    }, 
    "R_fit_ASC_and_R": {
      "list": [
        129465883.6769641, 
        131983117.32932453, 
        129221457.74402326, 
        128021663.58111016
      ], 
      "mean": 129673030.58285552
    }, 
    "R_from_lims": {
      "value": 181250125.169754
    }
  }, 
  "asc": {
    "amp": [
      -9.66172842210353e-12, 
      -2.1858524344166427e-10
    ], 
    "k": [
      3.0, 
      100.0
    ], 
    "dependencies": "Cap and res from least squares"
  }, 
  "capacitance": {
    "C_from_lims": {
      "value": 8.6375098518423e-11
    }, 
    "C_test_list": {
      "list": [
        8.9928953164958816e-11, 
        8.1437578015806119e-11, 
        8.3449286409377173e-11, 
        9.3072405263747114e-11
      ], 
      "mean": 8.6972055713472296e-11
    }
  }, 
  "MLIN": {
    "tau_from_AC": 0.030067471092959246, 
    "sv_for_expsymm": 0.00043590058426569959, 
    "var_of_section": 3.8001863872635655e-07
  }, 
  "sweep_properties": {
    "multi_short_square": {
      "sweep_num": [
        72, 
        73, 
        74, 
        75, 
        76, 
        77, 
        78, 
        79, 
        80, 
        81, 
        82, 
        83, 
        84, 
        85, 
        86, 
        87, 
        88, 
        89, 
        90, 
        91, 
        92, 
        93, 
        94, 
        95
      ]
    }, 
    "noise1": {
      "1": {
        "sweep_num": 49, 
        "El": -0.0749951171875, 
        "spike_ind": [
          200894, 
          201504, 
          202681, 
          203465, 
          204579, 
          218600, 
          220974, 
          222961, 
          224681, 
          238450, 
          240975, 
          242957, 
          243852, 
          244753, 
          360677, 
          360792, 
          361084, 
          361497, 
          362108, 
          362607, 
          363124, 
          363583, 
          364344, 
          364711, 
          365908, 
          366588, 
          367888, 
          368612, 
          369418, 
          373185, 
          375257, 
          376440, 
          377160, 
          378059, 
          378677, 
          380871, 
          381506, 
          382607, 
          383233, 
          383807, 
          384535, 
          387961, 
          389454, 
          396502, 
          398059, 
          398773, 
          400918, 
          402771, 
          403666, 
          404494, 
          404882, 
          409480, 
          415349, 
          418141, 
          418753
        ]
      }, 
      "3": {
        "sweep_num": 53, 
        "El": -0.07482476043701171, 
        "spike_ind": [
          200886, 
          201489, 
          202696, 
          203344, 
          204530, 
          218364, 
          220967, 
          222822, 
          223754, 
          224748, 
          238492, 
          241002, 
          244678, 
          360657, 
          360890, 
          361354, 
          361825, 
          362380, 
          362814, 
          363244, 
          363663, 
          364333, 
          364713, 
          365900, 
          366596, 
          367605, 
          368367, 
          369174, 
          373202, 
          375235, 
          376413, 
          377163, 
          378035, 
          378643, 
          380844, 
          382564, 
          383238, 
          383811, 
          384483, 
          384900, 
          385977, 
          387971, 
          389453, 
          395306, 
          396481, 
          398148, 
          398745, 
          400897, 
          402728, 
          403610, 
          404468, 
          404888, 
          415319, 
          416529, 
          418105, 
          418732
        ]
      }, 
      "2": {
        "sweep_num": 51, 
        "El": -0.0747663116455078, 
        "spike_ind": [
          200926, 
          201669, 
          202738, 
          203529, 
          204580, 
          218490, 
          220960, 
          222927, 
          223824, 
          224701, 
          240990, 
          243017, 
          244687, 
          360657, 
          360881, 
          361351, 
          361790, 
          362381, 
          362792, 
          363242, 
          363670, 
          364307, 
          364671, 
          365905, 
          366547, 
          367618, 
          368373, 
          369142, 
          371982, 
          373164, 
          375225, 
          376410, 
          377149, 
          378039, 
          378663, 
          380840, 
          381517, 
          382558, 
          383221, 
          383778, 
          384439, 
          384851, 
          387950, 
          389249, 
          395295, 
          396474, 
          397267, 
          398158, 
          400897, 
          402800, 
          403563, 
          404444, 
          404835, 
          415272, 
          416469, 
          417305, 
          418138, 
          418766
        ]
      }, 
      "5": {
        "sweep_num": null, 
        "El": null, 
        "spike_ind": null
      }, 
      "4": {
        "sweep_num": 55, 
        "El": -0.0747933654785156,