{
  "model_spike_times_same_across_sweeps": {
    "n1": 1,
    "n2": 1
  },
  "run_model_spike_times_match_database": {
    "n2": true
  },
  "n2_after_opt_sanitycheck": 0.9065892928296747,
  "after_opt": {
    "noise_1": 0.9098183095590334,
    "noise_2": 0.90659496498273
  },
  "before_opt": {
    "noise_1": 0.8930919625683904,
    "noise_2": 0.8951144818986166
  }
}