{
  "El": {
    "El_max_subth_long_square": {
      "dependencies": null, 
      "value": -0.0732608108520508
    }, 
    "El_noise": {
      "measured": {
        "dependencies": null, 
        "list": [
          -0.0732332534790039, 
          -0.0736867218017578, 
          -0.0736603851318359
        ], 
        "mean": -0.073526786804199204
      }
    }, 
    "El_ramp": {
      "dependencies": null, 
      "value": -0.07347467041015619
    }, 
    "El_suprathreshold_blip": {
      "dependencies": null, 
      "value": -0.07240268707275391
    }, 
    "El_subthreshold_blip": {
      "dependencies": null, 
      "value": -0.07291809844970701
    }
  }, 
  "spike_cut_length": {
    "no deltaV shift": {
      "slope": 1.1906466657398096, 
      "length": 104.0, 
      "intercept": -0.017902138808775878, 
      "dependencies": null
    }
  }, 
  "threshold_adaptation": {
    "b_spike_component_of_threshold": null, 
    "b_voltage_comp_of_thr_from_fitab": null, 
    "b_voltage_comp_of_thr_from_fitabth": null, 
    "a_voltage_comp_of_thr_from_fitab": null, 
    "a_spike_component_of_threshold": null, 
    "a_voltage_comp_of_thr_from_fitabth": null
  }, 
  "th_inf": {
    "via_Vmeasure": {
      "from_zero": 0.03630644904684667, 
      "dependencies": "measured from suprathreshold blip", 
      "value": -0.036096238025907237
    }, 
    "fit_with_v_comp_of_th": {
      "from_zero": null, 
      "value": null
    }
  }, 
  "resistance": {
    "R_test_list": {
      "list": [
        189955873.29020551, 
        188409202.92462504, 
        188682658.20109358
      ], 
      "mean": 189015911.4719747
    }, 
    "R_fit_ASC_and_R": {
      "list": [
        207659570.93648827, 
        201391817.58190563, 
        200728334.53886092
      ], 
      "mean": 203259907.68575159
    }, 
    "R_from_lims": {
      "value": 134843826.293945
    }
  }, 
  "asc": {
    "amp": [
      -1.9094281533586892e-11, 
      -1.5144433438779856e-10
    ], 
    "k": [
      10.0, 
      100.0
    ], 
    "dependencies": "Cap and res from least squares"
  }, 
  "capacitance": {
    "C_from_lims": {
      "value": 6.70577566910192e-11
    }, 
    "C_test_list": {
      "list": [
        6.1347084982947159e-11, 
        6.0370811145108421e-11, 
        6.1231100057168785e-11
      ], 
      "mean": 6.0982998728408117e-11
    }
  }, 
  "MLIN": {
    "tau_from_AC": 0.079481211953695174, 
    "sv_for_expsymm": 0.0004610843501890601, 
    "var_of_section": 4.251975559785356e-07
  }, 
  "sweep_properties": {
    "multi_short_square": {
      "sweep_num": null
    }, 
    "noise1": {
      "1": {
        "sweep_num": 46, 
        "El": -0.0732332534790039, 
        "spike_ind": [
          251041, 
          251796, 
          253065, 
          253757, 
          254509, 
          255520, 
          255993, 
          259932, 
          261493, 
          267249, 
          269039, 
          270482, 
          271458, 
          272575, 
          273300, 
          276031, 
          276829, 
          278010, 
          278644, 
          279381, 
          280446, 
          280900, 
          282395, 
          284496, 
          285481, 
          286504, 
          291519, 
          293162, 
          294102, 
          295450, 
          296407, 
          297484, 
          298114, 
          301003, 
          301382, 
          302272, 
          303228, 
          303743, 
          304430, 
          305418, 
          305876, 
          307389, 
          308637, 
          309867, 
          310755, 
          311661, 
          316479, 
          318089, 
          319089, 
          320459, 
          321428, 
          322494, 
          323157, 
          450738, 
          450996, 
          451194, 
          451692, 
          452166, 
          452678, 
          453124, 
          453497, 
          453952, 
          454377, 
          454720, 
          455212, 
          455541, 
          455830, 
          456094, 
          456941, 
          457398, 
          458051, 
          458624, 
          459322, 
          459843, 
          460342, 
          461282, 
          461738, 
          463034, 
          464778, 
          465738, 
          466388, 
          467001, 
          467813, 
          468410, 
          468955, 
          469463, 
          470111, 
          470500, 
          471090, 
          471431, 
          472134, 
          472506, 
          472904, 
          473255, 
          474266, 
          475609, 
          475972, 
          476194, 
          476705, 
          477201, 
          477919, 
          478349, 
          478672, 
          479016, 
          479394, 
          479720, 
          480185, 
          480539, 
          480825, 
          481069, 
          481931, 
          482392, 
          483048, 
          483620, 
          484305, 
          484820, 
          485332, 
          485729, 
          486340, 
          486769, 
          487995, 
          489603, 
          489997, 
          490784, 
          491415, 
          491992, 
          492802, 
          493386, 
          493931, 
          494457, 
          495122, 
          495503, 
          496100, 
          496449, 
          497150, 
          497521, 
          497917, 
          498268, 
          499294, 
          500617, 
          500979, 
          501194, 
          501685, 
          502179, 
          502711, 
          503154, 
          503507, 
          503954, 
          504349, 
          504677, 
          505183, 
          505520, 
          505825, 
          506083, 
          506978, 
          507406, 
          508072, 
          508629, 
          509354, 
          509845, 
          510346, 
          510830, 
          511380, 
          511787, 
          513038, 
          514630, 
          514962, 
          515804, 
          516403, 
          516939, 
          517383, 
          518011, 
          518491, 
          518982, 
          519477, 
          520125, 
          520510, 
          521098, 
          521408, 
          522144, 
          522488, 
          522851, 
          523206, 
          524286
        ]
      }, 
      "3": {
        "sweep_num": 52, 
        "El": -0.0736603851318359,