{
  "model_spike_times_same_across_sweeps": {
    "n1": 1,
    "n2": 1
  },
  "run_model_spike_times_match_database": {
    "n2": true
  },
  "n2_after_opt_sanitycheck": 0.7189269258732873,
  "after_opt": {
    "noise_1": 0.6969288726368805,
    "noise_2": 0.71882739840528
  },
  "before_opt": {
    "noise_1": 0.2921007789612916,
    "noise_2": 0.46099272042302214
  }
}