{
  "model_spike_times_same_across_sweeps": {
    "n1": 1,
    "n2": 1
  },
  "run_model_spike_times_match_database": {
    "n2": true
  },
  "n2_after_opt_sanitycheck": 0.7191245552287774,
  "after_opt": {
    "noise_1": 0.7273417275032737,
    "noise_2": 0.719143731337272
  },
  "before_opt": {
    "noise_1": 0.6344278604881861,
    "noise_2": 0.5464303591525784
  }
}