{
  "model_spike_times_same_across_sweeps": {
    "n1": 1,
    "n2": 1
  },
  "run_model_spike_times_match_database": {
    "n2": true
  },
  "n2_after_opt_sanitycheck": 0.7086560819370163,
  "after_opt": {
    "noise_1": 0.7165129591595036,
    "noise_2": 0.708659216791628
  },
  "before_opt": {
    "noise_1": 0.6636597795328367,
    "noise_2": 0.6965345728198403
  }
}