{
  "model_spike_times_same_across_sweeps": {
    "n1": 1,
    "n2": 1
  },
  "run_model_spike_times_match_database": {
    "n2": true
  },
  "n2_after_opt_sanitycheck": 0.7123605171671933,
  "after_opt": {
    "noise_1": 0.7261792774100625,
    "noise_2": 0.712254722450917
  },
  "before_opt": {
    "noise_1": 0.15595212958747726,
    "noise_2": 0.1854329926328079
  }
}