{
  "n2_after_opt_sanitycheck": 0.48610535080452055,
  "after_opt": {
    "noise_1": 0.3432685618110538,
    "noise_2": 0.562244086403141
  },
  "before_opt": {
    "noise_1": 0.3754532102093498,
    "noise_2": 0.6060075930229466
  }
}