{
  "noise1": {
    "RSS_of_voltage_diff": 14.66652722383401,
    "var_of_voltage_difference": 5.242268329815384e-06,
    "var_of_voltage_data": 2.9702616759207638e-05,
    "num_data_points_wo_spike_shape": 2797708
  },
  "noise2": {
    "RSS_of_voltage_diff": 13.065270228466899,
    "var_of_voltage_difference": 4.6603661261797764e-06,
    "var_of_voltage_data": 2.87303579333853e-05,
    "num_data_points_wo_spike_shape": 2798056
  }
}