{
  "model_spike_times_same_across_sweeps": {
    "n1": 1,
    "n2": 1
  },
  "run_model_spike_times_match_database": {
    "n2": true
  },
  "n2_after_opt_sanitycheck": 0.7866022141435537,
  "after_opt": {
    "noise_1": 0.7767936445868345,
    "noise_2": 0.786549526900297
  },
  "before_opt": {
    "noise_1": 0.6489739131764356,
    "noise_2": 0.7038481206947599
  }
}