{
  "model_spike_times_same_across_sweeps": {
    "n1": 1,
    "n2": 1
  },
  "run_model_spike_times_match_database": {
    "n2": true
  },
  "n2_after_opt_sanitycheck": 0.5682449602474997,
  "after_opt": {
    "noise_1": 0.5497246081745397,
    "noise_2": 0.568254122122981
  },
  "before_opt": {
    "noise_1": 0.6431872382858729,
    "noise_2": 0.6134315244252893
  }
}