{
  "model_spike_times_same_across_sweeps": {
    "n1": 1,
    "n2": 1
  },
  "run_model_spike_times_match_database": {
    "n2": true
  },
  "n2_after_opt_sanitycheck": 0.6342550249719896,
  "after_opt": {
    "noise_1": 0.644255339078643,
    "noise_2": 0.63423340787675
  },
  "before_opt": {
    "noise_1": 0.5118529176048506,
    "noise_2": 0.537844761803054
  }
}