{
  "model_spike_times_same_across_sweeps": {
    "n1": 1,
    "n2": 1
  },
  "run_model_spike_times_match_database": {
    "n2": true
  },
  "n2_after_opt_sanitycheck": 0.4612425251749409,
  "after_opt": {
    "noise_1": 0.5124144641477023,
    "noise_2": 0.461235566945023
  },
  "before_opt": {
    "noise_1": 0.41905841141654077,
    "noise_2": 0.39632471016060367
  }
}