{
  "model_spike_times_same_across_sweeps": {
    "n1": 1,
    "n2": 1
  },
  "run_model_spike_times_match_database": {
    "n2": true
  },
  "n2_after_opt_sanitycheck": 0.7568615310524353,
  "after_opt": {
    "noise_1": 0.8121533124672878,
    "noise_2": 0.756875464699041
  },
  "before_opt": {
    "noise_1": 0.7676763812962953,
    "noise_2": 0.7622530085105589
  }
}