{
  "noise1": {
    "RSS_of_voltage_diff": 1021.576451847521,
    "var_of_voltage_difference": 4.350163358659582e-05,
    "var_of_voltage_data": 0.000195856625754917,
    "num_data_points_wo_spike_shape": 22379716
  },
  "noise2": {
    "RSS_of_voltage_diff": 1028.0546743140853,
    "var_of_voltage_difference": 4.3762074858657513e-05,
    "var_of_voltage_data": 0.0002003091208998083,
    "num_data_points_wo_spike_shape": 22380612
  }
}