{
  "model_spike_times_same_across_sweeps": {
    "n1": 1,
    "n2": 1
  },
  "run_model_spike_times_match_database": {
    "n2": true
  },
  "n2_after_opt_sanitycheck": 0.807853533837147,
  "after_opt": {
    "noise_1": 0.8246264883550949,
    "noise_2": 0.807869940443763
  },
  "before_opt": {
    "noise_1": 0.8048101445540633,
    "noise_2": 0.7861240746203392
  }
}