{
  "noise1": {
    "RSS_of_voltage_diff": 105.66669510976388,
    "var_of_voltage_difference": 2.466426640557847e-05,
    "var_of_voltage_data": 9.588973109935788e-05,
    "num_data_points_wo_spike_shape": 4192136
  },
  "noise2": {
    "RSS_of_voltage_diff": 94.65161233695548,
    "var_of_voltage_difference": 1.6836121725334205e-05,
    "var_of_voltage_data": 8.623084225131912e-05,
    "num_data_points_wo_spike_shape": 5594106
  }
}