{
  "noise1": {
    "RSS_of_voltage_diff": 255.26181512104526,
    "var_of_voltage_difference": 1.6428852561730146e-05,
    "var_of_voltage_data": 0.0001201168828508295,
    "num_data_points_wo_spike_shape": 14998743
  },
  "noise2": {
    "RSS_of_voltage_diff": 256.05345501426535,
    "var_of_voltage_difference": 1.5430178449954415e-05,
    "var_of_voltage_data": 0.00011637779488334866,
    "num_data_points_wo_spike_shape": 14999679
  }
}