{
  "model_spike_times_same_across_sweeps": {
    "n1": 1,
    "n2": 1
  },
  "run_model_spike_times_match_database": {
    "n2": true
  },
  "n2_after_opt_sanitycheck": 0.7784430428205453,
  "after_opt": {
    "noise_1": 0.8068491945198645,
    "noise_2": 0.778451510563961
  },
  "before_opt": {
    "noise_1": 0.515048174492661,
    "noise_2": 0.47193858829877505
  }
}