{
  "model_spike_times_same_across_sweeps": {
    "n1": 1,
    "n2": 1
  },
  "run_model_spike_times_match_database": {
    "n2": true
  },
  "n2_after_opt_sanitycheck": 0.7386704596778193,
  "after_opt": {
    "noise_1": 0.6217450006636498,
    "noise_2": 0.738621520575137
  },
  "before_opt": {
    "noise_1": 0.5497931164653217,
    "noise_2": 0.6022738499094377
  }
}