{
  "noise1": {
    "RSS_of_voltage_diff": 94.10494627640091,
    "var_of_voltage_difference": 2.021865171787331e-05,
    "var_of_voltage_data": 0.00012134651759676837,
    "num_data_points_wo_spike_shape": 4190640
  },
  "noise2": {
    "RSS_of_voltage_diff": 116.5507599730848,
    "var_of_voltage_difference": 1.9518118394352677e-05,
    "var_of_voltage_data": 0.00011636698207204808,
    "num_data_points_wo_spike_shape": 5585520
  }
}