{
  "model_spike_times_same_across_sweeps": {
    "n1": 1,
    "n2": 1
  },
  "run_model_spike_times_match_database": {
    "n2": true
  },
  "n2_after_opt_sanitycheck": 0.6189665974978513,
  "after_opt": {
    "noise_1": 0.6327212206338606,
    "noise_2": 0.618988051383717
  },
  "before_opt": {
    "noise_1": 0.5749915826004149,
    "noise_2": 0.5410434878815435
  }
}