{
  "model_spike_times_same_across_sweeps": {
    "n1": 1,
    "n2": 1
  },
  "run_model_spike_times_match_database": {
    "n2": true
  },
  "n2_after_opt_sanitycheck": 0.7244452074666634,
  "after_opt": {
    "noise_1": 0.7130013536031304,
    "noise_2": 0.724420322109427
  },
  "before_opt": {
    "noise_1": 0.35181860225708966,
    "noise_2": 0.326160866938917
  }
}