{
  "noise1": {
    "RSS_of_voltage_diff": 418.1540178553746,
    "var_of_voltage_difference": 1.8286209150388253e-05,
    "var_of_voltage_data": 0.0001196138325090542,
    "num_data_points_wo_spike_shape": 22400862
  },
  "noise2": {
    "RSS_of_voltage_diff": 412.01996839993893,
    "var_of_voltage_difference": 1.735211673649672e-05,
    "var_of_voltage_data": 0.00011740788609539775,
    "num_data_points_wo_spike_shape": 22402336
  }
}