{
  "model_spike_times_same_across_sweeps": {
    "n1": 1,
    "n2": 1
  },
  "run_model_spike_times_match_database": {
    "n2": true
  },
  "n2_after_opt_sanitycheck": 0.7577984518665976,
  "after_opt": {
    "noise_1": 0.6163627817163112,
    "noise_2": 0.757792852970087
  },
  "before_opt": {
    "noise_1": 0.6048468834829135,
    "noise_2": 0.7570803583454697
  }
}