{
  "model_spike_times_same_across_sweeps": {
    "n1": 1,
    "n2": 1
  },
  "run_model_spike_times_match_database": {
    "n2": true
  },
  "n2_after_opt_sanitycheck": 0.6940977555264444,
  "after_opt": {
    "noise_1": 0.6240000126705444,
    "noise_2": 0.694077058000859
  },
  "before_opt": {
    "noise_1": 0.50978116007328,
    "noise_2": 0.5545810286253683
  }
}