{
  "El": {
    "El_max_subth_long_square": {
      "dependencies": null,
      "value": -0.0648229064941406
    },
    "El_noise": {
      "measured": {
        "dependencies": null,
        "list": [
          -0.0651028671264648,
          -0.0652411346435547,
          -0.0647307205200195
        ],
        "mean": -0.065024907430013
      }
    },
    "El_ramp": {
      "dependencies": null,
      "value": -0.06527418518066411
    },
    "El_suprathreshold_blip": {
      "dependencies": null,
      "value": -0.0655568008422852
    },
    "El_subthreshold_blip": {
      "dependencies": null,
      "value": -0.0658279724121094
    }
  },
  "spike_cut_length": {
    "no deltaV shift": {
      "slope": 0.47604675284404324,
      "length": 71.0,
      "intercept": -0.006075656582118843,
      "dependencies": null
    }
  },
  "threshold_adaptation": {
    "b_spike_component_of_threshold": null,
    "b_voltage_comp_of_thr_from_fitab": null,
    "b_voltage_comp_of_thr_from_fitabth": null,
    "a_voltage_comp_of_thr_from_fitab": null,
    "a_spike_component_of_threshold": null,
    "a_voltage_comp_of_thr_from_fitabth": null
  },
  "th_inf": {
    "via_Vmeasure": {
      "from_zero": 0.01936696778282091,
      "dependencies": "measured from suprathreshold blip",
      "value": -0.04618983305946429
    },
    "fit_with_v_comp_of_th": {
      "from_zero": null,
      "value": null
    }
  },
  "resistance": {
    "R_test_list": {
      "list": [
        152271651.6070414,
        147721644.0108453,
        145949924.3559323
      ],
      "mean": 148647739.991273
    },
    "R_fit_ASC_and_R": {
      "list": [
        145320774.9822259,
        139681236.42801997,
        142036237.5238747
      ],
      "mean": 142346082.9780402
    },
    "R_from_lims": {
      "value": 194687426.09024
    }
  },
  "asc": {
    "amp": [
      -9.193476048794511e-12,
      -2.9199231137554315e-11
    ],
    "k": [
      3.0,
      29.999999999999996
    ],
    "dependencies": "Cap and res from least squares"
  },
  "capacitance": {
    "C_from_lims": {
      "value": 1.2829564770129684e-10
    },
    "C_test_list": {
      "list": [
        9.120052356870689e-11,
        8.76371300672911e-11,
        8.589949948223324e-11
      ],
      "mean": 8.824571770607708e-11
    }
  },
  "MLIN": {
    "tau_from_AC": 0.020245547560362828,
    "sv_for_expsymm": 0.00018885592144393402,
    "var_of_section": 7.133311812887478e-08
  },
  "sweep_properties": {
    "multi_short_square": {
      "sweep_num": null
    },
    "noise1": {
      "1": {
        "sweep_num": 44,
        "El": -0.0651028671264648,
        "spike_ind": [
          251333,
          252327,
          254469,
          255884,
          271457,
          273469,
          276261,
          278671,
          280871,
          298220,
          301330,
          304059,
          305903,
          323389,
          450998,
          451203,
          451587,
          452205,
          453005,
          453654,
          454378,
          455223,
          455820,
          457386,
          458722,
          459866,
          460715,
          461794,
          465084,
          466533,
          468095,
          469121,
          470490,
          471443,
          472495,
          473378,
          475977,
          476823,
          478126,
          478979,
          479743,
          480569,
          481081,
          483111,
          484849,
          486405,
          491501,
          493457,
          495490,
          496519,
          497674,
          498484,
          501110,
          503009,
          503993,
          504706,
          505602,
          506155,
          509869,
          511592,
          516567,
          519051,
          520603,
          522520,
          523409
        ]
      },
      "3": {
        "sweep_num": 48,
        "El": -0.0647307205200195,
        "spike_ind": [
          251391,
          253624,
          254789,
          255915,
          271530,
          273368,
          276262,
          279025,
          280886,
          298048,
          301256,
          304049,
          305906,
          323306,
          451032,
          451267,
          451641,
          452204,
          453037,
          453656,
          454380,
          455447,
          455904,
          457387,
          458652,
          459885,
          461401,
          464988,
          466511,
          468454,
          469513,
          470556,
          471541,
          472507,
          473261,
          475996,
          476832,
          478015,
          478707,
          479479,
          480531,
          481065,
          482464,
          484896,
          486478,
          491499,
          493533,
          495481,
          496548,
          497650,
          498460,
          501034,
          501867,
          503193,
          504043,
          504782,
          505724,
          507448,
          509901,
          511803,
          516583,
          519033,
          520547,
          522464,
          523326
        ]
      },
      "2": {
        "sweep_num": 46,
        "El": -0.0652411346435547,
        "spike_ind": [
          251353,
          252227,
          253767,
          255789,
          271517,
          273252,
          276261,
          278698,
          280827,
          298254,
          301276,
          304370,
          305930,
          323410,
          451045,
          451266,
          451620,
          452268,
          453200,
          453738,
          454421,
          455467,
          455917,
          457373,
          458669,
          459877,
          461358,
          465062,
          466504,
          468191,
          469503,
          470574,
          471482,
          472530,
          473285,
          476049,
          476881,
          478209,
          479010,
          479693,
          480593,
          481138,
          482495,
          484866,
          486542,
          491533,
          494043,
          495519,
          496675,
          497701,
          498492,
          501127,
          503083,
          503983,
          504716,
          505713,
          507737,
          509922,
          511608,
          517423,
          519074,
          520565,
          522501,
          523402
        ]
      },
      "5": {
        "sweep_num": null,
        "El": null,
        "spike_ind": null
      },
      "4": {
        "sweep_num": null,
        "El": null,
        "spike_ind": null
      }
    },
    "ramp": {
      "sweep_num": [
        4,
        5,
        6
      ]
    },
    "max_subthresh_long_square": {
      "sweep_num": [
        39
      ]
    },
    "suprathreshold_short_square": {
      "R_testpulsesweep_num": [
        14,
        15,
        16,
        17,
        18
      ]
    },
    "subthreshold_short_square": {
      "sweep_num": [
        13
      ]
    }
  },
  "spike_cutting": {
    "NOdeltaV": {
      "slope": 0.47604675284404324,
      "intercept": -0.006075656582118843,
      "cut_length": 71.0,
      "dependencies": null
    }
  },
  "dt_used_for_preprocessor_calculations": 5e-05
}