{
  "model_spike_times_same_across_sweeps": {
    "n1": 1,
    "n2": 1
  },
  "run_model_spike_times_match_database": {
    "n2": true
  },
  "n2_after_opt_sanitycheck": 0.7627216046976707,
  "after_opt": {
    "noise_1": 0.7933510652537149,
    "noise_2": 0.762722549017897
  },
  "before_opt": {
    "noise_1": 0.7088632030848009,
    "noise_2": 0.7369681268461087
  }
}