{
  "El": {
    "El_max_subth_long_square": {
      "dependencies": null, 
      "value": -0.0701345977783203
    }, 
    "El_noise": {
      "measured": {
        "dependencies": null, 
        "list": [
          -0.0733208236694336, 
          -0.07286434936523441, 
          -0.0732144775390625, 
          -0.07313433837890619
        ], 
        "mean": -0.073133497238159179
      }
    }, 
    "El_ramp": {
      "dependencies": null, 
      "value": -0.07108167266845701
    }, 
    "El_suprathreshold_blip": {
      "dependencies": null, 
      "value": -0.0716742095947266
    }, 
    "El_subthreshold_blip": {
      "dependencies": null, 
      "value": -0.07146710968017579
    }
  }, 
  "spike_cut_length": {
    "no deltaV shift": {
      "slope": 0.35086019774656474, 
      "length": 49.0, 
      "intercept": 0.007118171885007912, 
      "dependencies": null
    }
  }, 
  "threshold_adaptation": {
    "b_spike_component_of_threshold": null, 
    "b_voltage_comp_of_thr_from_fitab": null, 
    "b_voltage_comp_of_thr_from_fitabth": null, 
    "a_voltage_comp_of_thr_from_fitab": null, 
    "a_spike_component_of_threshold": null, 
    "a_voltage_comp_of_thr_from_fitabth": null
  }, 
  "th_inf": {
    "via_Vmeasure": {
      "from_zero": 0.025686518001060851, 
      "dependencies": "measured from suprathreshold blip", 
      "value": -0.045987691593665753
    }, 
    "fit_with_v_comp_of_th": {
      "from_zero": null, 
      "value": null
    }
  }, 
  "resistance": {
    "R_test_list": {
      "list": [
        236747889.45521352, 
        259610713.06431243, 
        256568182.11994603, 
        258623927.86451221
      ], 
      "mean": 252887678.12599605
    }, 
    "R_fit_ASC_and_R": {
      "list": [
        269037955.8909573, 
        290200356.5944275, 
        290400616.5893378, 
        295610228.975994
      ], 
      "mean": 286312289.51267916
    }, 
    "R_from_lims": {
      "value": 231562420.725822
    }
  }, 
  "asc": {
    "amp": [
      -2.1434697792418472e-10, 
      6.565753929532788e-10
    ], 
    "k": [
      100.0, 
      300.0
    ], 
    "dependencies": "Cap and res from least squares"
  }, 
  "capacitance": {
    "C_from_lims": {
      "value": 9.358231157349538e-11
    }, 
    "C_test_list": {
      "list": [
        9.1056600981264982e-11, 
        9.6096894085261874e-11, 
        9.666740553517325e-11, 
        9.5065504059692794e-11
      ], 
      "mean": 9.4721601165348232e-11
    }
  }, 
  "MLIN": {
    "tau_from_AC": 0.02465527227851759, 
    "sv_for_expsymm": 0.00012933349449015244, 
    "var_of_section": 3.3454305594068593e-08
  }, 
  "sweep_properties": {
    "multi_short_square": {
      "sweep_num": null
    }, 
    "noise1": {
      "1": {
        "sweep_num": 38, 
        "El": -0.0733208236694336, 
        "spike_ind": [
          252582, 
          253558, 
          255787, 
          273362, 
          278807, 
          281015, 
          298503, 
          304459, 
          323672, 
          451269, 
          451437, 
          451780, 
          452700, 
          453594, 
          454455, 
          455659, 
          457425, 
          459885, 
          461562, 
          466846, 
          468952, 
          470645, 
          472503, 
          473421, 
          476233, 
          477545, 
          478714, 
          479758, 
          480882, 
          483620, 
          485654, 
          492372, 
          494229, 
          496387, 
          497939, 
          501276, 
          502653, 
          504017, 
          505561, 
          510106, 
          511843, 
          517544, 
          519650, 
          521524, 
          523104
        ]
      }, 
      "3": {
        "sweep_num": 42, 
        "El": -0.0732144775390625, 
        "spike_ind": [
          251901, 
          252599, 
          254120, 
          255890, 
          260939, 
          270513, 
          273301, 
          277101, 
          279269, 
          281053, 
          286949, 
          296711, 
          301821, 
          304142, 
          305987, 
          320772, 
          323394, 
          451176, 
          451323, 
          451667, 
          452292, 
          453271, 
          453990, 
          454748, 
          455765, 
          457100, 
          458627, 
          460222, 
          461562, 
          465454, 
          467029, 
          468643, 
          470250, 
          471508, 
          472756, 
          476105, 
          477174, 
          478477, 
          479457, 
          480733, 
          482630, 
          484824, 
          486427, 
          491457, 
          493303, 
          495101, 
          496547, 
          497871, 
          501159, 
          502406, 
          503617, 
          504611, 
          505783, 
          508048, 
          510003, 
          511722, 
          516575, 
          518422, 
          520449, 
          522465, 
          523494
        ]
      }, 
      "2": {
        "sweep_num": 40, 
        "El": -0.07286434936523441, 
        "spike_ind": [
          251905, 
          252388, 
          254023, 
          255890, 
          261905, 
          270677, 
          273460, 
          277422, 
          279506, 
          281130, 
          296437, 
          301951, 
          304110, 
          306082, 
          322236, 
          451197, 
          451346, 
          451674, 
          452504, 
          453413, 
          454129, 
          454871, 
          455822, 
          457375, 
          459064, 
          460421, 
          461718, 
          465747, 
          467266, 
          468939, 
          470533, 
          471840, 
          472963, 
          476130, 
          477133, 
          478438, 
          479448, 
          480686, 
          482451, 
          484737, 
          486416, 
          491458, 
          493201, 
          495134, 
          496561, 
          497829, 
          501176, 
          502301, 
          503628, 
          504675, 
          505859, 
          508659, 
          510573, 
          516935, 
          519141, 
          520745, 
          522650
        ]
      }, 
      "5": {
        "sweep_num": null, 
        "El": null, 
        "spike_ind": null
      }, 
      "4": {
        "sweep_num": 44, 
        "El": -0.07313433837890619, 
        "spike_ind": [
          251846, 
          252941, 
          254122, 
          255922, 
          261346, 
          270740, 
          273259, 
          277234, 
          279314, 
          281101, 
          296581, 
          302065, 
          304424, 
          306075, 
          321469, 
          323590, 
          451174, 
          451344, 
          451757, 
          452438, 
          453269, 
          453974, 
          454748, 
          455711, 
          456564, 
          458214, 
          459862, 
          460987, 
          463387, 
          466427, 
          467888, 
          469182, 
          470587, 
          472140, 
          473105, 
          476100, 
          477141, 
          478437, 
          479401, 
          480619, 
          482374, 
          484571, 
          486229, 
          491440, 
          493210, 
          494708, 
          496243, 
          497692, 
          501128, 
          502187, 
          503588, 
          504580, 
          505802, 
          508032, 
          510066, 
          511685, 
          516503, 
          518447, 
          520403, 
          521961, 
          523148
        ]
      }
    }, 
    "ramp": {
      "sweep_num": [
        4, 
        5, 
        6
      ]
    }, 
    "max_subthresh_long_square": {
      "sweep_num": [
        25
      ]
    }, 
    "suprathreshold_short_square": {
      "R_testpulsesweep_num": [
        11, 
        12, 
        13, 
        14, 
        15, 
        16
      ]
    }, 
    "subthreshold_short_square": {
      "sweep_num": [
        10
      ]
    }
  },