{
  "model_spike_times_same_across_sweeps": {
    "n1": 1,
    "n2": 1
  },
  "run_model_spike_times_match_database": {
    "n2": true
  },
  "n2_after_opt_sanitycheck": 0.6437419018465024,
  "after_opt": {
    "noise_1": 0.6148975489568397,
    "noise_2": 0.643639194505483
  },
  "before_opt": {
    "noise_1": 0.5261509300252584,
    "noise_2": 0.447807396572611
  }
}