{
  "noise1": {
    "RSS_of_voltage_diff": 5.621530352213984,
    "var_of_voltage_difference": 1.907784955313753e-06,
    "var_of_voltage_data": 4.2749806755887166e-05,
    "num_data_points_wo_spike_shape": 2796720
  },
  "noise2": {
    "RSS_of_voltage_diff": 5.572577338842376,
    "var_of_voltage_difference": 1.910947261028718e-06,
    "var_of_voltage_data": 4.3491719204018586e-05,
    "num_data_points_wo_spike_shape": 2796852
  }
}