{
  "noise1": {
    "RSS_of_voltage_diff": 6.978066442258572,
    "var_of_voltage_difference": 2.3808222813281016e-06,
    "var_of_voltage_data": 4.2749806755887166e-05,
    "num_data_points_wo_spike_shape": 2796720
  },
  "noise2": {
    "RSS_of_voltage_diff": 7.55381563613206,
    "var_of_voltage_difference": 2.55632244826466e-06,
    "var_of_voltage_data": 4.3491719204018586e-05,
    "num_data_points_wo_spike_shape": 2796852
  }
}