{
  "model_spike_times_same_across_sweeps": {
    "n1": 1,
    "n2": 1
  },
  "run_model_spike_times_match_database": {
    "n2": true
  },
  "n2_after_opt_sanitycheck": 0.9685621352909818,
  "after_opt": {
    "noise_1": 0.9667061496901934,
    "noise_2": 0.968560757535103
  },
  "before_opt": {
    "noise_1": 0.9781589865988176,
    "noise_2": 0.979305860262323
  }
}