{
  "model_spike_times_same_across_sweeps": {
    "n1": 1,
    "n2": 1
  },
  "run_model_spike_times_match_database": {
    "n2": true
  },
  "n2_after_opt_sanitycheck": 0.9444013991527394,
  "after_opt": {
    "noise_1": 0.9500052267657175,
    "noise_2": 0.944402186566887
  },
  "before_opt": {
    "noise_1": 0.9542222013123284,
    "noise_2": 0.9509088920512017
  }
}