{
  "El": {
    "El_max_subth_long_square": {
      "dependencies": null,
      "value": -0.0628626594543457
    },
    "El_noise": {
      "measured": {
        "dependencies": null,
        "list": [
          -0.0626962814331055,
          -0.0626165008544922
        ],
        "mean": -0.06265639114379885
      }
    },
    "El_ramp": {
      "dependencies": null,
      "value": -0.06298221969604491
    },
    "El_suprathreshold_blip": {
      "dependencies": null,
      "value": -0.06334782028198241
    },
    "El_subthreshold_blip": {
      "dependencies": null,
      "value": -0.0638686103820801
    }
  },
  "spike_cut_length": {
    "no deltaV shift": {
      "slope": 0.6752137257260584,
      "length": 92.0,
      "intercept": -0.0069527254398332305,
      "dependencies": null
    }
  },
  "threshold_adaptation": {
    "b_spike_component_of_threshold": null,
    "b_voltage_comp_of_thr_from_fitab": null,
    "b_voltage_comp_of_thr_from_fitabth": null,
    "a_voltage_comp_of_thr_from_fitab": null,
    "a_spike_component_of_threshold": null,
    "a_voltage_comp_of_thr_from_fitabth": null
  },
  "th_inf": {
    "via_Vmeasure": {
      "from_zero": 0.02071811227558981,
      "dependencies": "measured from suprathreshold blip",
      "value": -0.0426297080063926
    },
    "fit_with_v_comp_of_th": {
      "from_zero": null,
      "value": null
    }
  },
  "resistance": {
    "R_test_list": {
      "list": [
        210620065.64451244,
        212835564.29412284
      ],
      "mean": 211727814.96931764
    },
    "R_fit_ASC_and_R": {
      "list": [
        220880266.3250708,
        227276841.6442265
      ],
      "mean": 224078553.98464864
    },
    "R_from_lims": {
      "value": 250625044.10743698
    }
  },
  "asc": {
    "amp": [
      -4.676263898127606e-11,
      3.8029985498696265e-11
    ],
    "k": [
      10.0,
      100.0
    ],
    "dependencies": "Cap and res from least squares"
  },
  "capacitance": {
    "C_from_lims": {
      "value": 1.182698425717577e-10
    },
    "C_test_list": {
      "list": [
        1.066787230353496e-10,
        1.0466280684488151e-10
      ],
      "mean": 1.0567076494011555e-10
    }
  },
  "MLIN": {
    "tau_from_AC": 0.05415708375850384,
    "sv_for_expsymm": 0.0006735188711417451,
    "var_of_section": 9.072553395681015e-07
  },
  "sweep_properties": {
    "multi_short_square": {
      "sweep_num": null
    },
    "noise1": {
      "1": {
        "sweep_num": 55,
        "El": -0.0626962814331055,
        "spike_ind": [
          254787,
          272733,
          278965,
          298291,
          303942,
          323185,
          451847,
          453662,
          455517,
          458654,
          461376,
          466458,
          468983,
          471582,
          473497,
          476184,
          478461,
          480530,
          484882,
          491597,
          494559,
          497573,
          501210,
          503456,
          505549,
          509959,
          516555,
          519147,
          521454,
          523396
        ]
      },
      "3": {
        "sweep_num": null,
        "El": null,
        "spike_ind": null
      },
      "2": {
        "sweep_num": 57,
        "El": -0.0626165008544922,
        "spike_ind": [
          254783,
          272560,
          278641,
          298123,
          303932,
          321585,
          451710,
          453549,
          455513,
          458683,
          461521,
          466520,
          469089,
          471349,
          473202,
          476188,
          478474,
          480595,
          484910,
          491853,
          494473,
          497446,
          501149,
          503336,
          504790,
          505990,
          510355,
          516910,
          519535,
          522508
        ]
      },
      "5": {
        "sweep_num": null,
        "El": null,
        "spike_ind": null
      },
      "4": {
        "sweep_num": null,
        "El": null,
        "spike_ind": null
      }
    },
    "ramp": {
      "sweep_num": [
        4,
        5,
        6
      ]
    },
    "max_subthresh_long_square": {
      "sweep_num": [
        45
      ]
    },
    "suprathreshold_short_square": {
      "R_testpulsesweep_num": [
        13,
        14,
        15,
        16,
        18,
        19,
        22,
        23
      ]
    },
    "subthreshold_short_square": {
      "sweep_num": [
        21
      ]
    }
  },
  "spike_cutting": {
    "NOdeltaV": {
      "slope": 0.6752137257260584,
      "intercept": -0.0069527254398332305,
      "cut_length": 92.0,
      "dependencies": null
    }
  },
  "dt_used_for_preprocessor_calculations": 5e-05
}