{
  "model_spike_times_same_across_sweeps": {
    "n1": 1,
    "n2": 1
  },
  "run_model_spike_times_match_database": {
    "n2": true
  },
  "n2_after_opt_sanitycheck": 0.6543484424869402,
  "after_opt": {
    "noise_1": 0.7067089692577191,
    "noise_2": 0.654348584654024
  },
  "before_opt": {
    "noise_1": 0.7362928934126834,
    "noise_2": 0.7541798668364394
  }
}