{
  "model_spike_times_same_across_sweeps": {
    "n1": 1,
    "n2": 1
  },
  "run_model_spike_times_match_database": {
    "n2": true
  },
  "n2_after_opt_sanitycheck": 0.6631992938037937,
  "after_opt": {
    "noise_1": 0.7085743789885425,
    "noise_2": 0.663199642469546
  },
  "before_opt": {
    "noise_1": 0.6781440461107558,
    "noise_2": 0.7151432691697595
  }
}