{
  "model_spike_times_same_across_sweeps": {
    "n1": 1,
    "n2": 1
  },
  "run_model_spike_times_match_database": {
    "n2": true
  },
  "n2_after_opt_sanitycheck": 0.7688270199015477,
  "after_opt": {
    "noise_1": 0.6567865703145154,
    "noise_2": 0.768807836745805
  },
  "before_opt": {
    "noise_1": 0.7119555893975387,
    "noise_2": 0.599658947759936
  }
}