{
  "noise1": {
    "RSS_of_voltage_diff": 282.9887983987904,
    "var_of_voltage_difference": 1.655015685545041e-05,
    "var_of_voltage_data": 0.00014932890252952516,
    "num_data_points_wo_spike_shape": 16804905
  },
  "noise2": {
    "RSS_of_voltage_diff": 438.47809500223946,
    "var_of_voltage_difference": 1.8181854713518647e-05,
    "var_of_voltage_data": 0.00014557878483817808,
    "num_data_points_wo_spike_shape": 22405435
  }
}