{
  "model_spike_times_same_across_sweeps": {
    "n1": 1,
    "n2": 1
  },
  "run_model_spike_times_match_database": {
    "n2": true
  },
  "n2_after_opt_sanitycheck": 0.7850047875117838,
  "after_opt": {
    "noise_1": 0.7643795070013212,
    "noise_2": 0.784976411662483
  },
  "before_opt": {
    "noise_1": 0.14158042108066884,
    "noise_2": 0.13661193242839748
  }
}