{
  "model_spike_times_same_across_sweeps": {
    "n1": 1,
    "n2": 1
  },
  "run_model_spike_times_match_database": {
    "n2": true
  },
  "n2_after_opt_sanitycheck": 0.9299341647490285,
  "after_opt": {
    "noise_1": 0.9452619166099216,
    "noise_2": 0.92993255108509
  },
  "before_opt": {
    "noise_1": 0.7756711324289659,
    "noise_2": 0.7654142441751175
  }
}