{
  "noise1": {
    "RSS_of_voltage_diff": 68.8834821552987,
    "var_of_voltage_difference": 1.2292043408130013e-05,
    "var_of_voltage_data": 0.00017727311886318618,
    "num_data_points_wo_spike_shape": 5591754
  },
  "noise2": {
    "RSS_of_voltage_diff": 77.18548724356151,
    "var_of_voltage_difference": 1.3594474069542192e-05,
    "var_of_voltage_data": 0.00017543258441177605,
    "num_data_points_wo_spike_shape": 5589336
  }
}