{
  "model_spike_times_same_across_sweeps": {
    "n1": 1,
    "n2": 1
  },
  "run_model_spike_times_match_database": {
    "n2": true
  },
  "n2_after_opt_sanitycheck": 0.9602193766432622,
  "after_opt": {
    "noise_1": 0.9567104845730013,
    "noise_2": 0.960219329067042
  },
  "before_opt": {
    "noise_1": 0.9189288435051138,
    "noise_2": 0.9193350424082029
  }
}