{
  "model_spike_times_same_across_sweeps": {
    "n1": 1,
    "n2": 1
  },
  "run_model_spike_times_match_database": {
    "n2": true
  },
  "n2_after_opt_sanitycheck": 0.9440508283579833,
  "after_opt": {
    "noise_1": 0.942153172382127,
    "noise_2": 0.944043130485943
  },
  "before_opt": {
    "noise_1": 0.960960379747893,
    "noise_2": 0.9656007124637638
  }
}