{
  "model_spike_times_same_across_sweeps": {
    "n1": 1,
    "n2": 1
  },
  "run_model_spike_times_match_database": {
    "n2": true
  },
  "n2_after_opt_sanitycheck": 0.9213055664477141,
  "after_opt": {
    "noise_1": 0.9195442943955521,
    "noise_2": 0.92130273797607
  },
  "before_opt": {
    "noise_1": 0.9160658473170309,
    "noise_2": 0.922950299935275
  }
}