{
  "noise1": {
    "RSS_of_voltage_diff": 17.21197786793689,
    "var_of_voltage_difference": 3.5560607775576294e-06,
    "var_of_voltage_data": 9.230243245779193e-05,
    "num_data_points_wo_spike_shape": 4130620
  },
  "noise2": {
    "RSS_of_voltage_diff": 15.832231067988873,
    "var_of_voltage_difference": 3.8028602783238467e-06,
    "var_of_voltage_data": 9.412457403695901e-05,
    "num_data_points_wo_spike_shape": 4131372
  }
}