{
  "El": {
    "El_max_subth_long_square": {
      "dependencies": null, 
      "value": -0.0608323211669922
    }, 
    "El_noise": {
      "measured": {
        "dependencies": null, 
        "list": [
          -0.0606413536071777, 
          -0.0604542388916016, 
          -0.059342674255371104, 
          -0.0605745162963867
        ], 
        "mean": -0.060253195762634271
      }
    }, 
    "El_ramp": {
      "dependencies": null, 
      "value": -0.0579619407653809
    }, 
    "El_suprathreshold_blip": {
      "dependencies": null, 
      "value": -0.0600285987854004
    }, 
    "El_subthreshold_blip": {
      "dependencies": null, 
      "value": -0.0604459342956543
    }
  }, 
  "spike_cut_length": {
    "no deltaV shift": {
      "slope": 0.53189372556094816, 
      "length": 168.0, 
      "intercept": 0.00040586564934805974, 
      "dependencies": null
    }
  }, 
  "threshold_adaptation": {
    "b_spike_component_of_threshold": null, 
    "b_voltage_comp_of_thr_from_fitab": null, 
    "b_voltage_comp_of_thr_from_fitabth": null, 
    "a_voltage_comp_of_thr_from_fitab": null, 
    "a_spike_component_of_threshold": null, 
    "a_voltage_comp_of_thr_from_fitabth": null
  }, 
  "th_inf": {
    "via_Vmeasure": {
      "from_zero": 0.014551356082407568, 
      "dependencies": "measured from suprathreshold blip", 
      "value": -0.045477242702992832
    }, 
    "fit_with_v_comp_of_th": {
      "from_zero": null, 
      "value": null
    }
  }, 
  "resistance": {
    "R_test_list": {
      "list": [
        158368943.99024689, 
        158162258.54998347, 
        152450767.16647777, 
        155478953.75783461
      ], 
      "mean": 156115230.86613572
    }, 
    "R_fit_ASC_and_R": {
      "list": [
        150461525.27932072, 
        157123093.41710052, 
        161208027.58566123, 
        154556154.70508683
      ], 
      "mean": 155837200.24679232
    }, 
    "R_from_lims": {
      "value": 176651805.639267
    }
  }, 
  "asc": {
    "amp": [
      -1.253826135586502e-11, 
      -7.980487578925031e-11
    ], 
    "k": [
      3.0, 
      29.999999999999996
    ], 
    "dependencies": "Cap and res from least squares"
  }, 
  "capacitance": {
    "C_from_lims": {
      "value": 1.0118398787415965e-10
    }, 
    "C_test_list": {
      "list": [
        1.0278184453822811e-10, 
        1.0461388961534004e-10, 
        1.1979536542311154e-10, 
        1.0142672027653546e-10
      ], 
      "mean": 1.0715445496330379e-10
    }
  }, 
  "MLIN": {
    "tau_from_AC": 0.018438846224330997, 
    "sv_for_expsymm": 0.00043494984908875629, 
    "var_of_section": 3.7836274244466371e-07
  }, 
  "sweep_properties": {
    "multi_short_square": {
      "sweep_num": null
    }, 
    "noise1": {
      "1": {
        "sweep_num": 50, 
        "El": -0.0606413536071777, 
        "spike_ind": [
          251094, 
          255946, 
          276161, 
          278880, 
          280866, 
          301167, 
          305957, 
          323294, 
          450736, 
          451157, 
          453281, 
          454559, 
          455551, 
          456138, 
          457672, 
          459887, 
          461566, 
          464948, 
          466517, 
          470643, 
          472589, 
          475942, 
          478301, 
          479499, 
          480627, 
          483333, 
          484918, 
          486584, 
          489968, 
          491487, 
          495580, 
          497613, 
          500869, 
          501391, 
          503312, 
          504514, 
          505697, 
          509932, 
          511551, 
          514959, 
          516545, 
          520587, 
          522552, 
          523583
        ]
      }, 
      "3": {
        "sweep_num": 54, 
        "El": -0.059342674255371104, 
        "spike_ind": [
          251007, 
          253739, 
          255870, 
          272937, 
          276150, 
          280956, 
          301135, 
          305865, 
          322947, 
          450710, 
          451148, 
          453433, 
          454480, 
          455564, 
          456092, 
          457465, 
          459913, 
          461502, 
          464957, 
          466512, 
          469125, 
          470578, 
          471576, 
          472614, 
          475854, 
          478157, 
          479115, 
          480566, 
          481141, 
          484956, 
          486572, 
          491536, 
          494117, 
          495564, 
          497644, 
          500884, 
          503195, 
          504194, 
          505579, 
          507516, 
          509946, 
          511716, 
          515001, 
          516565, 
          519140, 
          520597, 
          522650
        ]
      }, 
      "2": {
        "sweep_num": 52, 
        "El": -0.0604542388916016, 
        "spike_ind": [
          251038, 
          253649, 
          255843, 
          273334, 
          276185, 
          278786, 
          280959, 
          297768, 
          301086, 
          303694, 
          305900, 
          322976, 
          450704, 
          451147, 
          453081, 
          453688, 
          454589, 
          455575, 
          456170, 
          457605, 
          459916, 
          461482, 
          464931, 
          466547, 
          468677, 
          470490, 
          471590, 
          472612, 
          473470, 
          475852, 
          476383, 
          478489, 
          479687, 
          480710, 
          484876, 
          486639, 
          489971, 
          491518, 
          493583, 
          495534, 
          496639, 
          497723, 
          500890, 
          503469, 
          504592, 
          505760, 
          509915, 
          511703, 
          515019, 
          519266, 
          520582, 
          522668
        ]
      }, 
      "5": {
        "sweep_num": null, 
        "El": null, 
        "spike_ind": null
      }, 
      "4": {
        "sweep_num": 56, 
        "El": -0.0605745162963867, 
        "spike_ind": [
          251169, 
          256019, 
          276328, 
          279003, 
          280899, 
          298012, 
          301237, 
          305991, 
          450851, 
          451242, 
          453172, 
          454116, 
          455528, 
          456062, 
          457497, 
          459957, 
          461537, 
          465122, 
          469282, 
          470669, 
          472660, 
          475938, 
          478415, 
          479549, 
          480595, 
          482568, 
          484979, 
          486588, 
          489981, 
          493547, 
          495530, 
          496584, 
          497646, 
          500937, 
          503524, 
          504573, 
          505618, 
          509967, 
          511842, 
          514979, 
          516566, 
          520539, 
          521545, 
          522638
        ]
      }
    }, 
    "ramp": {
      "sweep_num": [
        4, 
        5, 
        6
      ]
    }, 
    "max_subthresh_long_square": {
      "sweep_num": [
        33
      ]
    }, 
    "suprathreshold_short_square": {
      "R_testpulsesweep_num": [
        9, 
        14
      ]
    }, 
    "subthreshold_short_square": {
      "sweep_num": [
        16
      ]
    }
  }, 
  "spike_cutting": {
    "NOdeltaV": {
      "slope": 0.53189372556094816, 
      "intercept": 0.00040586564934805974, 
      "cut_length": 168.0, 
      "dependencies": null
    }
  }, 
  "dt_used_for_preprocessor_calculations": 5e-05
}