{
  "noise1": {
    "RSS_of_voltage_diff": 40.58358527689877,
    "var_of_voltage_difference": 6.9168787873602575e-06,
    "var_of_voltage_data": 4.0267821153323357e-05,
    "num_data_points_wo_spike_shape": 5572584
  },
  "noise2": {
    "RSS_of_voltage_diff": 50.620349234847694,
    "var_of_voltage_difference": 8.844637418932536e-06,
    "var_of_voltage_data": 3.5884546301687594e-05,
    "num_data_points_wo_spike_shape": 4173096
  }
}