{
  "El": {
    "El_max_subth_long_square": {
      "dependencies": null,
      "value": -0.0733160781860352
    },
    "El_noise": {
      "measured": {
        "dependencies": null,
        "list": [
          -0.0745147018432617,
          -0.07403564453125
        ],
        "mean": -0.07427517318725585
      }
    },
    "El_ramp": {
      "dependencies": null,
      "value": -0.0752090682983398
    },
    "El_suprathreshold_blip": {
      "dependencies": null,
      "value": -0.07475836181640619
    },
    "El_subthreshold_blip": {
      "dependencies": null,
      "value": -0.0753252868652344
    }
  },
  "spike_cut_length": {
    "no deltaV shift": {
      "slope": 0.10707812446870542,
      "length": 69.0,
      "intercept": 0.022481800798891807,
      "dependencies": null
    }
  },
  "threshold_adaptation": {
    "b_spike_component_of_threshold": null,
    "b_voltage_comp_of_thr_from_fitab": null,
    "b_voltage_comp_of_thr_from_fitabth": null,
    "a_voltage_comp_of_thr_from_fitab": null,
    "a_spike_component_of_threshold": null,
    "a_voltage_comp_of_thr_from_fitabth": null
  },
  "th_inf": {
    "via_Vmeasure": {
      "from_zero": 0.03542708671504559,
      "dependencies": "measured from suprathreshold blip",
      "value": -0.0393312751013606
    },
    "fit_with_v_comp_of_th": {
      "from_zero": null,
      "value": null
    }
  },
  "resistance": {
    "R_test_list": {
      "list": [
        155843414.5925566,
        157006545.25362256
      ],
      "mean": 156424979.92308956
    },
    "R_fit_ASC_and_R": {
      "list": [
        173133141.56191328,
        180555381.15287644
      ],
      "mean": 176844261.35739487
    },
    "R_from_lims": {
      "value": 145468786.35883301
    }
  },
  "asc": {
    "amp": [
      -6.27012117076509e-11,
      -2.2458304404094313e-10
    ],
    "k": [
      10.0,
      100.0
    ],
    "dependencies": "Cap and res from least squares"
  },
  "capacitance": {
    "C_from_lims": {
      "value": 6.84059555214114e-11
    },
    "C_test_list": {
      "list": [
        7.759595215014796e-11,
        7.610574052358759e-11
      ],
      "mean": 7.685084633686777e-11
    }
  },
  "MLIN": {
    "tau_from_AC": 0.09046917204624749,
    "sv_for_expsymm": 0.00041700325657363695,
    "var_of_section": 3.477834319860371e-07
  },
  "sweep_properties": {
    "multi_short_square": {
      "sweep_num": null
    },
    "noise1": {
      "1": {
        "sweep_num": 67,
        "El": -0.0745147018432617,
        "spike_ind": [
          254511,
          255881,
          270568,
          272688,
          276184,
          278397,
          279557,
          280836,
          284890,
          286822,
          294025,
          295683,
          297634,
          301147,
          303162,
          304423,
          305780,
          308265,
          310652,
          317425,
          319547,
          321425,
          322919,
          451078,
          451778,
          452950,
          453595,
          454366,
          455410,
          455907,
          457342,
          458609,
          459829,
          460712,
          461759,
          464812,
          466388,
          467379,
          468516,
          470085,
          471327,
          472459,
          473229,
          475711,
          476218,
          477297,
          478401,
          479333,
          480469,
          481036,
          482449,
          484430,
          485506,
          486735,
          489861,
          491435,
          492955,
          494043,
          495437,
          496435,
          497540,
          498395,
          500843,
          501337,
          502958,
          503770,
          504659,
          505690,
          507385,
          509442,
          510534,
          511761,
          514851,
          516426,
          517978,
          519058,
          520451,
          521493,
          522597,
          523455
        ]
      },
      "3": {
        "sweep_num": null,
        "El": null,
        "spike_ind": null
      },
      "2": {
        "sweep_num": 69,
        "El": -0.07403564453125,
        "spike_ind": [
          253776,
          255796,
          261830,
          270568,
          272679,
          276170,
          278218,
          279470,
          280775,
          284890,
          286783,
          293993,
          295730,
          297623,
          301147,
          303117,
          304411,
          305783,
          309848,
          311796,
          317424,
          320496,
          322523,
          451076,
          451774,
          452951,
          453640,
          454391,
          455433,
          455928,
          457357,
          458354,
          459530,
          460460,
          461483,
          464807,
          466386,
          467442,
          468903,
          470156,
          471328,
          472449,
          473245,
          475703,
          476208,
          477307,
          478364,
          479314,
          480475,
          481042,
          482681,
          484477,
          485584,
          486757,
          489856,
          491423,
          492959,
          494064,
          495458,
          496467,
          497573,
          498435,
          500882,
          501777,
          503058,
          503974,
          504791,
          505799,
          507415,
          509471,
          510651,
          511802,
          514882,
          516457,
          518036,
          519098,
          520474,
          521475,
          522577,
          523449
        ]
      },
      "5": {
        "sweep_num": null,
        "El": null,
        "spike_ind": null
      },
      "4": {
        "sweep_num": null,
        "El": null,
        "spike_ind": null
      }
    },
    "ramp": {
      "sweep_num": [
        7,
        8
      ]
    },
    "max_subthresh_long_square": {
      "sweep_num": [
        50
      ]
    },
    "suprathreshold_short_square": {
      "R_testpulsesweep_num": [
        19,
        20,
        21,
        22,
        23
      ]
    },
    "subthreshold_short_square": {
      "sweep_num": [
        18
      ]
    }
  },
  "spike_cutting": {
    "NOdeltaV": {
      "slope": 0.10707812446870542,
      "intercept": 0.022481800798891807,
      "cut_length": 69.0,
      "dependencies": null
    }
  },
  "dt_used_for_preprocessor_calculations": 5e-05
}