{
  "model_spike_times_same_across_sweeps": {
    "n1": 1,
    "n2": 1
  },
  "run_model_spike_times_match_database": {
    "n2": true
  },
  "n2_after_opt_sanitycheck": 0.6347429156978279,
  "after_opt": {
    "noise_1": 0.6584209040500872,
    "noise_2": 0.634812038857186
  },
  "before_opt": {
    "noise_1": 0.6463095889371486,
    "noise_2": 0.6361142498305832
  }
}