{
  "El": {
    "El_max_subth_long_square": {
      "dependencies": null,
      "value": -0.06849652099609381
    },
    "El_noise": {
      "measured": {
        "dependencies": null,
        "list": [
          -0.06902922821044921,
          -0.06852076721191411,
          -0.067848258972168
        ],
        "mean": -0.0684660847981771
      }
    },
    "El_ramp": {
      "dependencies": null,
      "value": -0.0680751571655273
    },
    "El_suprathreshold_blip": {
      "dependencies": null,
      "value": -0.06820716857910161
    },
    "El_subthreshold_blip": {
      "dependencies": null,
      "value": -0.0687339172363281
    }
  },
  "spike_cut_length": {
    "no deltaV shift": {
      "slope": -0.23606306986716535,
      "length": 83.0,
      "intercept": 0.02371342711997764,
      "dependencies": null
    }
  },
  "threshold_adaptation": {
    "b_spike_component_of_threshold": null,
    "b_voltage_comp_of_thr_from_fitab": null,
    "b_voltage_comp_of_thr_from_fitabth": null,
    "a_voltage_comp_of_thr_from_fitab": null,
    "a_spike_component_of_threshold": null,
    "a_voltage_comp_of_thr_from_fitabth": null
  },
  "th_inf": {
    "via_Vmeasure": {
      "from_zero": 0.028584531572871268,
      "dependencies": "measured from suprathreshold blip",
      "value": -0.039622637006230345
    },
    "fit_with_v_comp_of_th": {
      "from_zero": null,
      "value": null
    }
  },
  "resistance": {
    "R_test_list": {
      "list": [
        268523754.94914776,
        277560465.76750493,
        251915085.31713247
      ],
      "mean": 265999768.67792836
    },
    "R_fit_ASC_and_R": {
      "list": [
        315729753.79852307,
        338211655.4514497,
        332425986.84601533
      ],
      "mean": 328789132.0319961
    },
    "R_from_lims": {
      "value": 209709957.242012
    }
  },
  "asc": {
    "amp": [
      -8.899641563660741e-11,
      -9.198846316044395e-11
    ],
    "k": [
      29.999999999999996,
      300.0
    ],
    "dependencies": "Cap and res from least squares"
  },
  "capacitance": {
    "C_from_lims": {
      "value": 5.323025725762769e-11
    },
    "C_test_list": {
      "list": [
        6.079838563571312e-11,
        6.210260426814622e-11,
        5.912165176731081e-11
      ],
      "mean": 6.067421389039005e-11
    }
  },
  "MLIN": {
    "tau_from_AC": 0.06794131779637458,
    "sv_for_expsymm": 0.0012535627829498863,
    "var_of_section": 3.1428393015941283e-06
  },
  "sweep_properties": {
    "multi_short_square": {
      "sweep_num": null
    },
    "noise1": {
      "1": {
        "sweep_num": 51,
        "El": -0.06902922821044921,
        "spike_ind": [
          253551,
          255738,
          259994,
          268237,
          270503,
          272524,
          276108,
          278084,
          279352,
          280707,
          282463,
          284876,
          286575,
          291513,
          293597,
          295551,
          297469,
          301079,
          302545,
          303759,
          304801,
          305906,
          307529,
          309873,
          311580,
          316505,
          318994,
          320656,
          322507,
          451110,
          451796,
          452995,
          453695,
          454455,
          455494,
          456041,
          457386,
          458651,
          459856,
          460829,
          461780,
          464794,
          466375,
          467376,
          468482,
          469512,
          470484,
          471408,
          472464,
          473196,
          474460,
          475878,
          476363,
          477347,
          478295,
          479046,
          479753,
          480598,
          482334,
          483324,
          484512,
          485421,
          486492,
          488178,
          489889,
          491402,
          492378,
          493466,
          494471,
          495488,
          496410,
          497455,
          498194,
          499405,
          500887,
          501373,
          502392,
          503281,
          504051,
          504746,
          505629,
          506156,
          507401,
          508606,
          509839,
          510741,
          511755,
          514653,
          515949,
          517053,
          518158,
          519099,
          520232,
          521208,
          522411,
          523134,
          524362
        ]
      },
      "3": {
        "sweep_num": 57,
        "El": -0.067848258972168,
        "spike_ind": [
          253528,
          254777,
          255983,
          259957,
          261819,
          269037,
          270714,
          272541,
          276122,
          278015,
          279175,
          280594,
          282451,
          284862,
          286596,
          291527,
          294022,
          295578,
          297495,
          301034,
          302341,
          303592,
          304702,
          305827,
          307557,
          309563,
          311371,
          316394,
          318308,
          320426,
          322181,
          323329,
          451035,
          451768,
          452979,
          453655,
          454438,
          455436,
          455996,
          457375,
          458632,
          459816,
          460623,
          461509,
          463108,
          464837,
          466353,
          467337,
          468441,
          469398,
          470428,
          471352,
          472429,
          473148,
          474383,
          475756,
          476245,
          477241,
          478158,
          478853,
          479553,
          480488,
          481017,
          482330,
          483247,
          484479,
          485364,
          486376,
          488024,
          489815,
          491338,
          492195,
          493285,
          494125,
          495223,
          496302,
          497369,
          498074,
          499348,
          500783,
          501248,
          502135,
          503081,
          503715,
          504459,
          505440,
          505965,
          507357,
          508311,
          509502,
          510397,
          511424,
          513095,
          514838,
          516381,
          517354,
          518464,
          519416,
          520461,
          521394,
          522467,
          523199,
          524390
        ]
      },
      "2": {
        "sweep_num": 53,
        "El": -0.06852076721191411,