{
  "model_spike_times_same_across_sweeps": {
    "n1": 1,
    "n2": 1
  },
  "run_model_spike_times_match_database": {
    "n2": true
  },
  "n2_after_opt_sanitycheck": 0.6988599066893706,
  "after_opt": {
    "noise_1": 0.6916414228932332,
    "noise_2": 0.698880297878359
  },
  "before_opt": {
    "noise_1": 0.6847986938321332,
    "noise_2": 0.661604333843223
  }
}