{
  "noise1": {
    "RSS_of_voltage_diff": 7.653669281208849,
    "var_of_voltage_difference": 1.188326244312625e-06,
    "var_of_voltage_data": 1.5118541317638097e-05,
    "num_data_points_wo_spike_shape": 5601088
  },
  "noise2": {
    "RSS_of_voltage_diff": 7.785259026536638,
    "var_of_voltage_difference": 1.3000258551295013e-06,
    "var_of_voltage_data": 1.539070759084067e-05,
    "num_data_points_wo_spike_shape": 5601244
  }
}