{
  "model_spike_times_same_across_sweeps": {
    "n1": 1,
    "n2": 1
  },
  "run_model_spike_times_match_database": {
    "n2": true
  },
  "n2_after_opt_sanitycheck": 0.6099984017702841,
  "after_opt": {
    "noise_1": 0.6129178410795322,
    "noise_2": 0.609919535380222
  },
  "before_opt": {
    "noise_1": 0.42933544620911374,
    "noise_2": 0.4404146197218111
  }
}