{
  "model_spike_times_same_across_sweeps": {
    "n1": 1,
    "n2": 1
  },
  "run_model_spike_times_match_database": {
    "n2": true
  },
  "n2_after_opt_sanitycheck": 0.684567956159611,
  "after_opt": {
    "noise_1": 0.6744738603899693,
    "noise_2": 0.684520400970214
  },
  "before_opt": {
    "noise_1": 0.6815267636006426,
    "noise_2": 0.7028835186647312
  }
}