{
  "model_spike_times_same_across_sweeps": {
    "n1": 1,
    "n2": 1
  },
  "run_model_spike_times_match_database": {
    "n2": true
  },
  "n2_after_opt_sanitycheck": 0.8454526225439968,
  "after_opt": {
    "noise_1": 0.8255436584030517,
    "noise_2": 0.84540859704786
  },
  "before_opt": {
    "noise_1": 0.5336209855926085,
    "noise_2": 0.6223770437570191
  }
}