{
  "El": {
    "El_max_subth_long_square": {
      "dependencies": null,
      "value": -0.0701612396240234
    },
    "El_noise": {
      "measured": {
        "dependencies": null,
        "list": [
          -0.0692511978149414,
          -0.0686839141845703
        ],
        "mean": -0.06896755599975585
      }
    },
    "El_ramp": {
      "dependencies": null,
      "value": -0.0686862335205078
    },
    "El_suprathreshold_blip": {
      "dependencies": null,
      "value": -0.0688280715942383
    },
    "El_subthreshold_blip": {
      "dependencies": null,
      "value": -0.0702746963500977
    }
  },
  "spike_cut_length": {
    "no deltaV shift": {
      "slope": 0.3765299632268833,
      "length": 52.0,
      "intercept": 0.0006501437083925986,
      "dependencies": null
    }
  },
  "threshold_adaptation": {
    "b_spike_component_of_threshold": null,
    "b_voltage_comp_of_thr_from_fitab": null,
    "b_voltage_comp_of_thr_from_fitabth": null,
    "a_voltage_comp_of_thr_from_fitab": null,
    "a_spike_component_of_threshold": null,
    "a_voltage_comp_of_thr_from_fitabth": null
  },
  "th_inf": {
    "via_Vmeasure": {
      "from_zero": 0.025966067249332044,
      "dependencies": "measured from suprathreshold blip",
      "value": -0.04286200434490626
    },
    "fit_with_v_comp_of_th": {
      "from_zero": null,
      "value": null
    }
  },
  "resistance": {
    "R_test_list": {
      "list": [
        292025770.6062648,
        274010805.28817356
      ],
      "mean": 283018287.9472192
    },
    "R_fit_ASC_and_R": {
      "list": [
        335585460.7791668,
        326523709.0214866
      ],
      "mean": 331054584.9003267
    },
    "R_from_lims": {
      "value": 235625118.01719698
    }
  },
  "asc": {
    "amp": [
      -3.683205964326882e-13,
      -4.340875023710045e-11
    ],
    "k": [
      3.0,
      100.0
    ],
    "dependencies": "Cap and res from least squares"
  },
  "capacitance": {
    "C_from_lims": {
      "value": 4.05442609536929e-11
    },
    "C_test_list": {
      "list": [
        4.769985391722486e-11,
        4.328048919235866e-11
      ],
      "mean": 4.549017155479176e-11
    }
  },
  "MLIN": {
    "tau_from_AC": 0.00914376376100588,
    "sv_for_expsymm": 0.00045787201991433815,
    "var_of_section": 4.192935732408722e-07
  },
  "sweep_properties": {
    "multi_short_square": {
      "sweep_num": null
    },
    "noise1": {
      "1": {
        "sweep_num": 44,
        "El": -0.0692511978149414,
        "spike_ind": [
          251078,
          251456,
          252997,
          253495,
          253972,
          254432,
          254814,
          255449,
          255822,
          256131,
          257463,
          258228,
          259510,
          260122,
          260745,
          261495,
          266485,
          267288,
          269048,
          270594,
          271391,
          272415,
          272947,
          273416,
          275948,
          276316,
          276895,
          278708,
          279150,
          279591,
          280214,
          280667,
          280990,
          282461,
          283196,
          286498,
          291496,
          294034,
          296415,
          297437,
          297962,
          298425,
          301029,
          301340,
          301936,
          305541,
          305892,
          307470,
          308245,
          309546,
          310140,
          310680,
          311488,
          316524,
          317319,
          319058,
          321415,
          322473,
          322997,
          323455,
          450756,
          451001,
          451203,
          451434,
          451734,
          452046,
          452322,
          452635,
          452965,
          453238,
          453493,
          453732,
          453989,
          454298,
          454533,
          454761,
          455132,
          455439,
          455680,
          455880,
          456086,
          456391,
          456841,
          457234,
          457501,
          457988,
          458295,
          458639,
          459199,
          459516,
          459864,
          460266,
          460571,
          460930,
          461330,
          461629,
          461921,
          462576,
          463078,
          464866,
          465720,
          466346,
          466720,
          467084,
          467430,
          467900,
          468316,
          468852,
          469134,
          469486,
          470044,
          470403,
          470664,
          471080,
          471386,
          471810,
          472209,
          472496,
          472752,
          473045,
          473313,
          474233,
          475623,
          475945,
          476169,
          476403,
          476756,
          477107,
          477435,
          477903,
          478209,
          478489,
          478742,
          479025,
          479342,
          479582,
          479848,
          480203,
          480496,
          480762,
          480983,
          481267,
          481714,
          482139,
          482408,
          482726,
          483093,
          483573,
          484192,
          484519,
          484867,
          485305,
          485618,
          486296,
          486603,
          486912,
          487633,
          488192,
          489651,
          489999,
          490763,
          491381,
          491848,
          492239,
          492853,
          493222,
          493690,
          494038,
          494449,
          495070,
          495431,
          495721,
          496122,
          496425,
          496879,
          497359,
          497651,
          497958,
          498247,
          498520,
          499253,
          500606,
          500943,
          501164,
          501386,
          501742,
          502124,
          502471,
          502941,
          503259,
          503532,
          503795,
          504055,
          504376,
          504646,
          505131,
          505457,
          505732,
          505937,
          506163,
          507379,
          507702,
          508116,
          508589,
          509231,
          509568,
          509901,
          510322,
          510681,
          511305,
          511607,
          511902,
          512635,
          513404,
          514659,
          514994,
          515754,
          516371,
          516851,
          517190,
          517842,
          518219,
          518772,
          519068,
          519466,
          520051,
          520422,
          520705,
          521120,
          521426,
          521902,
          522386,
          522667,
          522994,
          523287,
          524253
        ]
      },
      "3": {
        "sweep_num": null,
        "El": null,
        "spike_ind": null
      },
      "2": {
        "sweep_num": 48,
        "El": -0.0686839141845703,