{
  "model_spike_times_same_across_sweeps": {
    "n1": 1,
    "n2": 1
  },
  "run_model_spike_times_match_database": {
    "n2": true
  },
  "n2_after_opt_sanitycheck": 0.3508979067197799,
  "after_opt": {
    "noise_1": 0.5668988416506695,
    "noise_2": 0.350897172473169
  },
  "before_opt": {
    "noise_1": 0.6336940737559982,
    "noise_2": 0.39207879278950203
  }
}