{
  "noise1": {
    "RSS_of_voltage_diff": 1194.7961819556074,
    "var_of_voltage_difference": 5.029039527590757e-05,
    "var_of_voltage_data": 0.0001649984713423039,
    "num_data_points_wo_spike_shape": 22377952
  },
  "noise2": {
    "RSS_of_voltage_diff": 1454.2012805765542,
    "var_of_voltage_difference": 6.0759584042348174e-05,
    "var_of_voltage_data": 0.00016446121086425392,
    "num_data_points_wo_spike_shape": 22386814
  }
}