{
  "model_spike_times_same_across_sweeps": {
    "n1": 1,
    "n2": 1
  },
  "run_model_spike_times_match_database": {
    "n2": true
  },
  "n2_after_opt_sanitycheck": 0.5537652550259614,
  "after_opt": {
    "noise_1": 0.605803380759263,
    "noise_2": 0.553765080442004
  },
  "before_opt": {
    "noise_1": 0.5083124479375588,
    "noise_2": 0.4685368634848527
  }
}