{
  "noise1": {
    "RSS_of_voltage_diff": 643.3267080252206,
    "var_of_voltage_difference": 2.8725970750535102e-05,
    "var_of_voltage_data": 9.57244086207258e-05,
    "num_data_points_wo_spike_shape": 22389158
  },
  "noise2": {
    "RSS_of_voltage_diff": 402.31492283979924,
    "var_of_voltage_difference": 2.3444963286451966e-05,
    "var_of_voltage_data": 8.056268206284889e-05,
    "num_data_points_wo_spike_shape": 16793868
  }
}