{
  "model_spike_times_same_across_sweeps": {
    "n1": 1,
    "n2": 1
  },
  "run_model_spike_times_match_database": {
    "n2": true
  },
  "n2_after_opt_sanitycheck": 0.6641073316465476,
  "after_opt": {
    "noise_1": 0.5903692148533196,
    "noise_2": 0.664267225417296
  },
  "before_opt": {
    "noise_1": 0.41244710718709165,
    "noise_2": 0.40315405483103395
  }
}