{
  "model_spike_times_same_across_sweeps": {
    "n1": 1,
    "n2": 1
  },
  "run_model_spike_times_match_database": {
    "n2": true
  },
  "n2_after_opt_sanitycheck": 0.6994797292363747,
  "after_opt": {
    "noise_1": 0.2911920391189497,
    "noise_2": 0.699390950156452
  },
  "before_opt": {
    "noise_1": 0.4308886049124868,
    "noise_2": 0.3281465175295755
  }
}