{
  "n2_after_opt_sanitycheck": 0.3620015009957733,
  "after_opt": {
    "noise_1": 0.4924495845078834,
    "noise_2": 0.453512791665209
  },
  "before_opt": {
    "noise_1": 0.41559872370918827,
    "noise_2": 0.3390180964412564
  }
}