{
  "n2_after_opt_sanitycheck": 0.3757272227616756,
  "after_opt": {
    "noise_1": 0.3833738245060493,
    "noise_2": 0.493439590788479
  },
  "before_opt": {
    "noise_1": 0.3474917501120644,
    "noise_2": 0.22378991517509697
  }
}