{
  "n2_after_opt_sanitycheck": 0.377607292735745,
  "after_opt": {
    "noise_1": 0.3822239647811269,
    "noise_2": 0.484604404060909
  },
  "before_opt": {
    "noise_1": 0.3078623504363701,
    "noise_2": 0.22050686068897235
  }
}