{
  "model_spike_times_same_across_sweeps": {
    "n1": 1,
    "n2": 1
  },
  "run_model_spike_times_match_database": {
    "n2": true
  },
  "n2_after_opt_sanitycheck": 0.9168680082919485,
  "after_opt": {
    "noise_1": 0.9222774482132127,
    "noise_2": 0.916869033808529
  },
  "before_opt": {
    "noise_1": 0.8843974829444187,
    "noise_2": 0.8853725981713226
  }
}