{
  "noise1": {
    "RSS_of_voltage_diff": 475.14398895144774,
    "var_of_voltage_difference": 2.739036349476744e-05,
    "var_of_voltage_data": 0.00011936981126557196,
    "num_data_points_wo_spike_shape": 16781562
  },
  "noise2": {
    "RSS_of_voltage_diff": 581.473858335998,
    "var_of_voltage_difference": 2.4634188461808247e-05,
    "var_of_voltage_data": 0.0001188798671367964,
    "num_data_points_wo_spike_shape": 22378336
  }
}