{
  "model_spike_times_same_across_sweeps": {
    "n1": 1,
    "n2": 1
  },
  "run_model_spike_times_match_database": {
    "n2": true
  },
  "n2_after_opt_sanitycheck": 0.6269489470502143,
  "after_opt": {
    "noise_1": 0.632218769985509,
    "noise_2": 0.626921599266201
  },
  "before_opt": {
    "noise_1": 0.5384784739637536,
    "noise_2": 0.5306226066582592
  }
}