{
  "noise1": {
    "RSS_of_voltage_diff": 273.42896102410066,
    "var_of_voltage_difference": 1.073784159671059e-05,
    "var_of_voltage_data": 0.0001197185675780419,
    "num_data_points_wo_spike_shape": 22409329
  },
  "noise2": {
    "RSS_of_voltage_diff": 209.3291631138517,
    "var_of_voltage_difference": 1.1840810265531426e-05,
    "var_of_voltage_data": 0.00011633447433501124,
    "num_data_points_wo_spike_shape": 16807375
  }
}