{
  "noise1": {
    "RSS_of_voltage_diff": 318.79715569579605,
    "var_of_voltage_difference": 1.4148814712619697e-05,
    "var_of_voltage_data": 0.0001197185675780419,
    "num_data_points_wo_spike_shape": 22409329
  },
  "noise2": {
    "RSS_of_voltage_diff": 222.65611495498095,
    "var_of_voltage_difference": 1.2805500186963819e-05,
    "var_of_voltage_data": 0.00011633447433501124,
    "num_data_points_wo_spike_shape": 16807375
  }
}