{
  "model_spike_times_same_across_sweeps": {
    "n1": 1,
    "n2": 1
  },
  "run_model_spike_times_match_database": {
    "n2": true
  },
  "n2_after_opt_sanitycheck": 0.6174330942768552,
  "after_opt": {
    "noise_1": 0.09817512714408944,
    "noise_2": 0.617433619246617
  },
  "before_opt": {
    "noise_1": 0.11616669534249886,
    "noise_2": 0.5064589304264837
  }
}