{
  "El_reference": -0.0752013092041016, 
  "C": 1.3871808880160863e-10, 
  "asc_amp_array": [
    -9.514262990393273e-12, 
    -1.105098661794156e-09
  ], 
  "init_threshold": 0.02378672636017727, 
  "threshold_reset_method": {
    "params": {
      "a_spike": 0.002310034373665618, 
      "b_spike": 165.56293451638868
    }, 
    "name": "three_components"
  }, 
  "th_inf": 0.02378672636017727, 
  "spike_cut_length": 92, 
  "init_AScurrents": [
    0.0, 
    0.0
  ], 
  "init_voltage": 0.0, 
  "threshold_dynamics_method": {
    "params": {
      "b_voltage": 92.21510054175647, 
      "a_spike": 0.002310034373665618, 
      "b_spike": 165.56293451638868, 
      "a_voltage": 33.20337138939544
    }, 
    "name": "three_components_exact"
  }, 
  "voltage_reset_method": {
    "params": {
      "a": 0.5704816780265526, 
      "b": 0.009887767357563363
    }, 
    "name": "v_before"
  }, 
  "extrapolation_method_name": "endpoints", 
  "dt": 5e-05, 
  "voltage_dynamics_method": {
    "params": {}, 
    "name": "linear_forward_euler"
  }, 
  "El": 0.0, 
  "asc_tau_array": [
    0.3333333333333333, 
    0.0033333333333333335
  ], 
  "R_input": 87230809.30849677, 
  "AScurrent_dynamics_method": {
    "params": {}, 
    "name": "exp"
  }, 
  "AScurrent_reset_method": {
    "params": {
      "r": [
        1.0, 
        1.0
      ]
    }, 
    "name": "sum"
  }, 
  "dt_multiplier": 10, 
  "th_adapt": null, 
  "coeffs": {
    "a": 1, 
    "C": 1, 
    "b": 1, 
    "G": 1, 
    "th_inf": 0.838789640508194, 
    "asc_amp_array": [
      1.0, 
      1.0
    ]
  }, 
  "type": "GLIF"
}