{
  "noise1": {
    "RSS_of_voltage_diff": 94.77389480554908,
    "var_of_voltage_difference": 4.212853497064059e-06,
    "var_of_voltage_data": 0.0001517653462822537,
    "num_data_points_wo_spike_shape": 22411274
  },
  "noise2": {
    "RSS_of_voltage_diff": 97.37962892752704,
    "var_of_voltage_difference": 4.10811433359679e-06,
    "var_of_voltage_data": 0.00014557775756899135,
    "num_data_points_wo_spike_shape": 22410930
  }
}