{
  "El_reference": -0.07753654479980471, 
  "C": 1.2877515553791358e-10, 
  "asc_amp_array": [
    -1.4123264801057355e-11, 
    -2.514518450190437e-10
  ], 
  "init_threshold": 0.02887154332452925, 
  "threshold_reset_method": {
    "params": {
      "a_spike": 0.005024347249658253, 
      "b_spike": 188.53597203358368
    }, 
    "name": "three_components"
  }, 
  "th_inf": 0.02887154332452925, 
  "spike_cut_length": 86, 
  "init_AScurrents": [
    0.0, 
    0.0
  ], 
  "init_voltage": 0.0, 
  "threshold_dynamics_method": {
    "params": {
      "b_voltage": 79.13332826640156, 
      "a_spike": 0.005024347249658253, 
      "b_spike": 188.53597203358368, 
      "a_voltage": 36.00535554616519
    }, 
    "name": "three_components_exact"
  }, 
  "voltage_reset_method": {
    "params": {
      "a": 0.46018635784706224, 
      "b": 0.015356584152970646
    }, 
    "name": "v_before"
  }, 
  "extrapolation_method_name": "endpoints", 
  "dt": 5e-05, 
  "voltage_dynamics_method": {
    "params": {}, 
    "name": "linear_forward_euler"
  }, 
  "El": 0.0, 
  "asc_tau_array": [
    0.3333333333333333, 
    0.01
  ], 
  "R_input": 112646177.31710577, 
  "AScurrent_dynamics_method": {
    "params": {}, 
    "name": "exp"
  }, 
  "AScurrent_reset_method": {
    "params": {
      "r": [
        1.0, 
        1.0
      ]
    }, 
    "name": "sum"
  }, 
  "dt_multiplier": 10, 
  "th_adapt": null, 
  "coeffs": {
    "a": 1, 
    "C": 1, 
    "b": 1, 
    "G": 1, 
    "th_inf": 0.8207408685467819, 
    "asc_amp_array": [
      1.0, 
      1.0
    ]
  }, 
  "type": "GLIF"
}