{
  "El": {
    "El_max_subth_long_square": {
      "dependencies": null,
      "value": -0.0697421951293945
    },
    "El_noise": {
      "measured": {
        "dependencies": null,
        "list": [
          -0.0697550735473633,
          -0.0694580307006836,
          -0.0711066970825195,
          -0.0691672439575195
        ],
        "mean": -0.06987176132202147
      }
    },
    "El_ramp": {
      "dependencies": null,
      "value": -0.0691892852783203
    },
    "El_suprathreshold_blip": {
      "dependencies": null,
      "value": -0.0685879669189453
    },
    "El_subthreshold_blip": {
      "dependencies": null,
      "value": -0.069390380859375
    }
  },
  "spike_cut_length": {
    "no deltaV shift": {
      "slope": 1.1017634235006968,
      "length": 74.0,
      "intercept": -0.007599065158769219,
      "dependencies": null
    }
  },
  "threshold_adaptation": {
    "b_spike_component_of_threshold": null,
    "b_voltage_comp_of_thr_from_fitab": null,
    "b_voltage_comp_of_thr_from_fitabth": null,
    "a_voltage_comp_of_thr_from_fitab": null,
    "a_spike_component_of_threshold": null,
    "a_voltage_comp_of_thr_from_fitabth": null
  },
  "th_inf": {
    "via_Vmeasure": {
      "from_zero": 0.019314464980171524,
      "dependencies": "measured from suprathreshold blip",
      "value": -0.04927350193877377
    },
    "fit_with_v_comp_of_th": {
      "from_zero": null,
      "value": null
    }
  },
  "resistance": {
    "R_test_list": {
      "list": [
        158090017.37223503,
        151541901.25206703,
        150511061.74369952,
        153954319.73389968
      ],
      "mean": 153524325.02547532
    },
    "R_fit_ASC_and_R": {
      "list": [
        175936721.6345932,
        173862268.79109797,
        157370238.68501392,
        182978812.66804087
      ],
      "mean": 172537010.44468647
    },
    "R_from_lims": {
      "value": 149531245.231628
    }
  },
  "asc": {
    "amp": [
      -1.638839777593183e-11,
      -1.2923605334767592e-09
    ],
    "k": [
      3.0,
      300.0
    ],
    "dependencies": "Cap and res from least squares"
  },
  "capacitance": {
    "C_from_lims": {
      "value": 1.911913603332991e-10
    },
    "C_test_list": {
      "list": [
        1.3815466887199764e-10,
        1.516411815766867e-10,
        1.5729699748879158e-10,
        1.4776834795735796e-10
      ],
      "mean": 1.4871529897370846e-10
    }
  },
  "MLIN": {
    "tau_from_AC": 0.04726655538157474,
    "sv_for_expsymm": 0.0002491739733861327,
    "var_of_section": 1.2417533802606635e-07
  },
  "sweep_properties": {
    "multi_short_square": {
      "sweep_num": null
    },
    "noise1": {
      "1": {
        "sweep_num": 51,
        "El": -0.0697550735473633,
        "spike_ind": [
          251822,
          254537,
          272588,
          278692,
          281083,
          298056,
          303365,
          306069,
          321619,
          451152,
          451768,
          453322,
          454435,
          455804,
          458245,
          460379,
          466863,
          468939,
          470652,
          472661,
          476160,
          477964,
          479065,
          480518,
          482671,
          484947,
          486776,
          491588,
          493460,
          495562,
          497467,
          498492,
          501182,
          502577,
          503714,
          504668,
          505837,
          508210,
          510032,
          511761,
          517141,
          519100,
          520735,
          522516,
          523524
        ]
      },
      "3": {
        "sweep_num": 55,
        "El": -0.0711066970825195,
        "spike_ind": [
          252979,
          279654,
          304046,
          451216,
          451865,
          453687,
          455555,
          460472,
          467394,
          470516,
          472741,
          476237,
          478554,
          479775,
          480926,
          485487,
          492125,
          494433,
          496561,
          498122,
          501258,
          503451,
          504677,
          505894,
          510550,
          517050,
          519444,
          522221,
          523478
        ]
      },
      "2": {
        "sweep_num": 53,
        "El": -0.0694580307006836,
        "spike_ind": [
          252172,
          254803,
          273112,
          279022,
          298067,
          303955,
          306177,
          323037,
          451172,
          451702,
          453411,
          454479,
          455824,
          459838,
          461835,
          467031,
          469477,
          471541,
          472982,
          476192,
          477687,
          479000,
          480506,
          483709,
          485615,
          492029,
          494095,
          496112,
          497667,
          501159,
          502550,
          503755,
          504733,
          505881,
          508624,
          510628,
          517049,
          519038,
          520652,
          522558
        ]
      },
      "5": {
        "sweep_num": null,
        "El": null,
        "spike_ind": null
      },
      "4": {
        "sweep_num": 57,
        "El": -0.0691672439575195,
        "spike_ind": [
          252223,
          256029,
          273510,
          279461,
          298305,
          304169,
          322979,
          451204,
          451834,
          453541,
          454761,
          455936,
          460390,
          467167,
          470334,
          472619,
          476167,
          477667,
          478987,
          480557,
          484918,
          492083,
          494088,
          495762,
          497624,
          501155,
          502645,
          503980,
          505611,
          508680,
          510698,
          517030,
          519089,
          520781,
          522616
        ]
      }
    },
    "ramp": {
      "sweep_num": [
        4,
        5,
        6
      ]
    },
    "max_subthresh_long_square": {
      "sweep_num": [
        47
      ]
    },
    "suprathreshold_short_square": {
      "R_testpulsesweep_num": [
        12
      ]
    },
    "subthreshold_short_square": {
      "sweep_num": [
        25
      ]
    }
  },
  "spike_cutting": {
    "NOdeltaV": {
      "slope": 1.1017634235006968,
      "intercept": -0.007599065158769219,
      "cut_length": 74.0,
      "dependencies": null
    }
  },
  "dt_used_for_preprocessor_calculations": 5e-05
}