{
  "model_spike_times_same_across_sweeps": {
    "n1": 1,
    "n2": 1
  },
  "run_model_spike_times_match_database": {
    "n2": true
  },
  "n2_after_opt_sanitycheck": 0.968532167733838,
  "after_opt": {
    "noise_1": 0.9686719948360081,
    "noise_2": 0.968530614937373
  },
  "before_opt": {
    "noise_1": 0.8339972883334995,
    "noise_2": 0.8359130962540556
  }
}