{
  "El": {
    "El_max_subth_long_square": {
      "dependencies": null,
      "value": -0.0655704803466797
    },
    "El_noise": {
      "measured": {
        "dependencies": null,
        "list": [
          -0.0657383041381836,
          -0.06554675292968751,
          -0.0657267227172852,
          -0.06529675292968751
        ],
        "mean": -0.06557713317871096
      }
    },
    "El_ramp": {
      "dependencies": null,
      "value": -0.0651185302734375
    },
    "El_suprathreshold_blip": {
      "dependencies": null,
      "value": -0.0658452987670898
    },
    "El_subthreshold_blip": {
      "dependencies": null,
      "value": -0.0661650924682617
    }
  },
  "spike_cut_length": {
    "no deltaV shift": {
      "slope": -0.09063409264990122,
      "length": 58.0,
      "intercept": 0.004115451699047357,
      "dependencies": null
    }
  },
  "threshold_adaptation": {
    "b_spike_component_of_threshold": null,
    "b_voltage_comp_of_thr_from_fitab": null,
    "b_voltage_comp_of_thr_from_fitabth": null,
    "a_voltage_comp_of_thr_from_fitab": null,
    "a_spike_component_of_threshold": null,
    "a_voltage_comp_of_thr_from_fitabth": null
  },
  "th_inf": {
    "via_Vmeasure": {
      "from_zero": 0.01926318354349999,
      "dependencies": "measured from suprathreshold blip",
      "value": -0.046582115223589814
    },
    "fit_with_v_comp_of_th": {
      "from_zero": null,
      "value": null
    }
  },
  "resistance": {
    "R_test_list": {
      "list": [
        315331505.65568626,
        297746338.5701864,
        291224221.4478683,
        269826174.5399392
      ],
      "mean": 293532060.05342
    },
    "R_fit_ASC_and_R": {
      "list": [
        297120703.6085569,
        290689125.00397694,
        277673973.8890189,
        262003044.84224126
      ],
      "mean": 281871711.83594847
    },
    "R_from_lims": {
      "value": 234687417.74559
    }
  },
  "asc": {
    "amp": [
      -1.7374068511120306e-12,
      -1.0129948342940328e-10
    ],
    "k": [
      3.0,
      100.0
    ],
    "dependencies": "Cap and res from least squares"
  },
  "capacitance": {
    "C_from_lims": {
      "value": 1.126556900109295e-10
    },
    "C_test_list": {
      "list": [
        6.232507378781962e-11,
        5.9793677178049e-11,
        6.283847486692045e-11,
        6.50222544147242e-11
      ],
      "mean": 6.249487006187831e-11
    }
  },
  "MLIN": {
    "tau_from_AC": 0.0071550355710277656,
    "sv_for_expsymm": 0.000564856762277335,
    "var_of_section": 6.381263237808677e-07
  },
  "sweep_properties": {
    "multi_short_square": {
      "sweep_num": null
    },
    "noise1": {
      "1": {
        "sweep_num": 41,
        "El": -0.0657383041381836,
        "spike_ind": [
          251134,
          251731,
          252986,
          253508,
          254019,
          254526,
          255160,
          255724,
          256133,
          257419,
          258127,
          259888,
          260562,
          261409,
          264901,
          266437,
          267351,
          268474,
          269209,
          270510,
          271335,
          272490,
          273105,
          274327,
          276152,
          276775,
          277984,
          278599,
          279146,
          279694,
          280433,
          280903,
          284908,
          285656,
          286477,
          295563,
          296406,
          297441,
          298078,
          299323,
          301140,
          301821,
          303458,
          304035,
          304591,
          305464,
          305912,
          307416,
          308193,
          309925,
          310708,
          311495,
          321475,
          322444,
          323109,
          324327,
          450725,
          451093,
          451374,
          451726,
          452122,
          452534,
          452934,
          453299,
          453624,
          453956,
          454299,
          454607,
          455065,
          455411,
          455729,
          455999,
          456350,
          456864,
          457298,
          457675,
          458089,
          458547,
          459132,
          459509,
          459882,
          460307,
          460692,
          461247,
          461617,
          462012,
          462588,
          463111,
          464842,
          465657,
          466287,
          466796,
          467258,
          467806,
          468224,
          468783,
          469158,
          469605,
          470101,
          470490,
          471031,
          471400,
          471878,
          472380,
          472717,
          473088,
          473437,
          474153,
          475578,
          476017,
          476320,
          476728,
          477165,
          477613,
          477997,
          478404,
          478745,
          479100,
          479440,
          479744,
          480170,
          480518,
          480827,
          481119,
          481952,
          482368,
          482990,
          483546,
          484165,
          484768,
          485262,
          485683,
          486267,
          486696,
          487581,
          489866,
          490704,
          491343,
          491887,
          492345,
          492907,
          493422,
          493940,
          494435,
          495069,
          495490,
          496049,
          496446,
          497166,
          497548,
          497975,
          498358,
          499220,
          500593,
          501040,
          501362,
          501762,
          502211,
          502704,
          503127,
          503508,
          503923,
          504324,
          504658,
          505141,
          505520,
          505827,
          506124,
          507394,
          508003,
          508575,
          509198,
          509780,
          510313,
          510737,
          511294,
          511739,
          514978,
          515707,
          516366,
          516903,
          517369,
          517968,
          518451,
          518953,
          519443,
          520077,
          520509,
          521052,
          521433,
          522132,
          522532,
          522954,
          523325,
          524258
        ]
      },
      "3": {
        "sweep_num": 45,
        "El": -0.0657267227172852,