{
  "model_spike_times_same_across_sweeps": {
    "n1": 1,
    "n2": 1
  },
  "run_model_spike_times_match_database": {
    "n2": true
  },
  "n2_after_opt_sanitycheck": 0.35560335354278055,
  "after_opt": {
    "noise_1": 0.3394330819650204,
    "noise_2": 0.355648243062744
  },
  "before_opt": {
    "noise_1": 0.45681967269860435,
    "noise_2": 0.4416268806947323
  }
}