{
  "model_spike_times_same_across_sweeps": {
    "n1": 1,
    "n2": 1
  },
  "run_model_spike_times_match_database": {
    "n2": true
  },
  "n2_after_opt_sanitycheck": 0.5422501218956262,
  "after_opt": {
    "noise_1": 0.6317657352760662,
    "noise_2": 0.542198355077891
  },
  "before_opt": {
    "noise_1": 0.3479416155854685,
    "noise_2": 0.3338869778886572
  }
}