{
  "noise1": {
    "RSS_of_voltage_diff": 7.640058599857513,
    "var_of_voltage_difference": 1.322244091208174e-06,
    "var_of_voltage_data": 7.339138468753611e-05,
    "num_data_points_wo_spike_shape": 5595012
  },
  "noise2": {
    "RSS_of_voltage_diff": 9.043520628695404,
    "var_of_voltage_difference": 1.497724015110331e-06,
    "var_of_voltage_data": 7.306421450674713e-05,
    "num_data_points_wo_spike_shape": 5594844
  }
}