{
  "model_spike_times_same_across_sweeps": {
    "n1": 1,
    "n2": 1
  },
  "run_model_spike_times_match_database": {
    "n2": true
  },
  "n2_after_opt_sanitycheck": 0.6870178011052016,
  "after_opt": {
    "noise_1": 0.5214321094445089,
    "noise_2": 0.687101232909595
  },
  "before_opt": {
    "noise_1": 0.5709378971075058,
    "noise_2": 0.47585688700345447
  }
}