{
  "model_spike_times_same_across_sweeps": {
    "n1": 1,
    "n2": 1
  },
  "run_model_spike_times_match_database": {
    "n2": true
  },
  "n2_after_opt_sanitycheck": 0.5730810790761447,
  "after_opt": {
    "noise_1": 0.6500512538212649,
    "noise_2": 0.573098250755272
  },
  "before_opt": {
    "noise_1": 0.6469865053635394,
    "noise_2": 0.5751592764075073
  }
}