{
  "model_spike_times_same_across_sweeps": {
    "n1": 1,
    "n2": 1
  },
  "run_model_spike_times_match_database": {
    "n2": true
  },
  "n2_after_opt_sanitycheck": 0.5693232378598772,
  "after_opt": {
    "noise_1": 0.6533194292294934,
    "noise_2": 0.569304970265785
  },
  "before_opt": {
    "noise_1": 0.712686227631576,
    "noise_2": 0.5219314993431984
  }
}