{
  "noise1": {
    "RSS_of_voltage_diff": 228.26107367392706,
    "var_of_voltage_difference": 1.3809334371144147e-05,
    "var_of_voltage_data": 0.0001940515709547997,
    "num_data_points_wo_spike_shape": 15004231
  },
  "noise2": {
    "RSS_of_voltage_diff": 274.2715548701953,
    "var_of_voltage_difference": 2.242817236315217e-05,
    "var_of_voltage_data": 0.0001893233277150286,
    "num_data_points_wo_spike_shape": 10000694
  }
}