{
  "noise1": {
    "RSS_of_voltage_diff": 568.1123582314488,
    "var_of_voltage_difference": 3.536748332815524e-05,
    "var_of_voltage_data": 0.0001940515709547997,
    "num_data_points_wo_spike_shape": 15004231
  },
  "noise2": {
    "RSS_of_voltage_diff": 372.5559664261844,
    "var_of_voltage_difference": 3.617372259045673e-05,
    "var_of_voltage_data": 0.0001893233277150286,
    "num_data_points_wo_spike_shape": 10000694
  }
}