{
  "El": {
    "El_max_subth_long_square": {
      "dependencies": null, 
      "value": -0.0745778884887695
    }, 
    "El_noise": {
      "measured": {
        "dependencies": null, 
        "list": [
          -0.0744707336425781, 
          -0.07415365600585941, 
          -0.074499885559082
        ], 
        "mean": -0.074374758402506499
      }
    }, 
    "El_ramp": {
      "dependencies": null, 
      "value": -0.0740099716186523
    }, 
    "El_suprathreshold_blip": {
      "dependencies": null, 
      "value": -0.074323371887207
    }, 
    "El_subthreshold_blip": {
      "dependencies": null, 
      "value": -0.0742445068359375
    }
  }, 
  "spike_cut_length": {
    "no deltaV shift": {
      "slope": 0.48372223521916879, 
      "length": 58.0, 
      "intercept": 0.0063557659483908166, 
      "dependencies": null
    }
  }, 
  "threshold_adaptation": {
    "b_spike_component_of_threshold": 15.543550857001119, 
    "b_voltage_comp_of_thr_from_fitab": 124.56359880012016, 
    "b_voltage_comp_of_thr_from_fitabth": 786.84859052266415, 
    "a_voltage_comp_of_thr_from_fitab": 57.680625338915448, 
    "a_spike_component_of_threshold": 0.0011469183022620832, 
    "a_voltage_comp_of_thr_from_fitabth": 861.63250080980356
  }, 
  "th_inf": {
    "via_Vmeasure": {
      "from_zero": 0.023314057671679031, 
      "dependencies": "measured from suprathreshold blip", 
      "value": -0.051009314215527971
    }, 
    "fit_with_v_comp_of_th": {
      "from_zero": -0.0022610789784025948, 
      "value": -0.076635837380909094
    }
  }, 
  "resistance": {
    "R_test_list": {
      "list": [
        126441365.47632696, 
        125807844.02801965, 
        134071257.66400231
      ], 
      "mean": 128773489.0561163
    }, 
    "R_fit_ASC_and_R": {
      "list": [
        112167860.21212368, 
        113878893.74306028, 
        117757259.67125098
      ], 
      "mean": 114601337.87547831
    }, 
    "R_from_lims": {
      "value": 113906323.90976
    }
  }, 
  "asc": {
    "amp": [
      -2.989882068029423e-11, 
      4.606593473848508e-11
    ], 
    "k": [
      3.0, 
      29.999999999999996
    ], 
    "dependencies": "Cap and res from least squares"
  }, 
  "capacitance": {
    "C_from_lims": {
      "value": 1.362021727171828e-10
    }, 
    "C_test_list": {
      "list": [
        1.052579363214401e-10, 
        1.0264634652634433e-10, 
        1.01560773373104e-10
      ], 
      "mean": 1.0315501874029615e-10
    }
  }, 
  "MLIN": {
    "tau_from_AC": 0.0094628453191193326, 
    "sv_for_expsymm": 0.00031502571120094224, 
    "var_of_section": 1.9848239743531898e-07
  }, 
  "sweep_properties": {
    "multi_short_square": {
      "sweep_num": [
        68, 
        69, 
        70, 
        71, 
        72, 
        73, 
        74, 
        75, 
        76, 
        77, 
        78, 
        79, 
        80, 
        81, 
        82, 
        83, 
        84, 
        85, 
        86, 
        87, 
        88, 
        89, 
        90, 
        91
      ]
    }, 
    "noise1": {
      "1": {
        "sweep_num": 52, 
        "El": -0.0744707336425781, 
        "spike_ind": [
          200876, 
          201019, 
          220907, 
          240897, 
          360595, 
          360745, 
          360875, 
          360979, 
          364126, 
          364329, 
          364536, 
          364678, 
          364824, 
          365927, 
          367890, 
          369038, 
          371885, 
          372596, 
          373095, 
          375212, 
          377987, 
          378170, 
          378456, 
          379405, 
          380496, 
          380760, 
          380913, 
          381066, 
          385907, 
          389066, 
          391897, 
          392614, 
          393113, 
          399406, 
          400496, 
          400779, 
          400929, 
          402399, 
          405908, 
          407906, 
          409071, 
          411890, 
          412620, 
          413113, 
          417983, 
          419413
        ]
      }, 
      "3": {
        "sweep_num": 56, 
        "El": -0.074499885559082, 
        "spike_ind": [
          200811, 
          200983, 
          220899, 
          240895, 
          360591, 
          360731, 
          360861, 
          360967, 
          361345, 
          362345, 
          362578, 
          362739, 
          362900, 
          363143, 
          366419, 
          367895, 
          368285, 
          369065, 
          371894, 
          372607, 
          373084, 
          375119, 
          379410, 
          380477, 
          380720, 
          380887, 
          381023, 
          382355, 
          386429, 
          389044, 
          391903, 
          392616, 
          393092, 
          397969, 
          399422, 
          400490, 
          400735, 
          400900, 
          401045, 
          402402, 
          405927, 
          407396, 
          407880, 
          411891, 
          412596, 
          413112, 
          419408
        ]
      }, 
      "2": {
        "sweep_num": 54, 
        "El": -0.07415365600585941, 
        "spike_ind": [
          200864, 
          201002, 
          220898, 
          240909, 
          360596, 
          360746, 
          360883, 
          360988, 
          361359, 
          362349, 
          364114, 
          364344, 
          364560, 
          364691, 
          364836, 
          371873, 
          372649, 
          373100, 
          377073, 
          379418, 
          380491, 
          380739, 
          380905, 
          381054, 
          382396, 
          389054, 
          391877, 
          392622, 
          393105, 
          397108, 
          397980, 
          399418, 
          400499, 
          400752, 
          400913, 
          401075, 
          409103, 
          411901, 
          412636, 
          413105, 
          419411
        ]
      }, 
      "5": {
        "sweep_num": null, 
        "El": null, 
        "spike_ind": null
      }, 
      "4": {
        "sweep_num": null, 
        "El": null, 
        "spike_ind": null
      }
    }, 
    "ramp": {
      "sweep_num": [
        4, 
        6
      ]
    }, 
    "max_subthresh_long_square": {
      "sweep_num": [
        50
      ]
    }, 
    "suprathreshold_short_square": {
      "R_testpulsesweep_num": [
        16, 
        18, 
        20, 
        21, 
        22
      ]
    }, 
    "subthreshold_short_square": {
      "sweep_num": [
        17
      ]
    }
  }, 
  "spike_cutting": {
    "NOdeltaV": {
      "slope": 0.48372223521916879, 
      "intercept": 0.0063557659483908166, 
      "cut_length": 58.0, 
      "dependencies": null
    }
  }, 
  "dt_used_for_preprocessor_calculations": 5e-05
}