{
  "noise1": {
    "RSS_of_voltage_diff": 549.0131921196305,
    "var_of_voltage_difference": 3.210838200327737e-05,
    "var_of_voltage_data": 0.0001940515709547997,
    "num_data_points_wo_spike_shape": 15004231
  },
  "noise2": {
    "RSS_of_voltage_diff": 343.56252799262717,
    "var_of_voltage_difference": 3.118902195502701e-05,
    "var_of_voltage_data": 0.0001893233277150286,
    "num_data_points_wo_spike_shape": 10000694
  }
}