{
  "model_spike_times_same_across_sweeps": {
    "n1": 1,
    "n2": 1
  },
  "run_model_spike_times_match_database": {
    "n2": true
  },
  "n2_after_opt_sanitycheck": 0.5763717053685656,
  "after_opt": {
    "noise_1": 0.3736018479967893,
    "noise_2": 0.57635141510268
  },
  "before_opt": {
    "noise_1": 0.41368508900615164,
    "noise_2": 0.5660068670741133
  }
}