{
  "n2_after_opt_sanitycheck": 0.0,
  "after_opt": {
    "noise_1": 0.362169551160124,
    "noise_2": 0.791514554317721
  },
  "before_opt": {
    "noise_1": 0.20134983974506035,
    "noise_2": 0.8847358954706058
  }
}