{
  "model_spike_times_same_across_sweeps": {
    "n1": 1,
    "n2": 1
  },
  "run_model_spike_times_match_database": {
    "n2": true
  },
  "n2_after_opt_sanitycheck": 0.460542061245379,
  "after_opt": {
    "noise_1": 0.4414934618263797,
    "noise_2": 0.460552329839684
  },
  "before_opt": {
    "noise_1": 0.3408816966810479,
    "noise_2": 0.33475451386758476
  }
}