{
  "model_spike_times_same_across_sweeps": {
    "n1": 1,
    "n2": 1
  },
  "run_model_spike_times_match_database": {
    "n2": true
  },
  "n2_after_opt_sanitycheck": 0.8871689323551876,
  "after_opt": {
    "noise_1": 0.9056127244510677,
    "noise_2": 0.887161035873309
  },
  "before_opt": {
    "noise_1": 0.928086941902757,
    "noise_2": 0.9004024748327315
  }
}