{
  "model_spike_times_same_across_sweeps": {
    "n1": 1,
    "n2": 1
  },
  "run_model_spike_times_match_database": {
    "n2": true
  },
  "n2_after_opt_sanitycheck": 0.9694896671443789,
  "after_opt": {
    "noise_1": 0.967980205869726,
    "noise_2": 0.969488104391449
  },
  "before_opt": {
    "noise_1": 0.9920457676377695,
    "noise_2": 0.9925409599012909
  }
}