{
  "El": {
    "El_max_subth_long_square": {
      "dependencies": null, 
      "value": -0.0774519119262695
    }, 
    "El_noise": {
      "measured": {
        "dependencies": null, 
        "list": [
          -0.0780542297363281, 
          -0.0775057907104492, 
          -0.0774198760986328, 
          -0.07743144226074221
        ], 
        "mean": -0.077602834701538073
      }
    }, 
    "El_ramp": {
      "dependencies": null, 
      "value": null
    }, 
    "El_suprathreshold_blip": {
      "dependencies": null, 
      "value": -0.07801010894775391
    }, 
    "El_subthreshold_blip": {
      "dependencies": null, 
      "value": -0.07815247344970701
    }
  }, 
  "spike_cut_length": {
    "no deltaV shift": {
      "slope": 0.43597010599346453, 
      "length": 49.0, 
      "intercept": 0.0072483962809336798, 
      "dependencies": null
    }
  }, 
  "threshold_adaptation": {
    "b_spike_component_of_threshold": 2530.3747157398466, 
    "b_voltage_comp_of_thr_from_fitab": 275.55050928591697, 
    "b_voltage_comp_of_thr_from_fitabth": 514.16189955862524, 
    "a_voltage_comp_of_thr_from_fitab": 91.670742442476438, 
    "a_spike_component_of_threshold": 14.749749121588749, 
    "a_voltage_comp_of_thr_from_fitabth": 1469.9172758055001
  }, 
  "th_inf": {
    "via_Vmeasure": {
      "from_zero": 0.030447028195198747, 
      "dependencies": "measured from suprathreshold blip", 
      "value": -0.047563080752555165
    }, 
    "fit_with_v_comp_of_th": {
      "from_zero": -0.068013042237346374, 
      "value": -0.14561587693888445
    }
  }, 
  "resistance": {
    "R_test_list": {
      "list": [
        191898335.16666234, 
        196668002.73187143, 
        195413223.5969927, 
        193348494.59034944
      ], 
      "mean": 194332014.02146897
    }, 
    "R_fit_ASC_and_R": {
      "list": [
        155879750.87166286, 
        154982678.33996558, 
        160510485.40223068, 
        154387379.35947752
      ], 
      "mean": 156440073.49333417
    }, 
    "R_from_lims": {
      "value": 155156329.274178
    }
  }, 
  "asc": {
    "amp": [
      -1.4650235783641576e-11, 
      2.3984073328921265e-11
    ], 
    "k": [
      3.0, 
      29.999999999999996
    ], 
    "dependencies": "Cap and res from least squares"
  }, 
  "capacitance": {
    "C_from_lims": {
      "value": 5.36020176160686e-11
    }, 
    "C_test_list": {
      "list": [
        4.9328758984991887e-11, 
        4.9239353381972288e-11, 
        4.9190115765913776e-11, 
        4.8395164409689376e-11
      ], 
      "mean": 4.9038348135641835e-11
    }
  }, 
  "MLIN": {
    "tau_from_AC": 0.0031637567379076514, 
    "sv_for_expsymm": 0.00020487320099359511, 
    "var_of_section": 8.3946056970724051e-08
  }, 
  "sweep_properties": {
    "multi_short_square": {
      "sweep_num": [
        109, 
        110, 
        111, 
        112, 
        113, 
        114, 
        115, 
        116, 
        117, 
        118, 
        119, 
        120, 
        121, 
        122, 
        123, 
        124, 
        125, 
        126, 
        127, 
        128, 
        129, 
        130, 
        131, 
        132
      ]
    }, 
    "noise1": {
      "1": {
        "sweep_num": 58, 
        "El": -0.0780542297363281, 
        "spike_ind": [
          200735, 
          200922, 
          219451, 
          225949, 
          229087, 
          233195, 
          239438, 
          251931, 
          253151, 
          257990, 
          259448, 
          360527, 
          360659, 
          360788, 
          360895, 
          360992, 
          361096, 
          361295, 
          361430, 
          362360, 
          364111, 
          364338, 
          366412, 
          372588, 
          380465, 
          380692, 
          380849, 
          380954, 
          381079, 
          381307, 
          381469, 
          386402, 
          389014, 
          400466
        ]
      }, 
      "3": {
        "sweep_num": 62, 
        "El": -0.0774198760986328, 
        "spike_ind": [
          200714, 
          200896, 
          201045, 
          209124, 
          219466, 
          239443, 
          249084, 
          251970, 
          253199, 
          259444, 
          360522, 
          360659, 
          360782, 
          360880, 
          360965, 
          361072, 
          361312, 
          361453, 
          362343, 
          364108, 
          364311, 
          364442, 
          364566, 
          364674, 
          364779, 
          364889, 
          365085, 
          369027, 
          372574, 
          380479, 
          380695, 
          380851, 
          380958, 
          381082, 
          381297, 
          381435, 
          382335, 
          392585, 
          400473, 
          400690, 
          400852, 
          400970, 
          412571
        ]
      }, 
      "2": {
        "sweep_num": 60, 
        "El": -0.0775057907104492, 
        "spike_ind": [
          200726, 
          200912, 
          201074, 
          219447, 
          222437, 
          233169, 
          239457, 
          240535, 
          240850, 
          241010, 
          242425, 
          253188, 
          259432, 
          360524, 
          360660, 
          360781, 
          360882, 
          360974, 
          361082, 
          361283, 
          361401, 
          361551, 
          361713, 
          361867, 
          362063, 
          362313, 
          362486, 
          362667, 
          362810, 
          362930, 
          363131, 
          363281, 
          363460, 
          363595, 
          363738, 
          364101, 
          364328, 
          366404, 
          366584, 
          366874, 
          369023, 
          370052, 
          370415, 
          370676, 
          380466, 
          380672, 
          380831, 
          380939, 
          381051, 
          381304, 
          400478
        ]
      }, 
      "5": {
        "sweep_num": null, 
        "El": null, 
        "spike_ind": null
      }, 
      "4": {
        "sweep_num": 64, 
        "El": -0.07743144226074221, 
        "spike_ind": [
          200722, 
          200902, 
          201054, 
          201405, 
          219454, 
          239469, 
          259454, 
          360527, 
          360655, 
          360767, 
          360875, 
          360959, 
          361046, 
          362351, 
          366394, 
          366562, 
          369012, 
          369190, 
          369390, 
          380482, 
          386391, 
          400480
        ]
      }
    }, 
    "ramp": {
      "sweep_num": null
    }, 
    "max_subthresh_long_square": {
      "sweep_num": [
        45
      ]
    }, 
    "suprathreshold_short_square": {
      "R_testpulsesweep_num": [
        12
      ]
    }, 
    "subthreshold_short_square": {
      "sweep_num": [
        11
      ]
    }
  }, 
  "spike_cutting": {
    "NOdeltaV": {
      "slope": 0.43597010599346453, 
      "intercept": 0.0072483962809336798, 
      "cut_length": 49.0, 
      "dependencies": null
    }
  }, 
  "dt_used_for_preprocessor_calculations": 5e-05
}