{
  "model_spike_times_same_across_sweeps": {
    "n1": 1,
    "n2": 1
  },
  "run_model_spike_times_match_database": {
    "n2": true
  },
  "n2_after_opt_sanitycheck": 0.6938660808494934,
  "after_opt": {
    "noise_1": 0.780668606028832,
    "noise_2": 0.693872147312639
  },
  "before_opt": {
    "noise_1": 0.6930989023041482,
    "noise_2": 0.6669985795199131
  }
}