{
  "model_spike_times_same_across_sweeps": {
    "n1": 1,
    "n2": 1
  },
  "run_model_spike_times_match_database": {
    "n2": true
  },
  "n2_after_opt_sanitycheck": 0.7240950642125581,
  "after_opt": {
    "noise_1": 0.7992889215284037,
    "noise_2": 0.724095396455242
  },
  "before_opt": {
    "noise_1": 0.6758481565952176,
    "noise_2": 0.6380755420946331
  }
}