{
  "model_spike_times_same_across_sweeps": {
    "n1": 1,
    "n2": 1
  },
  "run_model_spike_times_match_database": {
    "n2": true
  },
  "n2_after_opt_sanitycheck": 0.5142241568084036,
  "after_opt": {
    "noise_1": 0.7103544327668546,
    "noise_2": 0.514232497458085
  },
  "before_opt": {
    "noise_1": 0.6338411290024244,
    "noise_2": 0.6146412715503122
  }
}