{
  "El": {
    "El_max_subth_long_square": {
      "dependencies": null, 
      "value": -0.08060731506347661
    }, 
    "El_noise": {
      "measured": {
        "dependencies": null, 
        "list": [
          -0.0792101516723633, 
          -0.08064804840087891, 
          -0.07990883636474609
        ], 
        "mean": -0.079922345479329429
      }
    }, 
    "El_ramp": {
      "dependencies": null, 
      "value": -0.0804303894042969
    }, 
    "El_suprathreshold_blip": {
      "dependencies": null, 
      "value": -0.0805542373657227
    }, 
    "El_subthreshold_blip": {
      "dependencies": null, 
      "value": -0.0805744476318359
    }
  }, 
  "spike_cut_length": {
    "no deltaV shift": {
      "slope": 0.12967403072652536, 
      "length": 55.0, 
      "intercept": 0.023201282275151225, 
      "dependencies": null
    }
  }, 
  "threshold_adaptation": {
    "b_spike_component_of_threshold": null, 
    "b_voltage_comp_of_thr_from_fitab": null, 
    "b_voltage_comp_of_thr_from_fitabth": null, 
    "a_voltage_comp_of_thr_from_fitab": null, 
    "a_spike_component_of_threshold": null, 
    "a_voltage_comp_of_thr_from_fitabth": null
  }, 
  "th_inf": {
    "via_Vmeasure": {
      "from_zero": 0.027937068679873632, 
      "dependencies": "measured from suprathreshold blip", 
      "value": -0.052617168685849071
    }, 
    "fit_with_v_comp_of_th": {
      "from_zero": null, 
      "value": null
    }
  }, 
  "resistance": {
    "R_test_list": {
      "list": [
        117501822.99982026, 
        106337080.94981204, 
        103808260.65879637
      ], 
      "mean": 109215721.53614289
    }, 
    "R_fit_ASC_and_R": {
      "list": [
        130641746.78863733, 
        106454385.64145401, 
        105923525.55785316
      ], 
      "mean": 114339885.9959815
    }, 
    "R_from_lims": {
      "value": 148437306.284904
    }
  }, 
  "asc": {
    "amp": [
      -9.30527746886943e-12, 
      -2.0369005590740378e-10
    ], 
    "k": [
      3.0, 
      100.0
    ], 
    "dependencies": "Cap and res from least squares"
  }, 
  "capacitance": {
    "C_from_lims": {
      "value": 1.0480987153656405e-10
    }, 
    "C_test_list": {
      "list": [
        9.7420031447795746e-11, 
        9.2848478122796676e-11, 
        9.4544250052627093e-11
      ], 
      "mean": 9.4937586541073172e-11
    }
  }, 
  "MLIN": {
    "tau_from_AC": 0.033943887668759519, 
    "sv_for_expsymm": 0.00063966757276860719, 
    "var_of_section": 8.1834920730336268e-07
  }, 
  "sweep_properties": {
    "multi_short_square": {
      "sweep_num": null
    }, 
    "noise1": {
      "1": {
        "sweep_num": 67, 
        "El": -0.0792101516723633, 
        "spike_ind": [
          200905, 
          201441, 
          202829, 
          203675, 
          204646, 
          217236, 
          218524, 
          220938, 
          222969, 
          223792, 
          224682, 
          238497, 
          240968, 
          242948, 
          243791, 
          244680, 
          258729, 
          360673, 
          360768, 
          360953, 
          361362, 
          361813, 
          362365, 
          362760, 
          363174, 
          363557, 
          364159, 
          364583, 
          365888, 
          366540, 
          367582, 
          367967, 
          368535, 
          369150, 
          371922, 
          373155, 
          373888, 
          374757, 
          375301, 
          376349, 
          377082, 
          377949, 
          378475, 
          379484, 
          380723, 
          381014, 
          381562, 
          382387, 
          382892, 
          383491, 
          384347, 
          384699, 
          385912, 
          386629, 
          387876, 
          388548, 
          389270, 
          393160, 
          393908, 
          394774, 
          395318, 
          396399, 
          397103, 
          397967, 
          398513, 
          400760, 
          401490, 
          402400, 
          402902, 
          403532, 
          404370, 
          404704, 
          405947, 
          407624, 
          408472, 
          409309, 
          413172, 
          414807, 
          416403, 
          417144, 
          417991, 
          418543
        ]
      }, 
      "3": {
        "sweep_num": 71, 
        "El": -0.07990883636474609, 
        "spike_ind": [
          200970, 
          202949, 
          203769, 
          204665, 
          218760, 
          220997, 
          223798, 
          224700, 
          241019, 
          244785, 
          360689, 
          360854, 
          361341, 
          361817, 
          362376, 
          362841, 
          363235, 
          363638, 
          364326, 
          364653, 
          365900, 
          367877, 
          368532, 
          369192, 
          373157, 
          373935, 
          375210, 
          376361, 
          377110, 
          377972, 
          378576, 
          380818, 
          381494, 
          382531, 
          383178, 
          383639, 
          384405, 
          384740, 
          385930, 
          387895, 
          389423, 
          395246, 
          396396, 
          397277, 
          398032, 
          398627, 
          400873, 
          402782, 
          403525, 
          404403, 
          404770, 
          407929, 
          409460, 
          416424, 
          417238, 
          418076, 
          418725
        ]
      }, 
      "2": {
        "sweep_num": 69, 
        "El": -0.08064804840087891, 
        "spike_ind": [
          201013, 
          202951, 
          203813, 
          204827, 
          221057, 
          223780, 
          224717, 
          241071, 
          244725, 
          360717, 
          360894, 
          361343, 
          361907, 
          362522, 
          362912, 
          363486, 
          364363, 
          364703, 
          365921, 
          367639, 
          368356, 
          369230, 
          373194, 
          373927, 
          375192, 
          376374, 
          377084, 
          377968, 
          378528, 
          380822, 
          382521, 
          382948, 
          383509, 
          384363, 
          384705, 
          385922, 
          387956, 
          389217, 
          395265, 
          396415, 
          397243, 
          398130, 
          398743, 
          400855, 
          402729, 
          403268, 
          403754, 
          404438, 
          404804, 
          407942, 
          409252, 
          415259, 
          416425, 
          417250, 
          418047, 
          418688
        ]
      }, 
      "5": {
        "sweep_num": null, 
        "El": null, 
        "spike_ind": null
      }, 
      "4": {
        "sweep_num": null, 
        "El": null, 
        "spike_ind": null
      }
    }, 
    "ramp": {
      "sweep_num": [
        5, 
        6
      ]
    }, 
    "max_subthresh_long_square": {
      "sweep_num": [
        63
      ]
    }, 
    "suprathreshold_short_square": {
      "R_testpulsesweep_num": [
        32
      ]
    }, 
    "subthreshold_short_square": {
      "sweep_num": [
        30, 
        33
      ]
    }
  }, 
  "spike_cutting": {
    "NOdeltaV": {
      "slope": 0.12967403072652536, 
      "intercept": 0.023201282275151225, 
      "cut_length": 55.0, 
      "dependencies": null
    }
  }, 
  "dt_used_for_preprocessor_calculations": 5e-05
}