{
  "noise1": {
    "RSS_of_voltage_diff": 85.68866144986701,
    "var_of_voltage_difference": 1.2231847626964866e-05,
    "var_of_voltage_data": 0.00013916228572099352,
    "num_data_points_wo_spike_shape": 5566764
  },
  "noise2": {
    "RSS_of_voltage_diff": 93.43938976424596,
    "var_of_voltage_difference": 1.3725654909412022e-05,
    "var_of_voltage_data": 0.00014197043600804894,
    "num_data_points_wo_spike_shape": 5566503
  }
}