{
  "model_spike_times_same_across_sweeps": {
    "n1": 1,
    "n2": 1
  },
  "run_model_spike_times_match_database": {
    "n2": true
  },
  "n2_after_opt_sanitycheck": 0.8327067612590983,
  "after_opt": {
    "noise_1": 0.8009100976137107,
    "noise_2": 0.832670013407716
  },
  "before_opt": {
    "noise_1": 0.7746807433773221,
    "noise_2": 0.8022897093238488
  }
}