{
  "El_reference": -0.07391246223449707,
  "C": 6.01101826786925e-11,
  "asc_amp_array": [
    -1.1914035454709803e-10,
    -1.094377426823383e-10
  ],
  "init_threshold": 0.0361406098663786,
  "threshold_reset_method": {
    "params": {
      "a_spike": 0.0007109450503617439,
      "b_spike": 13.154411753052837
    },
    "name": "three_components"
  },
  "th_inf": 0.0361406098663786,
  "spike_cut_length": 87,
  "init_AScurrents": [
    0.0,
    0.0
  ],
  "init_voltage": 0.0,
  "threshold_dynamics_method": {
    "params": {
      "b_voltage": 45.21101661367443,
      "a_spike": 0.0007109450503617439,
      "b_spike": 13.154411753052837,
      "a_voltage": 4.130847370703058
    },
    "name": "three_components_exact"
  },
  "voltage_reset_method": {
    "params": {
      "a": 1.134999694301024,
      "b": -0.016518582208045966
    },
    "name": "v_before"
  },
  "extrapolation_method_name": "endpoints",
  "dt": 5e-05,
  "voltage_dynamics_method": {
    "params": {},
    "name": "linear_forward_euler"
  },
  "El": 0.0,
  "asc_tau_array": [
    0.03333333333333334,
    0.0033333333333333335
  ],
  "R_input": 231744510.60834798,
  "AScurrent_dynamics_method": {
    "params": {},
    "name": "exp"
  },
  "AScurrent_reset_method": {
    "params": {
      "r": [
        1.0,
        1.0
      ]
    },
    "name": "sum"
  },
  "dt_multiplier": 10,
  "th_adapt": null,
  "coeffs": {
    "a": 1,
    "C": 1,
    "b": 1,
    "G": 1,
    "th_inf": 0.8907178658744053,
    "asc_amp_array": [
      1.0,
      1.0
    ]
  },
  "type": "GLIF"
}