{
  "El": {
    "El_max_subth_long_square": {
      "dependencies": null, 
      "value": -0.0756010894775391
    }, 
    "El_noise": {
      "measured": {
        "dependencies": null, 
        "list": [
          -0.07568267822265619, 
          -0.07705715179443359, 
          -0.0769070510864258, 
          -0.07681637573242191
        ], 
        "mean": -0.076615814208984376
      }
    }, 
    "El_ramp": {
      "dependencies": null, 
      "value": -0.0767282104492188
    }, 
    "El_suprathreshold_blip": {
      "dependencies": null, 
      "value": -0.0738490829467773
    }, 
    "El_subthreshold_blip": {
      "dependencies": null, 
      "value": -0.0783948593139648
    }
  }, 
  "spike_cut_length": {
    "no deltaV shift": {
      "slope": 0.47436175039659911, 
      "length": 125.0, 
      "intercept": 0.009377154479570441, 
      "dependencies": null
    }
  }, 
  "threshold_adaptation": {
    "b_spike_component_of_threshold": 518.79292290746685, 
    "b_voltage_comp_of_thr_from_fitab": 19.957647472162904, 
    "b_voltage_comp_of_thr_from_fitabth": 90.601380389132828, 
    "a_voltage_comp_of_thr_from_fitab": 2.0008210559849919, 
    "a_spike_component_of_threshold": 0.000878910769838541, 
    "a_voltage_comp_of_thr_from_fitabth": 40.05800587628292
  }, 
  "th_inf": {
    "via_Vmeasure": {
      "from_zero": 0.037177042244677189, 
      "dependencies": "measured from suprathreshold blip", 
      "value": -0.036672040702100117
    }, 
    "fit_with_v_comp_of_th": {
      "from_zero": 0.027351501449381463, 
      "value": -0.049264312759602913
    }
  }, 
  "resistance": {
    "R_test_list": {
      "list": [
        431635534.20635283, 
        339609144.61526012, 
        333276167.84694839, 
        308933938.31709403
      ], 
      "mean": 353363696.24641389
    }, 
    "R_fit_ASC_and_R": {
      "list": [
        572825994.9039731, 
        383151327.73122054, 
        357402908.0625399, 
        329403848.94305277
      ], 
      "mean": 410696019.91019654
    }, 
    "R_from_lims": {
      "value": 199375003.57627898
    }
  }, 
  "asc": {
    "amp": [
      -3.836987741907288e-12, 
      -1.536044661959355e-10
    ], 
    "k": [
      3.0, 
      100.0
    ], 
    "dependencies": "Cap and res from least squares"
  }, 
  "capacitance": {
    "C_from_lims": {
      "value": 1.416992248952027e-10
    }, 
    "C_test_list": {
      "list": [
        9.865008969410396e-11, 
        8.9099347317085961e-11, 
        9.1262488494951551e-11, 
        8.8380818304906402e-11
      ], 
      "mean": 9.1848185952761962e-11
    }
  }, 
  "MLIN": {
    "tau_from_AC": 0.029956378924093818, 
    "sv_for_expsymm": 0.0008522924547106006, 
    "var_of_section": 1.4528048567132425e-06
  }, 
  "sweep_properties": {
    "multi_short_square": {
      "sweep_num": [
        81, 
        82, 
        83, 
        84, 
        85, 
        87, 
        88, 
        89, 
        90, 
        91, 
        92, 
        93, 
        94, 
        95, 
        96, 
        97, 
        98, 
        99, 
        100, 
        101, 
        102, 
        103, 
        104
      ]
    }, 
    "noise1": {
      "1": {
        "sweep_num": 55, 
        "El": -0.07568267822265619, 
        "spike_ind": [
          202933, 
          204390, 
          209530, 
          216149, 
          218612, 
          222465, 
          224647, 
          237205, 
          242049, 
          244344, 
          249385, 
          257295, 
          361497, 
          362367, 
          363206, 
          364147, 
          364886, 
          366569, 
          368256, 
          369658, 
          373446, 
          375191, 
          377265, 
          378563, 
          381061, 
          382137, 
          383281, 
          384523, 
          386890, 
          389129, 
          395586, 
          397844, 
          401472, 
          403105, 
          404441, 
          409292, 
          416555, 
          418566
        ]
      }, 
      "3": {
        "sweep_num": 59, 
        "El": -0.0769070510864258, 
        "spike_ind": [
          205470, 
          361770, 
          362849, 
          363871, 
          364832, 
          368384, 
          376984, 
          378802, 
          381981, 
          383334, 
          384773, 
          397257, 
          398781, 
          401960, 
          403720, 
          418727
        ]
      }, 
      "2": {
        "sweep_num": 57, 
        "El": -0.07705715179443359, 
        "spike_ind": [
          205181, 
          361989, 
          362967, 
          363900, 
          364862, 
          368227, 
          375627, 
          378270, 
          381800, 
          383502, 
          384872, 
          396614, 
          398560, 
          401583, 
          403275, 
          404760, 
          409644, 
          418808
        ]
      }, 
      "5": {
        "sweep_num": null, 
        "El": null, 
        "spike_ind": null
      }, 
      "4": {
        "sweep_num": 61, 
        "El": -0.07681637573242191, 
        "spike_ind": [
          362194, 
          363117, 
          364588, 
          377492, 
          381544, 
          383262, 
          384889, 
          397794, 
          403387
        ]
      }
    }, 
    "ramp": {
      "sweep_num": [
        4, 
        6
      ]
    }, 
    "max_subthresh_long_square": {
      "sweep_num": [
        68
      ]
    }, 
    "suprathreshold_short_square": {
      "R_testpulsesweep_num": [
        13
      ]
    }, 
    "subthreshold_short_square": {
      "sweep_num": [
        26, 
        27
      ]
    }
  }, 
  "spike_cutting": {
    "NOdeltaV": {
      "slope": 0.47436175039659911, 
      "intercept": 0.009377154479570441, 
      "cut_length": 125.0, 
      "dependencies": null
    }
  }, 
  "dt_used_for_preprocessor_calculations": 5e-05
}