{
  "model_spike_times_same_across_sweeps": {
    "n1": 1,
    "n2": 1
  },
  "run_model_spike_times_match_database": {
    "n2": true
  },
  "n2_after_opt_sanitycheck": 0.9342979870069825,
  "after_opt": {
    "noise_1": 0.9214966186166351,
    "noise_2": 0.934297073518657
  },
  "before_opt": {
    "noise_1": 0.9822540708174158,
    "noise_2": 0.9833173660343263
  }
}