{
  "model_spike_times_same_across_sweeps": {
    "n1": 1,
    "n2": 1
  },
  "run_model_spike_times_match_database": {
    "n2": true
  },
  "n2_after_opt_sanitycheck": 0.969300817637345,
  "after_opt": {
    "noise_1": 0.969033327988648,
    "noise_2": 0.969308598313564
  },
  "before_opt": {
    "noise_1": 0.9486859491608779,
    "noise_2": 0.9424628502976473
  }
}