{
  "model_spike_times_same_across_sweeps": {
    "n1": 1,
    "n2": 1
  },
  "run_model_spike_times_match_database": {
    "n2": true
  },
  "n2_after_opt_sanitycheck": 0.8116199979338311,
  "after_opt": {
    "noise_1": 0.6737846451068974,
    "noise_2": 0.811632409048547
  },
  "before_opt": {
    "noise_1": 0.6032004617860123,
    "noise_2": 0.7349361264106878
  }
}