{
  "model_spike_times_same_across_sweeps": {
    "n1": 1,
    "n2": 1
  },
  "run_model_spike_times_match_database": {
    "n2": true
  },
  "n2_after_opt_sanitycheck": 0.5224433777109028,
  "after_opt": {
    "noise_1": 0.35824059324446866,
    "noise_2": 0.522441873100552
  },
  "before_opt": {
    "noise_1": 0.4200681771649381,
    "noise_2": 0.5423470961753436
  }
}