{
  "noise1": {
    "RSS_of_voltage_diff": 68.53681143804879,
    "var_of_voltage_difference": 6.851068444256523e-06,
    "var_of_voltage_data": 0.00011755411308885383,
    "num_data_points_wo_spike_shape": 9999218
  },
  "noise2": {
    "RSS_of_voltage_diff": 107.2851251216549,
    "var_of_voltage_difference": 7.1488807295425095e-06,
    "var_of_voltage_data": 0.00011551368052719181,
    "num_data_points_wo_spike_shape": 14999907
  }
}