{
  "model_spike_times_same_across_sweeps": {
    "n1": 1,
    "n2": 1
  },
  "run_model_spike_times_match_database": {
    "n2": true
  },
  "n2_after_opt_sanitycheck": 0.4556934369492286,
  "after_opt": {
    "noise_1": 0.41173452476927785,
    "noise_2": 0.455706450615141
  },
  "before_opt": {
    "noise_1": 0.3540085031394684,
    "noise_2": 0.5357077107605425
  }
}