{
  "model_spike_times_same_across_sweeps": {
    "n1": 1,
    "n2": 1
  },
  "run_model_spike_times_match_database": {
    "n2": true
  },
  "n2_after_opt_sanitycheck": 0.4395465561058608,
  "after_opt": {
    "noise_1": 0.49780204254024063,
    "noise_2": 0.439638656884968
  },
  "before_opt": {
    "noise_1": 0.26318361531004797,
    "noise_2": 0.43634773998863147
  }
}