{
  "El_reference": -0.06770050303141273, 
  "C": 1.2052022177252404e-10, 
  "asc_amp_array": [
    -5.687033512065071e-11, 
    -7.801701834781099e-10
  ], 
  "init_threshold": 0.018457059990743624, 
  "threshold_reset_method": {
    "params": {
      "a_spike": 0.002307776542199109, 
      "b_spike": 24.378742438188418
    }, 
    "name": "three_components"
  }, 
  "th_inf": 0.018457059990743624, 
  "spike_cut_length": 199, 
  "init_AScurrents": [
    0.0, 
    0.0
  ], 
  "init_voltage": 0.0, 
  "threshold_dynamics_method": {
    "params": {
      "b_voltage": 8.379598091636993, 
      "a_spike": 0.002307776542199109, 
      "b_spike": 24.378742438188418, 
      "a_voltage": 2.1378025149987177
    }, 
    "name": "three_components_exact"
  }, 
  "voltage_reset_method": {
    "params": {
      "a": 1.8942813905762395, 
      "b": -0.027921506611439148
    }, 
    "name": "v_before"
  }, 
  "extrapolation_method_name": "endpoints", 
  "dt": 5e-05, 
  "voltage_dynamics_method": {
    "params": {}, 
    "name": "linear_forward_euler"
  }, 
  "El": 0.0, 
  "asc_tau_array": [
    0.03333333333333334, 
    0.0033333333333333335
  ], 
  "R_input": 598414525.788197, 
  "AScurrent_dynamics_method": {
    "params": {}, 
    "name": "exp"
  }, 
  "AScurrent_reset_method": {
    "params": {
      "r": [
        1.0, 
        1.0
      ]
    }, 
    "name": "sum"
  }, 
  "dt_multiplier": 10, 
  "th_adapt": null, 
  "coeffs": {
    "a": 1, 
    "C": 1, 
    "b": 1, 
    "G": 1, 
    "th_inf": 0.7731679222068606, 
    "asc_amp_array": [
      1.0, 
      1.0
    ]
  }, 
  "type": "GLIF"
}