{
  "model_spike_times_same_across_sweeps": {
    "n1": 1,
    "n2": 1
  },
  "run_model_spike_times_match_database": {
    "n2": true
  },
  "n2_after_opt_sanitycheck": 0.36393920322366513,
  "after_opt": {
    "noise_1": 0.2389806135939535,
    "noise_2": 0.364002290517036
  },
  "before_opt": {
    "noise_1": 0.34112550671545205,
    "noise_2": 0.40678962818636705
  }
}