{
  "model_spike_times_same_across_sweeps": {
    "n1": 1,
    "n2": 1
  },
  "run_model_spike_times_match_database": {
    "n2": true
  },
  "n2_after_opt_sanitycheck": 0.894042328055521,
  "after_opt": {
    "noise_1": 0.8719019761867326,
    "noise_2": 0.894046170447377
  },
  "before_opt": {
    "noise_1": 0.8103072542961574,
    "noise_2": 0.8081514331529321
  }
}