{
  "noise1": {
    "RSS_of_voltage_diff": 1411.8426933179776,
    "var_of_voltage_difference": 5.840644767798752e-05,
    "var_of_voltage_data": 0.00020063704296114688,
    "num_data_points_wo_spike_shape": 23949881
  },
  "noise2": {
    "RSS_of_voltage_diff": 1389.9110880112692,
    "var_of_voltage_difference": 5.71843249060868e-05,
    "var_of_voltage_data": 0.00020355062578500865,
    "num_data_points_wo_spike_shape": 23950961
  }
}