{
  "El_reference": -0.0737306060791016,
  "C": 2.0104331033700922e-10,
  "asc_amp_array": [
    -2.8129962037986287e-11,
    3.9900546910352635e-10
  ],
  "init_threshold": 0.01982665486245784,
  "threshold_reset_method": {
    "params": {
      "a_spike": 0.002798001861721321,
      "b_spike": 63.795966551256264
    },
    "name": "three_components"
  },
  "th_inf": 0.01982665486245784,
  "spike_cut_length": 76,
  "init_AScurrents": [
    0.0,
    0.0
  ],
  "init_voltage": 0.0,
  "threshold_dynamics_method": {
    "params": {
      "b_voltage": 53.23777599696146,
      "a_spike": 0.002798001861721321,
      "b_spike": 63.795966551256264,
      "a_voltage": 21.97622372552301
    },
    "name": "three_components_exact"
  },
  "voltage_reset_method": {
    "params": {
      "a": 0.488210369048154,
      "b": 0.005565195180706563
    },
    "name": "v_before"
  },
  "extrapolation_method_name": "endpoints",
  "dt": 5e-05,
  "voltage_dynamics_method": {
    "params": {},
    "name": "linear_forward_euler"
  },
  "El": 0.0,
  "asc_tau_array": [
    0.1,
    0.0033333333333333335
  ],
  "R_input": 203020413.03488398,
  "AScurrent_dynamics_method": {
    "params": {},
    "name": "exp"
  },
  "AScurrent_reset_method": {
    "params": {
      "r": [
        1.0,
        1.0
      ]
    },
    "name": "sum"
  },
  "dt_multiplier": 10,
  "th_adapt": null,
  "coeffs": {
    "a": 1,
    "C": 1,
    "b": 1,
    "G": 1,
    "th_inf": 0.9443946856867095,
    "asc_amp_array": [
      1.0,
      1.0
    ]
  },
  "type": "GLIF"
}