{
  "model_spike_times_same_across_sweeps": {
    "n1": 1,
    "n2": 1
  },
  "run_model_spike_times_match_database": {
    "n2": true
  },
  "n2_after_opt_sanitycheck": 0.49366969481158635,
  "after_opt": {
    "noise_1": 0.3634405624361384,
    "noise_2": 0.493670508407547
  },
  "before_opt": {
    "noise_1": 0.399292186292035,
    "noise_2": 0.4159380227203717
  }
}