{
  "model_spike_times_same_across_sweeps": {
    "n1": 1,
    "n2": 1
  },
  "run_model_spike_times_match_database": {
    "n2": true
  },
  "n2_after_opt_sanitycheck": 0.41474298912881497,
  "after_opt": {
    "noise_1": 0.4370542588503343,
    "noise_2": 0.414757672611465
  },
  "before_opt": {
    "noise_1": 0.4996703755170683,
    "noise_2": 0.33850764331239563
  }
}