{
  "model_spike_times_same_across_sweeps": {
    "n1": 1,
    "n2": 1
  },
  "run_model_spike_times_match_database": {
    "n2": true
  },
  "n2_after_opt_sanitycheck": 0.49128313559958103,
  "after_opt": {
    "noise_1": 0.47069721922139607,
    "noise_2": 0.491292300450448
  },
  "before_opt": {
    "noise_1": 0.472325842942555,
    "noise_2": 0.48999625497849203
  }
}