{
  "noise1": {
    "RSS_of_voltage_diff": 126.18939676696336,
    "var_of_voltage_difference": 1.0818894496802238e-05,
    "var_of_voltage_data": 8.099267427066217e-05,
    "num_data_points_wo_spike_shape": 10005314
  },
  "noise2": {
    "RSS_of_voltage_diff": 170.82360703962613,
    "var_of_voltage_difference": 1.0900913976396445e-05,
    "var_of_voltage_data": 8.030007542759967e-05,
    "num_data_points_wo_spike_shape": 15008019
  }
}