{
  "noise1": {
    "RSS_of_voltage_diff": 64.65377198464537,
    "var_of_voltage_difference": 5.483322629533457e-06,
    "var_of_voltage_data": 8.099267427066217e-05,
    "num_data_points_wo_spike_shape": 10005314
  },
  "noise2": {
    "RSS_of_voltage_diff": 82.00244368752583,
    "var_of_voltage_difference": 5.351187039184159e-06,
    "var_of_voltage_data": 8.030007542759967e-05,
    "num_data_points_wo_spike_shape": 15008019
  }
}