{
  "model_spike_times_same_across_sweeps": {
    "n1": 1,
    "n2": 1
  },
  "run_model_spike_times_match_database": {
    "n2": true
  },
  "n2_after_opt_sanitycheck": 0.7398940591244537,
  "after_opt": {
    "noise_1": 0.4164928479437384,
    "noise_2": 0.739910442175059
  },
  "before_opt": {
    "noise_1": 0.37756597947488946,
    "noise_2": 0.3548270337894448
  }
}