{
  "model_spike_times_same_across_sweeps": {
    "n1": 1,
    "n2": 1
  },
  "run_model_spike_times_match_database": {
    "n2": true
  },
  "n2_after_opt_sanitycheck": 0.5997928506946963,
  "after_opt": {
    "noise_1": 0.5190706773386625,
    "noise_2": 0.599785101623065
  },
  "before_opt": {
    "noise_1": 0.5149498986092212,
    "noise_2": 0.5990912480768172
  }
}