{
  "model_spike_times_same_across_sweeps": {
    "n1": 1,
    "n2": 1
  },
  "run_model_spike_times_match_database": {
    "n2": true
  },
  "n2_after_opt_sanitycheck": 0.6694680197761335,
  "after_opt": {
    "noise_1": 0.6980387542523412,
    "noise_2": 0.669468777901252
  },
  "before_opt": {
    "noise_1": 0.28428123805792205,
    "noise_2": 0.2657877089894094
  }
}