{
  "model_spike_times_same_across_sweeps": {
    "n1": 1,
    "n2": 1
  },
  "run_model_spike_times_match_database": {
    "n2": true
  },
  "n2_after_opt_sanitycheck": 0.5787566155324118,
  "after_opt": {
    "noise_1": 0.6075173806392717,
    "noise_2": 0.578750039146385
  },
  "before_opt": {
    "noise_1": 0.4074041510100169,
    "noise_2": 0.42882504887683115
  }
}