{
  "model_spike_times_same_across_sweeps": {
    "n1": 1,
    "n2": 1
  },
  "run_model_spike_times_match_database": {
    "n2": true
  },
  "n2_after_opt_sanitycheck": 0.6024376998691399,
  "after_opt": {
    "noise_1": 0.6462619842617522,
    "noise_2": 0.6024217478072
  },
  "before_opt": {
    "noise_1": 0.25924009970798845,
    "noise_2": 0.27892970546860757
  }
}