{
  "model_spike_times_same_across_sweeps": {
    "n1": 1,
    "n2": 1
  },
  "run_model_spike_times_match_database": {
    "n2": true
  },
  "n2_after_opt_sanitycheck": 0.9634307450327192,
  "after_opt": {
    "noise_1": 0.9688401763968496,
    "noise_2": 0.963430065210898
  },
  "before_opt": {
    "noise_1": 0.9775256334530452,
    "noise_2": 0.9805880254055255
  }
}