{
  "model_spike_times_same_across_sweeps": {
    "n1": 1,
    "n2": 1
  },
  "run_model_spike_times_match_database": {
    "n2": true
  },
  "n2_after_opt_sanitycheck": 0.960376558898734,
  "after_opt": {
    "noise_1": 0.9680707449284579,
    "noise_2": 0.96037658329043
  },
  "before_opt": {
    "noise_1": 0.9843525445811004,
    "noise_2": 0.9857798349948773
  }
}