{
  "model_spike_times_same_across_sweeps": {
    "n1": 1,
    "n2": 1
  },
  "run_model_spike_times_match_database": {
    "n2": true
  },
  "n2_after_opt_sanitycheck": 0.6008829012486512,
  "after_opt": {
    "noise_1": 0.45075923963741615,
    "noise_2": 0.600905583934467
  },
  "before_opt": {
    "noise_1": 0.5386910099389725,
    "noise_2": 0.31355343139511216
  }
}