{
  "El_reference": -0.07326449839274086, 
  "C": 6.66495621061162e-11, 
  "asc_amp_array": [
    -2.5231121578751577e-10, 
    6.035899569175513e-10
  ], 
  "init_threshold": 0.030651896225515382, 
  "threshold_reset_method": {
    "params": {
      "a_spike": 0.0005048972754835292, 
      "b_spike": 12.777366908155196
    }, 
    "name": "three_components"
  }, 
  "th_inf": 0.030651896225515382, 
  "spike_cut_length": 28, 
  "init_AScurrents": [
    0.0, 
    0.0
  ], 
  "init_voltage": 0.0, 
  "threshold_dynamics_method": {
    "params": {
      "b_voltage": 0, 
      "a_spike": 0.0005048972754835292, 
      "b_spike": 12.777366908155196, 
      "a_voltage": 0
    }, 
    "name": "spike_component"
  }, 
  "voltage_reset_method": {
    "params": {
      "a": 0.37566911696990285, 
      "b": -0.0016734238780761034
    }, 
    "name": "v_before"
  }, 
  "extrapolation_method_name": "endpoints", 
  "dt": 5e-05, 
  "voltage_dynamics_method": {
    "params": {}, 
    "name": "linear_forward_euler"
  }, 
  "El": 0.0, 
  "asc_tau_array": [
    0.01, 
    0.0033333333333333335
  ], 
  "R_input": 181122286.12731433, 
  "AScurrent_dynamics_method": {
    "params": {}, 
    "name": "exp"
  }, 
  "AScurrent_reset_method": {
    "params": {
      "r": [
        1.0, 
        1.0
      ]
    }, 
    "name": "sum"
  }, 
  "dt_multiplier": 10, 
  "th_adapt": null, 
  "coeffs": {
    "a": 1, 
    "C": 1, 
    "b": 1, 
    "G": 1, 
    "th_inf": 1.0180537470978366, 
    "asc_amp_array": [
      1.0, 
      1.0
    ]
  }, 
  "type": "GLIF"
}