{
  "model_spike_times_same_across_sweeps": {
    "n1": 1,
    "n2": 1
  },
  "run_model_spike_times_match_database": {
    "n2": true
  },
  "n2_after_opt_sanitycheck": 0.820214981856838,
  "after_opt": {
    "noise_1": 0.7891743727929263,
    "noise_2": 0.820212175799142
  },
  "before_opt": {
    "noise_1": 0.7754696813789007,
    "noise_2": 0.8218361825570656
  }
}