{
  "model_spike_times_same_across_sweeps": {
    "n1": 1,
    "n2": 1
  },
  "run_model_spike_times_match_database": {
    "n2": true
  },
  "n2_after_opt_sanitycheck": 0.8263555949443667,
  "after_opt": {
    "noise_1": 0.794425952134261,
    "noise_2": 0.826352144730832
  },
  "before_opt": {
    "noise_1": 0.8542776825185556,
    "noise_2": 0.7689467369294627
  }
}