{
  "El": {
    "El_max_subth_long_square": {
      "dependencies": null, 
      "value": -0.0764861526489258
    }, 
    "El_noise": {
      "measured": {
        "dependencies": null, 
        "list": [
          -0.07668601226806641, 
          -0.07752092742919921, 
          -0.0768133850097656, 
          -0.0767123184204102
        ], 
        "mean": -0.076933160781860355
      }
    }, 
    "El_ramp": {
      "dependencies": null, 
      "value": -0.0779924697875977
    }, 
    "El_suprathreshold_blip": {
      "dependencies": null, 
      "value": -0.0762174987792969
    }, 
    "El_subthreshold_blip": {
      "dependencies": null, 
      "value": -0.0773793487548828
    }
  }, 
  "spike_cut_length": {
    "no deltaV shift": {
      "slope": 0.70549081884859666, 
      "length": 73.0, 
      "intercept": -0.0013246032564231125, 
      "dependencies": null
    }
  }, 
  "threshold_adaptation": {
    "b_spike_component_of_threshold": null, 
    "b_voltage_comp_of_thr_from_fitab": null, 
    "b_voltage_comp_of_thr_from_fitabth": null, 
    "a_voltage_comp_of_thr_from_fitab": null, 
    "a_spike_component_of_threshold": null, 
    "a_voltage_comp_of_thr_from_fitabth": null
  }, 
  "th_inf": {
    "via_Vmeasure": {
      "from_zero": 0.032024382252446124, 
      "dependencies": "measured from suprathreshold blip", 
      "value": -0.044193116526850776
    }, 
    "fit_with_v_comp_of_th": {
      "from_zero": null, 
      "value": null
    }
  }, 
  "resistance": {
    "R_test_list": {
      "list": [
        150512631.369234, 
        143482189.49361411, 
        139566406.60357511, 
        138087894.14585531
      ], 
      "mean": 142912280.40306962
    }, 
    "R_fit_ASC_and_R": {
      "list": [
        171633601.38962713, 
        158867658.5024216, 
        157426150.61976916, 
        157078237.78731778
      ], 
      "mean": 161251412.07478392
    }, 
    "R_from_lims": {
      "value": 171093717.21744502
    }
  }, 
  "asc": {
    "amp": [
      -4.510702951603757e-12, 
      -2.3272260095307724e-10
    ], 
    "k": [
      3.0, 
      100.0
    ], 
    "dependencies": "Cap and res from least squares"
  }, 
  "capacitance": {
    "C_from_lims": {
      "value": 1.0262057670780958e-10
    }, 
    "C_test_list": {
      "list": [
        8.1363197728732298e-11, 
        8.4179509116205959e-11, 
        8.1565534050828843e-11, 
        8.229322946090729e-11
      ], 
      "mean": 8.2350367589168584e-11
    }
  }, 
  "MLIN": {
    "tau_from_AC": 0.023177961023689308, 
    "sv_for_expsymm": 0.00097197938715174858, 
    "var_of_section": 1.8894878580957779e-06
  }, 
  "sweep_properties": {
    "multi_short_square": {
      "sweep_num": null
    }, 
    "noise1": {
      "1": {
        "sweep_num": 51, 
        "El": -0.07668601226806641, 
        "spike_ind": [
          200922, 
          201450, 
          202451, 
          202942, 
          203566, 
          204406, 
          204794, 
          206236, 
          207931, 
          209212, 
          215342, 
          216489, 
          218102, 
          218774, 
          220943, 
          221798, 
          222812, 
          223535, 
          224474, 
          224865, 
          228041, 
          229409, 
          235328, 
          236559, 
          238137, 
          238812, 
          240957, 
          242654, 
          243304, 
          243823, 
          244595, 
          249447, 
          256547, 
          258148, 
          258788, 
          360698, 
          360898, 
          361135, 
          361455, 
          361829, 
          362349, 
          362719, 
          363040, 
          363447, 
          363784, 
          364172, 
          364464, 
          364728, 
          365310, 
          365887, 
          366464, 
          366940, 
          367544, 
          367918, 
          368361, 
          369045, 
          369439, 
          370484, 
          371896, 
          372660, 
          373175, 
          373690, 
          374369, 
          374844, 
          375274, 
          376092, 
          376457, 
          377071, 
          377742, 
          378105, 
          378504, 
          379482, 
          380675, 
          380947, 
          381419, 
          381861, 
          382433, 
          382811, 
          383201, 
          383571, 
          384151, 
          384502, 
          384786, 
          385871, 
          386524, 
          387569, 
          387977, 
          388440, 
          389107, 
          389495, 
          391943, 
          393119, 
          393708, 
          394479, 
          395199, 
          396154, 
          396512, 
          397115, 
          397951, 
          398345, 
          398722, 
          399526, 
          400723, 
          400982, 
          401444, 
          401916, 
          402412, 
          402789, 
          403198, 
          403568, 
          404182, 
          404596, 
          404888, 
          405899, 
          406538, 
          407589, 
          407985, 
          408478, 
          409142, 
          411990, 
          413177, 
          413838, 
          414540, 
          415205, 
          416166, 
          416538, 
          417121, 
          417937, 
          418369, 
          418754, 
          419554
        ]
      }, 
      "3": {
        "sweep_num": 55, 
        "El": -0.0768133850097656, 
        "spike_ind": [
          200999, 
          201711, 
          202700, 
          203328, 
          203877, 
          204599, 
          208623, 
          216536, 
          218217, 
          221000, 
          222722, 
          223535, 
          224495, 
          224960, 
          229528, 
          236721, 
          238179, 
          240991, 
          242831, 
          243609, 
          244615, 
          249639, 
          257265, 
          258523, 
          360722, 
          360932, 
          361351, 
          361770, 
          362352, 
          362729, 
          363083, 
          363490, 
          363818, 
          364275, 
          364617, 
          364895, 
          365610, 
          365980, 
          366532, 
          367568, 
          367961, 
          368388, 
          369102, 
          369511, 
          371942, 
          373148, 
          373717, 
          374537, 
          375199, 
          376144, 
          376513, 
          377114, 
          377815, 
          378158, 
          378534, 
          379494, 
          380732, 
          380996, 
          381467, 
          381970, 
          382515, 
          382913, 
          383291, 
          383667, 
          384285, 
          384645, 
          384945, 
          385916, 
          386539, 
          387589, 
          387992, 
          388498, 
          389159, 
          392011, 
          393204, 
          393936, 
          394783, 
          395298, 
          396297, 
          397105, 
          397985, 
          398456, 
          400775, 
          401050, 
          401512, 
          402405, 
          402840, 
          403241, 
          403602, 
          404196, 
          404599, 
          404905, 
          405902, 
          406568, 
          407614, 
          408084, 
          408663, 
          409244, 
          413186, 
          413916, 
          414812, 
          415428, 
          416401, 
          417117, 
          417986, 
          418472
        ]
      }, 
      "2": {
        "sweep_num": 53, 
        "El": -0.07752092742919921,