{
  "model_spike_times_same_across_sweeps": {
    "n1": 1,
    "n2": 1
  },
  "run_model_spike_times_match_database": {
    "n2": true
  },
  "n2_after_opt_sanitycheck": 0.516045919234485,
  "after_opt": {
    "noise_1": 0.6022751087668877,
    "noise_2": 0.516039898917992
  },
  "before_opt": {
    "noise_1": 0.2986748242710228,
    "noise_2": 0.28991649320749124
  }
}