{
  "model_spike_times_same_across_sweeps": {
    "n1": 1,
    "n2": 1
  },
  "run_model_spike_times_match_database": {
    "n2": true
  },
  "n2_after_opt_sanitycheck": 0.8806232396716309,
  "after_opt": {
    "noise_1": 0.907395593528768,
    "noise_2": 0.880620638120275
  },
  "before_opt": {
    "noise_1": 0.6776127148248318,
    "noise_2": 0.6358334925276946
  }
}