{
  "El_reference": -0.07841080220540364, 
  "C": 1.2887006091707718e-10, 
  "asc_amp_array": [
    -2.88807930355852e-11, 
    -2.9939766476501046e-10
  ], 
  "init_threshold": 0.02931321360792849, 
  "threshold_reset_method": {
    "params": {
      "a_spike": 0.003318741665319776, 
      "b_spike": 299.1756438560962
    }, 
    "name": "three_components"
  }, 
  "th_inf": 0.02931321360792849, 
  "spike_cut_length": 128, 
  "init_AScurrents": [
    0.0, 
    0.0
  ], 
  "init_voltage": 0.0, 
  "threshold_dynamics_method": {
    "params": {
      "b_voltage": 39.87762780880456, 
      "a_spike": 0.003318741665319776, 
      "b_spike": 299.1756438560962, 
      "a_voltage": 13.214144096223727
    }, 
    "name": "three_components_exact"
  }, 
  "voltage_reset_method": {
    "params": {
      "a": 0.5744242116331053, 
      "b": 0.004968116512716083
    }, 
    "name": "v_before"
  }, 
  "extrapolation_method_name": "endpoints", 
  "dt": 5e-05, 
  "voltage_dynamics_method": {
    "params": {}, 
    "name": "linear_forward_euler"
  }, 
  "El": 0.0, 
  "asc_tau_array": [
    0.1, 
    0.01
  ], 
  "R_input": 137038925.43773842, 
  "AScurrent_dynamics_method": {
    "params": {}, 
    "name": "exp"
  }, 
  "AScurrent_reset_method": {
    "params": {
      "r": [
        1.0, 
        1.0
      ]
    }, 
    "name": "sum"
  }, 
  "dt_multiplier": 10, 
  "th_adapt": null, 
  "coeffs": {
    "a": 1, 
    "C": 1, 
    "b": 1, 
    "G": 1, 
    "th_inf": 0.8201423923353066, 
    "asc_amp_array": [
      1.0, 
      1.0
    ]
  }, 
  "type": "GLIF"
}