{
  "noise1": {
    "RSS_of_voltage_diff": 68.6401957868928,
    "var_of_voltage_difference": 1.4868247869820893e-05,
    "var_of_voltage_data": 9.032182522651289e-05,
    "num_data_points_wo_spike_shape": 4163804
  },
  "noise2": {
    "RSS_of_voltage_diff": 88.93696962134676,
    "var_of_voltage_difference": 1.5019575549084396e-05,
    "var_of_voltage_data": 9.211643986454499e-05,
    "num_data_points_wo_spike_shape": 5553242
  }
}