{
  "El_reference": -0.06894971720377603, 
  "C": 5.380455833933491e-11, 
  "asc_amp_array": [
    -3.6476258007583036e-12, 
    -7.657401936255129e-11
  ], 
  "init_threshold": 0.026903393758186567, 
  "threshold_reset_method": {
    "params": {
      "a_spike": 0.0015283787453687582, 
      "b_spike": 16.594255718400774
    }, 
    "name": "three_components"
  }, 
  "th_inf": 0.026903393758186567, 
  "spike_cut_length": 82, 
  "init_AScurrents": [
    0.0, 
    0.0
  ], 
  "init_voltage": 0.0, 
  "threshold_dynamics_method": {
    "params": {
      "b_voltage": 0, 
      "a_spike": 0.0015283787453687582, 
      "b_spike": 16.594255718400774, 
      "a_voltage": 0
    }, 
    "name": "spike_component"
  }, 
  "voltage_reset_method": {
    "params": {
      "a": 0.13935581425966634, 
      "b": 0.014042907385361998
    }, 
    "name": "v_before"
  }, 
  "extrapolation_method_name": "endpoints", 
  "dt": 5e-05, 
  "voltage_dynamics_method": {
    "params": {}, 
    "name": "linear_forward_euler"
  }, 
  "El": 0.0, 
  "asc_tau_array": [
    0.3333333333333333, 
    0.03333333333333334
  ], 
  "R_input": 215385320.91088977, 
  "AScurrent_dynamics_method": {
    "params": {}, 
    "name": "none"
  }, 
  "AScurrent_reset_method": {
    "params": {}, 
    "name": "none"
  }, 
  "dt_multiplier": 10, 
  "th_adapt": null, 
  "coeffs": {
    "a": 1, 
    "C": 1, 
    "b": 1, 
    "G": 1, 
    "th_inf": 1.4493167322605016, 
    "asc_amp_array": [
      1.0, 
      1.0
    ]
  }, 
  "type": "GLIF"
}