{
  "El": {
    "El_max_subth_long_square": {
      "dependencies": null, 
      "value": -0.0693438873291016
    }, 
    "El_noise": {
      "measured": {
        "dependencies": null, 
        "list": [
          -0.0693002777099609, 
          -0.0688141632080078, 
          -0.0687347106933594
        ], 
        "mean": -0.068949717203776031
      }
    }, 
    "El_ramp": {
      "dependencies": null, 
      "value": -0.0686451873779297
    }, 
    "El_suprathreshold_blip": {
      "dependencies": null, 
      "value": -0.0694378662109375
    }, 
    "El_subthreshold_blip": {
      "dependencies": null, 
      "value": -0.0693869552612305
    }
  }, 
  "spike_cut_length": {
    "no deltaV shift": {
      "slope": 0.13935581425966634, 
      "length": 82.0, 
      "intercept": 0.014042907385361998, 
      "dependencies": null
    }
  }, 
  "threshold_adaptation": {
    "b_spike_component_of_threshold": 16.594255718400774, 
    "b_voltage_comp_of_thr_from_fitab": 39.565110416278813, 
    "b_voltage_comp_of_thr_from_fitabth": 250.84423812640733, 
    "a_voltage_comp_of_thr_from_fitab": 4.7542400514106742, 
    "a_spike_component_of_threshold": 0.0015283787453687582, 
    "a_voltage_comp_of_thr_from_fitabth": 176.76551252089871
  }, 
  "th_inf": {
    "via_Vmeasure": {
      "from_zero": 0.026903393758186567, 
      "dependencies": "measured from suprathreshold blip", 
      "value": -0.042534472452750938
    }, 
    "fit_with_v_comp_of_th": {
      "from_zero": 0.010109362189355625, 
      "value": -0.058840355014420406
    }
  }, 
  "resistance": {
    "R_test_list": {
      "list": [
        214049281.71139514, 
        218036980.47466522, 
        214069700.54660895
      ], 
      "mean": 215385320.91088977
    }, 
    "R_fit_ASC_and_R": {
      "list": [
        233866676.0382806, 
        239015488.9786207, 
        230516446.05814698
      ], 
      "mean": 234466203.69168279
    }, 
    "R_from_lims": {
      "value": 182812377.810478
    }
  }, 
  "asc": {
    "amp": [
      -3.6476258007583036e-12, 
      -7.657401936255129e-11
    ], 
    "k": [
      3.0, 
      29.999999999999996
    ], 
    "dependencies": "Cap and res from least squares"
  }, 
  "capacitance": {
    "C_from_lims": {
      "value": 4.7202748312376195e-11
    }, 
    "C_test_list": {
      "list": [
        5.3620375474741605e-11, 
        5.3816839178684207e-11, 
        5.3976460364578901e-11
      ], 
      "mean": 5.3804558339334909e-11
    }
  }, 
  "MLIN": {
    "tau_from_AC": 0.021970606232277281, 
    "sv_for_expsymm": 0.00038506789146949323, 
    "var_of_section": 2.9655456208152282e-07
  }, 
  "sweep_properties": {
    "multi_short_square": {
      "sweep_num": [
        69, 
        70, 
        71, 
        72, 
        73, 
        74, 
        75, 
        76, 
        77, 
        78, 
        79, 
        80, 
        81, 
        82, 
        83, 
        84, 
        86, 
        87, 
        88, 
        89
      ]
    }, 
    "noise1": {
      "1": {
        "sweep_num": 44, 
        "El": -0.0693002777099609, 
        "spike_ind": [
          250972, 
          251794, 
          252974, 
          253666, 
          254361, 
          255192, 
          255746, 
          257368, 
          258620, 
          259839, 
          261337, 
          264918, 
          266484, 
          268138, 
          269098, 
          270437, 
          271407, 
          272489, 
          273193, 
          275938, 
          276805, 
          278014, 
          278737, 
          279492, 
          280471, 
          280950, 
          282410, 
          284487, 
          285639, 
          286652, 
          291449, 
          293138, 
          294099, 
          295434, 
          296417, 
          297472, 
          298234, 
          300954, 
          301832, 
          302997, 
          303682, 
          304456, 
          305478, 
          305932, 
          307395, 
          308672, 
          309873, 
          311389, 
          314987, 
          316482, 
          318149, 
          319525, 
          320567, 
          321473, 
          322554, 
          323332, 
          450679, 
          450995, 
          451178, 
          451690, 
          452171, 
          452644, 
          452998, 
          453398, 
          453710, 
          454033, 
          454403, 
          454751, 
          455205, 
          455541, 
          455842, 
          456904, 
          457364, 
          458018, 
          458612, 
          459253, 
          459803, 
          460319, 
          461250, 
          461745, 
          462621, 
          463429, 
          464637, 
          465712, 
          466386, 
          467015, 
          467864, 
          468455, 
          469009, 
          470054, 
          470479, 
          471287, 
          472120, 
          472531, 
          473010, 
          473434, 
          474292, 
          475603, 
          476055, 
          476391, 
          476875, 
          477614, 
          478181, 
          478614, 
          479031, 
          479504, 
          480177, 
          480584, 
          480932, 
          482316, 
          483060, 
          484202, 
          484818, 
          485378, 
          486281, 
          486819, 
          488114, 
          489818, 
          490780, 
          491420, 
          492083, 
          492903, 
          493460, 
          494017, 
          495100, 
          495560, 
          496307, 
          497144, 
          497534, 
          498035, 
          498443, 
          499301, 
          500636, 
          501074, 
          501729, 
          502263, 
          502962, 
          503458, 
          503988, 
          504448, 
          505159, 
          505670, 
          505992, 
          507338, 
          508080, 
          509205, 
          509840, 
          510504, 
          511336, 
          511851, 
          513098, 
          514807, 
          515762, 
          516446, 
          517075, 
          517918, 
          518500, 
          519048, 
          520083, 
          520516, 
          521310, 
          522143, 
          522571, 
          523101, 
          524271
        ]
      }, 
      "3": {
        "sweep_num": 50, 
        "El": -0.0687347106933594,