{
  "El": {
    "El_max_subth_long_square": {
      "dependencies": null, 
      "value": -0.077358512878418
    }, 
    "El_noise": {
      "measured": {
        "dependencies": null, 
        "list": [
          -0.07761415863037109, 
          -0.0771038818359375, 
          -0.07735829162597661, 
          -0.07673219299316411
        ], 
        "mean": -0.077202131271362329
      }
    }, 
    "El_ramp": {
      "dependencies": null, 
      "value": -0.0772663421630859
    }, 
    "El_suprathreshold_blip": {
      "dependencies": null, 
      "value": -0.0767403945922852
    }, 
    "El_subthreshold_blip": {
      "dependencies": null, 
      "value": -0.07781510162353521
    }
  }, 
  "spike_cut_length": {
    "no deltaV shift": {
      "slope": -0.016961037025639503, 
      "length": 74.0, 
      "intercept": 0.021213064714242093, 
      "dependencies": null
    }
  }, 
  "threshold_adaptation": {
    "b_spike_component_of_threshold": 93.501900838864714, 
    "b_voltage_comp_of_thr_from_fitab": 1272.9705963263114, 
    "b_voltage_comp_of_thr_from_fitabth": 867.52849064663724, 
    "a_voltage_comp_of_thr_from_fitab": 230.63662000483725, 
    "a_spike_component_of_threshold": 0.0033782646883935533, 
    "a_voltage_comp_of_thr_from_fitabth": 777.23763456673839
  }, 
  "th_inf": {
    "via_Vmeasure": {
      "from_zero": 0.027456225199463856, 
      "dependencies": "measured from suprathreshold blip", 
      "value": -0.049284169392821341
    }, 
    "fit_with_v_comp_of_th": {
      "from_zero": 0.0039927421898178772, 
      "value": -0.073209389081544451
    }
  }, 
  "resistance": {
    "R_test_list": {
      "list": [
        204046268.16106331, 
        190232717.10961211, 
        177355478.08072275, 
        170763313.8006461
      ], 
      "mean": 185599444.28801107
    }, 
    "R_fit_ASC_and_R": {
      "list": [
        238058564.43432558, 
        206904291.36043185, 
        189129001.3940741, 
        181521181.38087007
      ], 
      "mean": 203903259.64242542
    }, 
    "R_from_lims": {
      "value": 171093553.304672
    }
  }, 
  "asc": {
    "amp": [
      -6.661282696691992e-12, 
      -8.686984147766811e-11
    ], 
    "k": [
      3.0, 
      29.999999999999996
    ], 
    "dependencies": "Cap and res from least squares"
  }, 
  "capacitance": {
    "C_from_lims": {
      "value": 1.0383826379117272e-10
    }, 
    "C_test_list": {
      "list": [
        9.963439798323e-11, 
        1.0384582348831238e-10, 
        9.4668338314346525e-11, 
        1.0362435998903981e-10
      ], 
      "mean": 1.0044322994373218e-10
    }
  }, 
  "MLIN": {
    "tau_from_AC": 0.0372124802760148, 
    "sv_for_expsymm": 0.00038453548296792648, 
    "var_of_section": 2.9573507532275291e-07
  }, 
  "sweep_properties": {
    "multi_short_square": {
      "sweep_num": [
        67, 
        68, 
        69, 
        70, 
        71, 
        72, 
        73, 
        74, 
        75, 
        76, 
        77, 
        78, 
        79, 
        80, 
        81, 
        82, 
        83, 
        84, 
        85, 
        86, 
        87
      ]
    }, 
    "noise1": {
      "1": {
        "sweep_num": 41, 
        "El": -0.07761415863037109, 
        "spike_ind": [
          202369, 
          204653, 
          209525, 
          218346, 
          222956, 
          225110, 
          238614, 
          243197, 
          258531, 
          361118, 
          362405, 
          363464, 
          364648, 
          366560, 
          368490, 
          373211, 
          375315, 
          377262, 
          378715, 
          380994, 
          382637, 
          383817, 
          384856, 
          388026, 
          393667, 
          396436, 
          398375, 
          401019, 
          402871, 
          404340, 
          407916, 
          415112, 
          417945
        ]
      }, 
      "3": {
        "sweep_num": 45, 
        "El": -0.07735829162597661, 
        "spike_ind": [
          361313, 
          362830, 
          364342, 
          366584, 
          369172, 
          375240, 
          377983, 
          381358, 
          383178, 
          384698, 
          396509, 
          398726, 
          401384, 
          403223, 
          404743, 
          418119
        ]
      }, 
      "2": {
        "sweep_num": 43, 
        "El": -0.0771038818359375, 
        "spike_ind": [
          203272, 
          224813, 
          244920, 
          361282, 
          362663, 
          363787, 
          364804, 
          367647, 
          373574, 
          376162, 
          378138, 
          381018, 
          382900, 
          384578, 
          387900, 
          394739, 
          397094, 
          401087, 
          402998, 
          404637, 
          409394, 
          414841, 
          417189, 
          418758
        ]
      }, 
      "5": {
        "sweep_num": null, 
        "El": null, 
        "spike_ind": null
      }, 
      "4": {
        "sweep_num": 47, 
        "El": -0.07673219299316411, 
        "spike_ind": [
          361367, 
          362914, 
          364443, 
          367994, 
          374733, 
          377288, 
          381068, 
          383177, 
          384718, 
          396500, 
          398784, 
          402906, 
          404677, 
          418414
        ]
      }
    }, 
    "ramp": {
      "sweep_num": [
        4, 
        5, 
        6
      ]
    }, 
    "max_subthresh_long_square": {
      "sweep_num": [
        28
      ]
    }, 
    "suprathreshold_short_square": {
      "R_testpulsesweep_num": [
        14, 
        16, 
        17, 
        18
      ]
    }, 
    "subthreshold_short_square": {
      "sweep_num": [
        15
      ]
    }
  }, 
  "spike_cutting": {
    "NOdeltaV": {
      "slope": -0.016961037025639503, 
      "intercept": 0.021213064714242093, 
      "cut_length": 74.0, 
      "dependencies": null
    }
  }, 
  "dt_used_for_preprocessor_calculations": 5e-05
}