{
  "El_reference": -0.07720213127136233, 
  "C": 1.0044322994373218e-10, 
  "asc_amp_array": [
    -6.661282696691992e-12, 
    -8.686984147766811e-11
  ], 
  "init_threshold": 0.027456225199463856, 
  "threshold_reset_method": {
    "params": {
      "a_spike": 0.0033782646883935533, 
      "b_spike": 93.50190083886471
    }, 
    "name": "three_components"
  }, 
  "th_inf": 0.027456225199463856, 
  "spike_cut_length": 74, 
  "init_AScurrents": [
    0.0, 
    0.0
  ], 
  "init_voltage": 0.0, 
  "threshold_dynamics_method": {
    "params": {
      "b_voltage": 1272.9705963263114, 
      "a_spike": 0.0033782646883935533, 
      "b_spike": 93.50190083886471, 
      "a_voltage": 230.63662000483725
    }, 
    "name": "three_components_exact"
  }, 
  "voltage_reset_method": {
    "params": {
      "a": -0.016961037025639503, 
      "b": 0.021213064714242093
    }, 
    "name": "v_before"
  }, 
  "extrapolation_method_name": "endpoints", 
  "dt": 5e-05, 
  "voltage_dynamics_method": {
    "params": {}, 
    "name": "linear_forward_euler"
  }, 
  "El": 0.0, 
  "asc_tau_array": [
    0.3333333333333333, 
    0.03333333333333334
  ], 
  "R_input": 203903259.64242542, 
  "AScurrent_dynamics_method": {
    "params": {}, 
    "name": "exp"
  }, 
  "AScurrent_reset_method": {
    "params": {
      "r": [
        1.0, 
        1.0
      ]
    }, 
    "name": "sum"
  }, 
  "dt_multiplier": 10, 
  "th_adapt": null, 
  "coeffs": {
    "a": 1, 
    "C": 1, 
    "b": 1, 
    "G": 1, 
    "th_inf": 0.8802777951443108, 
    "asc_amp_array": [
      1.0, 
      1.0
    ]
  }, 
  "type": "GLIF"
}