{
  "noise1": {
    "RSS_of_voltage_diff": 306.17908694670484,
    "var_of_voltage_difference": 1.8004908674155606e-05,
    "var_of_voltage_data": 0.00012461060792605492,
    "num_data_points_wo_spike_shape": 15004541
  },
  "noise2": {
    "RSS_of_voltage_diff": 325.14360202386786,
    "var_of_voltage_difference": 1.8044055999453117e-05,
    "var_of_voltage_data": 0.00012135128568016332,
    "num_data_points_wo_spike_shape": 15005115
  }
}