{
  "model_spike_times_same_across_sweeps": {
    "n1": 1,
    "n2": 1
  },
  "run_model_spike_times_match_database": {
    "n2": true
  },
  "n2_after_opt_sanitycheck": 0.7180910057411596,
  "after_opt": {
    "noise_1": 0.716984529750745,
    "noise_2": 0.718094032934643
  },
  "before_opt": {
    "noise_1": 0.6979525003351975,
    "noise_2": 0.6619530437930593
  }
}