{
  "noise1": {
    "RSS_of_voltage_diff": 629.9978859222211,
    "var_of_voltage_difference": 3.427651776029366e-05,
    "var_of_voltage_data": 0.00016986409091592522,
    "num_data_points_wo_spike_shape": 17968503
  },
  "noise2": {
    "RSS_of_voltage_diff": 731.6011479998299,
    "var_of_voltage_difference": 4.0424397418365196e-05,
    "var_of_voltage_data": 0.00017268105205750763,
    "num_data_points_wo_spike_shape": 17968473
  }
}