{
  "model_spike_times_same_across_sweeps": {
    "n1": 1,
    "n2": 1
  },
  "run_model_spike_times_match_database": {
    "n2": true
  },
  "n2_after_opt_sanitycheck": 0.5779932881686913,
  "after_opt": {
    "noise_1": 0.6321247309557665,
    "noise_2": 0.578024850346064
  },
  "before_opt": {
    "noise_1": 0.5124324796721085,
    "noise_2": 0.506440157535471
  }
}