{
  "El": {
    "El_max_subth_long_square": {
      "dependencies": null, 
      "value": -0.07115798187255859
    }, 
    "El_noise": {
      "measured": {
        "dependencies": null, 
        "list": [
          -0.07125396728515619, 
          -0.0713256912231445, 
          -0.07165312194824221
        ], 
        "mean": -0.071410926818847628
      }
    }, 
    "El_ramp": {
      "dependencies": null, 
      "value": -0.0712482833862305
    }, 
    "El_suprathreshold_blip": {
      "dependencies": null, 
      "value": -0.07118247222900391
    }, 
    "El_subthreshold_blip": {
      "dependencies": null, 
      "value": -0.0730865325927734
    }
  }, 
  "spike_cut_length": {
    "no deltaV shift": {
      "slope": 0.39427891568123552, 
      "length": 68.0, 
      "intercept": 0.0063466117246162631, 
      "dependencies": null
    }
  }, 
  "threshold_adaptation": {
    "b_spike_component_of_threshold": 41.809510747341008, 
    "b_voltage_comp_of_thr_from_fitab": 34.48853325236847, 
    "b_voltage_comp_of_thr_from_fitabth": 1112.5722273129186, 
    "a_voltage_comp_of_thr_from_fitab": 2.5999206920981384, 
    "a_spike_component_of_threshold": 0.0011146112564075596, 
    "a_voltage_comp_of_thr_from_fitabth": 887.32884103581318
  }, 
  "th_inf": {
    "via_Vmeasure": {
      "from_zero": 0.021411240242932748, 
      "dependencies": "measured from suprathreshold blip", 
      "value": -0.049771231986071161
    }, 
    "fit_with_v_comp_of_th": {
      "from_zero": 0.0046614312860702029, 
      "value": -0.066749495532777425
    }
  }, 
  "resistance": {
    "R_test_list": {
      "list": [
        183572029.98485929, 
        168375885.20941067, 
        160594419.15881151
      ], 
      "mean": 170847444.7843605
    }, 
    "R_fit_ASC_and_R": {
      "list": [
        181118068.77021307, 
        166606753.47867244, 
        156909810.83754194
      ], 
      "mean": 168211544.36214247
    }, 
    "R_from_lims": {
      "value": 190937504.172325
    }
  }, 
  "asc": {
    "amp": [
      -9.330431997339904e-12, 
      -1.1926759305387116e-10
    ], 
    "k": [
      3.0, 
      100.0
    ], 
    "dependencies": "Cap and res from least squares"
  }, 
  "capacitance": {
    "C_from_lims": {
      "value": 1.4062238942460435e-10
    }, 
    "C_test_list": {
      "list": [
        1.0107192477388581e-10, 
        1.0079071135090035e-10, 
        1.1048741464935827e-10
      ], 
      "mean": 1.0411668359138147e-10
    }
  }, 
  "MLIN": {
    "tau_from_AC": 0.03449584814006959, 
    "sv_for_expsymm": 0.0002150098290107176, 
    "var_of_section": 9.2458453142436063e-08
  }, 
  "sweep_properties": {
    "multi_short_square": {
      "sweep_num": [
        82, 
        83, 
        84, 
        85, 
        86, 
        87, 
        88, 
        89, 
        90, 
        91, 
        92, 
        93, 
        94, 
        95, 
        96, 
        97, 
        98, 
        99, 
        100, 
        101, 
        102
      ]
    }, 
    "noise1": {
      "1": {
        "sweep_num": 56, 
        "El": -0.07125396728515619, 
        "spike_ind": [
          201107, 
          202375, 
          203231, 
          204631, 
          217458, 
          218757, 
          222898, 
          224655, 
          238737, 
          242740, 
          244431, 
          258491, 
          360856, 
          361380, 
          362064, 
          362768, 
          363494, 
          364165, 
          364697, 
          365898, 
          367592, 
          368505, 
          369440, 
          373494, 
          375217, 
          376519, 
          377993, 
          380907, 
          381850, 
          382875, 
          383632, 
          384612, 
          386576, 
          389199, 
          395230, 
          396578, 
          398135, 
          400946, 
          402763, 
          403644, 
          404655, 
          409487, 
          415272, 
          417097, 
          418367
        ]
      }, 
      "3": {
        "sweep_num": 60, 
        "El": -0.07165312194824221, 
        "spike_ind": [
          201482, 
          203238, 
          204693, 
          218725, 
          223206, 
          224824, 
          244665, 
          360795, 
          361365, 
          362048, 
          362699, 
          363210, 
          363825, 
          364525, 
          365628, 
          366623, 
          367877, 
          369245, 
          374292, 
          376379, 
          377983, 
          378759, 
          380917, 
          382606, 
          383504, 
          384474, 
          389068, 
          393902, 
          396446, 
          398423, 
          400937, 
          402750, 
          403765, 
          404651, 
          409400, 
          415334, 
          418160
        ]
      }, 
      "2": {
        "sweep_num": 58, 
        "El": -0.0713256912231445, 
        "spike_ind": [
          201327, 
          202773, 
          203784, 
          204784, 
          218534, 
          222967, 
          224675, 
          243208, 
          244681, 
          360821, 
          361432, 
          362099, 
          362699, 
          363181, 
          363754, 
          364391, 
          364830, 
          365870, 
          367570, 
          368565, 
          369411, 
          373231, 
          375160, 
          376451, 
          377971, 
          380876, 
          382359, 
          383192, 
          383802, 
          384634, 
          387978, 
          393880, 
          396384, 
          397982, 
          400913, 
          402093, 
          402926, 
          403804, 
          404636, 
          409443, 
          415236, 
          416599, 
          418007
        ]
      }, 
      "5": {
        "sweep_num": null, 
        "El": null, 
        "spike_ind": null
      }, 
      "4": {
        "sweep_num": null, 
        "El": null, 
        "spike_ind": null
      }
    }, 
    "ramp": {
      "sweep_num": [
        4, 
        5, 
        6
      ]
    }, 
    "max_subthresh_long_square": {
      "sweep_num": [
        34
      ]
    }, 
    "suprathreshold_short_square": {
      "R_testpulsesweep_num": [
        11
      ]
    }, 
    "subthreshold_short_square": {
      "sweep_num": [
        16
      ]
    }
  }, 
  "spike_cutting": {
    "NOdeltaV": {
      "slope": 0.39427891568123552, 
      "intercept": 0.0063466117246162631, 
      "cut_length": 68.0, 
      "dependencies": null
    }
  }, 
  "dt_used_for_preprocessor_calculations": 5e-05
}