{
  "model_spike_times_same_across_sweeps": {
    "n1": 1,
    "n2": 1
  },
  "run_model_spike_times_match_database": {
    "n2": true
  },
  "n2_after_opt_sanitycheck": 0.7871365331755986,
  "after_opt": {
    "noise_1": 0.7659203618241641,
    "noise_2": 0.787130211641686
  },
  "before_opt": {
    "noise_1": 0.6795060634773393,
    "noise_2": 0.7910568710595534
  }
}