{
  "noise1": {
    "RSS_of_voltage_diff": 175.84146195970783,
    "var_of_voltage_difference": 1.0464300349803698e-05,
    "var_of_voltage_data": 6.02954637676209e-05,
    "num_data_points_wo_spike_shape": 16803503
  },
  "noise2": {
    "RSS_of_voltage_diff": 172.86723269914805,
    "var_of_voltage_difference": 1.028701769263843e-05,
    "var_of_voltage_data": 5.805917200302543e-05,
    "num_data_points_wo_spike_shape": 16803299
  }
}