{
  "model_spike_times_same_across_sweeps": {
    "n1": 1,
    "n2": 1
  },
  "run_model_spike_times_match_database": {
    "n2": true
  },
  "n2_after_opt_sanitycheck": 0.8366417205627544,
  "after_opt": {
    "noise_1": 0.7954841117374744,
    "noise_2": 0.836627903653787
  },
  "before_opt": {
    "noise_1": 0.7687952263861619,
    "noise_2": 0.7663992410678281
  }
}