{
  "model_spike_times_same_across_sweeps": {
    "n1": 1,
    "n2": 1
  },
  "run_model_spike_times_match_database": {
    "n2": true
  },
  "n2_after_opt_sanitycheck": 0.8539189669278886,
  "after_opt": {
    "noise_1": 0.7991980065885109,
    "noise_2": 0.853918720519415
  },
  "before_opt": {
    "noise_1": 0.7220554000773213,
    "noise_2": 0.7353657033087801
  }
}