{
  "model_spike_times_same_across_sweeps": {
    "n1": 1,
    "n2": 1
  },
  "run_model_spike_times_match_database": {
    "n2": true
  },
  "n2_after_opt_sanitycheck": 0.5968891602582469,
  "after_opt": {
    "noise_1": 0.5824933326134316,
    "noise_2": 0.596953136003724
  },
  "before_opt": {
    "noise_1": 0.5366135765589176,
    "noise_2": 0.4916315565305176
  }
}