{
  "model_spike_times_same_across_sweeps": {
    "n1": 1,
    "n2": 1
  },
  "run_model_spike_times_match_database": {
    "n2": true
  },
  "n2_after_opt_sanitycheck": 0.970694490980188,
  "after_opt": {
    "noise_1": 0.9676369315243682,
    "noise_2": 0.970692905005722
  },
  "before_opt": {
    "noise_1": 0.9754238984278,
    "noise_2": 0.977310398378847
  }
}