{
  "model_spike_times_same_across_sweeps": {
    "n1": 1,
    "n2": 1
  },
  "run_model_spike_times_match_database": {
    "n2": true
  },
  "n2_after_opt_sanitycheck": 0.9708931466811742,
  "after_opt": {
    "noise_1": 0.9712392285393054,
    "noise_2": 0.970892800355567
  },
  "before_opt": {
    "noise_1": 0.9639932843476898,
    "noise_2": 0.9653307038062181
  }
}