{
  "noise1": {
    "RSS_of_voltage_diff": 163.046827717777,
    "var_of_voltage_difference": 1.068858996306332e-05,
    "var_of_voltage_data": 0.0001429836100366654,
    "num_data_points_wo_spike_shape": 15008758
  },
  "noise2": {
    "RSS_of_voltage_diff": 105.64715154962292,
    "var_of_voltage_difference": 1.0549521840703809e-05,
    "var_of_voltage_data": 0.00013894384409655184,
    "num_data_points_wo_spike_shape": 10005996
  }
}