{
  "model_spike_times_same_across_sweeps": {
    "n1": 1,
    "n2": 1
  },
  "run_model_spike_times_match_database": {
    "n2": true
  },
  "n2_after_opt_sanitycheck": 0.42250851091358593,
  "after_opt": {
    "noise_1": 0.39775971604585575,
    "noise_2": 0.422517825450204
  },
  "before_opt": {
    "noise_1": 0.39581648589441326,
    "noise_2": 0.31171513845239995
  }
}