{
  "model_spike_times_same_across_sweeps": {
    "n1": 1,
    "n2": 1
  },
  "run_model_spike_times_match_database": {
    "n2": true
  },
  "n2_after_opt_sanitycheck": 0.5031558498603541,
  "after_opt": {
    "noise_1": 0.5403495456082952,
    "noise_2": 0.503181277847603
  },
  "before_opt": {
    "noise_1": 0.37807658135872013,
    "noise_2": 0.33382761451707776
  }
}