{
  "model_spike_times_same_across_sweeps": {
    "n1": 1,
    "n2": 1
  },
  "run_model_spike_times_match_database": {
    "n2": true
  },
  "n2_after_opt_sanitycheck": 0.45790215439255444,
  "after_opt": {
    "noise_1": 0.6273322326806533,
    "noise_2": 0.457898400222912
  },
  "before_opt": {
    "noise_1": 0.4307854957263695,
    "noise_2": 0.4465521745662506
  }
}