{
  "model_spike_times_same_across_sweeps": {
    "n1": 1,
    "n2": 1
  },
  "run_model_spike_times_match_database": {
    "n2": true
  },
  "n2_after_opt_sanitycheck": 0.8426274801128403,
  "after_opt": {
    "noise_1": 0.8768371377875777,
    "noise_2": 0.842613871151968
  },
  "before_opt": {
    "noise_1": 0.7492193341308654,
    "noise_2": 0.7491760173415922
  }
}