{
  "noise1": {
    "RSS_of_voltage_diff": 169.86010610258495,
    "var_of_voltage_difference": 1.2214186189622854e-05,
    "var_of_voltage_data": 6.4372043243158e-05,
    "num_data_points_wo_spike_shape": 13803309
  },
  "noise2": {
    "RSS_of_voltage_diff": 161.00900153470252,
    "var_of_voltage_difference": 1.1492419044204558e-05,
    "var_of_voltage_data": 6.414313452457534e-05,
    "num_data_points_wo_spike_shape": 13803855
  }
}