{
  "model_spike_times_same_across_sweeps": {
    "n1": 1,
    "n2": 1
  },
  "run_model_spike_times_match_database": {
    "n2": true
  },
  "n2_after_opt_sanitycheck": 0.8350315158301469,
  "after_opt": {
    "noise_1": 0.8074800092361653,
    "noise_2": 0.835033955496667
  },
  "before_opt": {
    "noise_1": 0.25199080636423815,
    "noise_2": 0.25313814105924115
  }
}