{
  "noise1": {
    "RSS_of_voltage_diff": 183.10558555949456,
    "var_of_voltage_difference": 1.3076428862022334e-05,
    "var_of_voltage_data": 6.4372043243158e-05,
    "num_data_points_wo_spike_shape": 13803309
  },
  "noise2": {
    "RSS_of_voltage_diff": 169.68211806076414,
    "var_of_voltage_difference": 1.2191048470124896e-05,
    "var_of_voltage_data": 6.414313452457534e-05,
    "num_data_points_wo_spike_shape": 13803855
  }
}