{
  "model_spike_times_same_across_sweeps": {
    "n1": 1,
    "n2": 1
  },
  "run_model_spike_times_match_database": {
    "n2": true
  },
  "n2_after_opt_sanitycheck": 0.8208720371722247,
  "after_opt": {
    "noise_1": 0.8709707676326471,
    "noise_2": 0.820873836376403
  },
  "before_opt": {
    "noise_1": 0.587902020894449,
    "noise_2": 0.5921816347755254
  }
}