{
  "model_spike_times_same_across_sweeps": {
    "n1": 1,
    "n2": 1
  },
  "run_model_spike_times_match_database": {
    "n2": true
  },
  "n2_after_opt_sanitycheck": 0.5026673228565108,
  "after_opt": {
    "noise_1": 0.45288320350665073,
    "noise_2": 0.502671324431026
  },
  "before_opt": {
    "noise_1": 0.3042140663850722,
    "noise_2": 0.559853036517982
  }
}