{
  "model_spike_times_same_across_sweeps": {
    "n1": 1,
    "n2": 1
  },
  "run_model_spike_times_match_database": {
    "n2": true
  },
  "n2_after_opt_sanitycheck": 0.6329163720199645,
  "after_opt": {
    "noise_1": 0.6382992254916638,
    "noise_2": 0.632904197743283
  },
  "before_opt": {
    "noise_1": 0.3298613043058389,
    "noise_2": 0.328633050086033
  }
}