{
  "model_spike_times_same_across_sweeps": {
    "n1": 1,
    "n2": 1
  },
  "run_model_spike_times_match_database": {
    "n2": true
  },
  "n2_after_opt_sanitycheck": 0.8884519798809275,
  "after_opt": {
    "noise_1": 0.8604323711126497,
    "noise_2": 0.88840712654845
  },
  "before_opt": {
    "noise_1": 0.4753114907254688,
    "noise_2": 0.48240724368203763
  }
}