{
  "noise1": {
    "RSS_of_voltage_diff": 4.430763493913773,
    "var_of_voltage_difference": 7.902792640240211e-07,
    "var_of_voltage_data": 5.24355598158393e-05,
    "num_data_points_wo_spike_shape": 5600767
  },
  "noise2": {
    "RSS_of_voltage_diff": 4.5928572192325845,
    "var_of_voltage_difference": 8.726730094013202e-07,
    "var_of_voltage_data": 5.243403349254579e-05,
    "num_data_points_wo_spike_shape": 4200560
  }
}