{
  "El_reference": -0.07243453979492188, 
  "C": 9.633471729576929e-11, 
  "asc_amp_array": [
    -1.5242565133514232e-11, 
    -2.2765271240943248e-10
  ], 
  "init_threshold": 0.025324090625229514, 
  "threshold_reset_method": {
    "params": {
      "a_spike": 0.002168082861400815, 
      "b_spike": 55.629433876567624
    }, 
    "name": "three_components"
  }, 
  "th_inf": 0.025324090625229514, 
  "spike_cut_length": 85, 
  "init_AScurrents": [
    0.0, 
    0.0
  ], 
  "init_voltage": 0.0, 
  "threshold_dynamics_method": {
    "params": {
      "b_voltage": 199.5531418049531, 
      "a_spike": 0.002168082861400815, 
      "b_spike": 55.629433876567624, 
      "a_voltage": 43.40300071360589
    }, 
    "name": "three_components_exact"
  }, 
  "voltage_reset_method": {
    "params": {
      "a": 0.2371384677431356, 
      "b": 0.015202641913740806
    }, 
    "name": "v_before"
  }, 
  "extrapolation_method_name": "endpoints", 
  "dt": 5e-05, 
  "voltage_dynamics_method": {
    "params": {}, 
    "name": "linear_forward_euler"
  }, 
  "El": 0.0, 
  "asc_tau_array": [
    0.3333333333333333, 
    0.01
  ], 
  "R_input": 79058992.8028016, 
  "AScurrent_dynamics_method": {
    "params": {}, 
    "name": "exp"
  }, 
  "AScurrent_reset_method": {
    "params": {
      "r": [
        1.0, 
        1.0
      ]
    }, 
    "name": "sum"
  }, 
  "dt_multiplier": 10, 
  "th_adapt": null, 
  "coeffs": {
    "a": 1, 
    "C": 1, 
    "b": 1, 
    "G": 1, 
    "th_inf": 0.931778564072953, 
    "asc_amp_array": [
      1.0, 
      1.0
    ]
  }, 
  "type": "GLIF"
}