{
  "model_spike_times_same_across_sweeps": {
    "n1": 1,
    "n2": 1
  },
  "run_model_spike_times_match_database": {
    "n2": true
  },
  "n2_after_opt_sanitycheck": 0.7760906944917367,
  "after_opt": {
    "noise_1": 0.7927444996147509,
    "noise_2": 0.776090948072924
  },
  "before_opt": {
    "noise_1": 0.7365569654937366,
    "noise_2": 0.7762266207931361
  }
}