{
  "El": {
    "El_max_subth_long_square": {
      "dependencies": null, 
      "value": -0.0772586059570312
    }, 
    "El_noise": {
      "measured": {
        "dependencies": null, 
        "list": [
          -0.0774780578613281, 
          -0.07762934112548829, 
          -0.0779657821655273, 
          -0.0778030700683594
        ], 
        "mean": -0.077719062805175765
      }
    }, 
    "El_ramp": {
      "dependencies": null, 
      "value": -0.0766654586791992
    }, 
    "El_suprathreshold_blip": {
      "dependencies": null, 
      "value": -0.07742027282714839
    }, 
    "El_subthreshold_blip": {
      "dependencies": null, 
      "value": -0.0777834930419922
    }
  }, 
  "spike_cut_length": {
    "no deltaV shift": {
      "slope": 0.84752376671998442, 
      "length": 69.0, 
      "intercept": -0.0010349434022225504, 
      "dependencies": null
    }
  }, 
  "threshold_adaptation": {
    "b_spike_component_of_threshold": 244.33154080425294, 
    "b_voltage_comp_of_thr_from_fitab": 55.328062682455119, 
    "b_voltage_comp_of_thr_from_fitabth": 122.39321163101749, 
    "a_voltage_comp_of_thr_from_fitab": 20.755570197694709, 
    "a_spike_component_of_threshold": 0.0047770395618235732, 
    "a_voltage_comp_of_thr_from_fitabth": 93.248640092412145
  }, 
  "th_inf": {
    "via_Vmeasure": {
      "from_zero": 0.031094446044264153, 
      "dependencies": "measured from suprathreshold blip", 
      "value": -0.046325826782884237
    }, 
    "fit_with_v_comp_of_th": {
      "from_zero": 0.0165346781485654, 
      "value": -0.061184384656610365
    }
  }, 
  "resistance": {
    "R_test_list": {
      "list": [
        171203695.580571, 
        164634809.50785485, 
        158998050.4525083, 
        159551857.48013392
      ], 
      "mean": 163597103.25526702
    }, 
    "R_fit_ASC_and_R": {
      "list": [
        158950001.32756126, 
        148621527.34780544, 
        143443194.35205996, 
        143790080.9693402
      ], 
      "mean": 148701200.9991917
    }, 
    "R_from_lims": {
      "value": 167968750.0
    }
  }, 
  "asc": {
    "amp": [
      -1.545766065715079e-11, 
      -2.404490477675137e-10
    ], 
    "k": [
      3.0, 
      100.0
    ], 
    "dependencies": "Cap and res from least squares"
  }, 
  "capacitance": {
    "C_from_lims": {
      "value": 1.1419282073388234e-10
    }, 
    "C_test_list": {
      "list": [
        1.1146968456369238e-10, 
        1.0431982699667862e-10, 
        1.0658893970388572e-10, 
        1.0608225570575456e-10
      ], 
      "mean": 1.0711517674250281e-10
    }
  }, 
  "MLIN": {
    "tau_from_AC": 0.019243479237258276, 
    "sv_for_expsymm": 0.00049694825858341075, 
    "var_of_section": 4.9391514341816908e-07
  }, 
  "sweep_properties": {
    "multi_short_square": {
      "sweep_num": [
        86, 
        87, 
        88, 
        89, 
        90, 
        91, 
        92, 
        93, 
        94, 
        95, 
        96, 
        97, 
        98, 
        99, 
        100, 
        101, 
        102, 
        103, 
        104, 
        105, 
        106
      ]
    }, 
    "noise1": {
      "1": {
        "sweep_num": 59, 
        "El": -0.0774780578613281, 
        "spike_ind": [
          201022, 
          203184, 
          204659, 
          218737, 
          220992, 
          223007, 
          224691, 
          238736, 
          241039, 
          243252, 
          244731, 
          360785, 
          360986, 
          361467, 
          362144, 
          362731, 
          363246, 
          363767, 
          364420, 
          364793, 
          365932, 
          367647, 
          368578, 
          369435, 
          373234, 
          375244, 
          376489, 
          378072, 
          378772, 
          380845, 
          382791, 
          383656, 
          384602, 
          388080, 
          389477, 
          395284, 
          396536, 
          398131, 
          400895, 
          402616, 
          403722, 
          404614, 
          407951, 
          416586, 
          418116
        ]
      }, 
      "3": {
        "sweep_num": 63, 
        "El": -0.0779657821655273, 
        "spike_ind": [
          201356, 
          202864, 
          204633, 
          218722, 
          221091, 
          223242, 
          224682, 
          244800, 
          360754, 
          360958, 
          361440, 
          362440, 
          362941, 
          363540, 
          364389, 
          364774, 
          365918, 
          367890, 
          369246, 
          372016, 
          375283, 
          376459, 
          378038, 
          378795, 
          380876, 
          382715, 
          383673, 
          384565, 
          387999, 
          389420, 
          395275, 
          396491, 
          398149, 
          400923, 
          402828, 
          403740, 
          404576, 
          416533, 
          418120, 
          418797
        ]
      }, 
      "2": {
        "sweep_num": 61, 
        "El": -0.07762934112548829, 
        "spike_ind": [
          201067, 
          202789, 
          203784, 
          204719, 
          223243, 
          224716, 
          244751, 
          360767, 
          360978, 
          361477, 
          362383, 
          362892, 
          363460, 
          364396, 
          364787, 
          365908, 
          367652, 
          368529, 
          369307, 
          373163, 
          374771, 
          376410, 
          377312, 
          378148, 
          380821, 
          382704, 
          383596, 
          384455, 
          384923, 
          387957, 
          389454, 
          395382, 
          396517, 
          398114, 
          400902, 
          402809, 
          403664, 
          404608, 
          407962, 
          409501, 
          416455, 
          418137
        ]
      }, 
      "5": {
        "sweep_num": null, 
        "El": null, 
        "spike_ind": null
      }, 
      "4": {
        "sweep_num": 65, 
        "El": -0.0778030700683594, 
        "spike_ind": [
          200992, 
          202959, 
          203856, 
          204754, 
          221012, 
          223228, 
          224684, 
          244740, 
          360767, 
          360978, 
          361467, 
          362366, 
          362857, 
          363495, 
          364378, 
          364790, 
          365951, 
          366871, 
          367912, 
          369206, 
          371987, 
          373694, 
          376520, 
          378084, 
          378786, 
          380877, 
          382835, 
          383709, 
          384532, 
          387973, 
          389563, 
          395331, 
          396532, 
          398137, 
          400913, 
          402812, 
          403625, 
          404594, 
          409465, 
          416515, 
          418132
        ]
      }
    }, 
    "ramp": {
      "sweep_num": [
        5, 
        6, 
        7
      ]
    }, 
    "max_subthresh_long_square": {
      "sweep_num": [
        56
      ]
    }, 
    "suprathreshold_short_square": {
      "R_testpulsesweep_num": [
        19
      ]
    }, 
    "subthreshold_short_square": {
      "sweep_num": [
        24
      ]
    }
  }, 
  "spike_cutting": {
    "NOdeltaV": {
      "slope": 0.84752376671998442, 
      "intercept": -0.0010349434022225504, 
      "cut_length": 69.0, 
      "dependencies": null
    }
  }, 
  "dt_used_for_preprocessor_calculations": 5e-05
}