{
  "model_spike_times_same_across_sweeps": {
    "n1": 1,
    "n2": 1
  },
  "run_model_spike_times_match_database": {
    "n2": true
  },
  "n2_after_opt_sanitycheck": 0.6772767651320512,
  "after_opt": {
    "noise_1": 0.7118162466034647,
    "noise_2": 0.677284250717423
  },
  "before_opt": {
    "noise_1": 0.42910268351968606,
    "noise_2": 0.4537913729753653
  }
}