{
  "model_spike_times_same_across_sweeps": {
    "n1": 1,
    "n2": 1
  },
  "run_model_spike_times_match_database": {
    "n2": true
  },
  "n2_after_opt_sanitycheck": 0.544221595271055,
  "after_opt": {
    "noise_1": 0.33212319598807233,
    "noise_2": 0.544078632809101
  },
  "before_opt": {
    "noise_1": 0.17366955415551216,
    "noise_2": 0.525980052040379
  }
}