{
  "model_spike_times_same_across_sweeps": {
    "n1": 1,
    "n2": 1
  },
  "run_model_spike_times_match_database": {
    "n2": true
  },
  "n2_after_opt_sanitycheck": 0.6723952720291784,
  "after_opt": {
    "noise_1": 0.41708340932175064,
    "noise_2": 0.672376342686446
  },
  "before_opt": {
    "noise_1": 0.07144639758612269,
    "noise_2": 0.13319140968807813
  }
}