{
  "model_spike_times_same_across_sweeps": {
    "n1": 1,
    "n2": 1
  },
  "run_model_spike_times_match_database": {
    "n2": true
  },
  "n2_after_opt_sanitycheck": 0.9753725802618675,
  "after_opt": {
    "noise_1": 0.9777997928475332,
    "noise_2": 0.975371833223987
  },
  "before_opt": {
    "noise_1": 0.9807321219149447,
    "noise_2": 0.9788763958615152
  }
}