{
  "El": {
    "El_max_subth_long_square": {
      "dependencies": null, 
      "value": -0.07532769012451171
    }, 
    "El_noise": {
      "measured": {
        "dependencies": null, 
        "list": [
          -0.07582395172119141, 
          -0.0758316879272461, 
          -0.07601632690429691, 
          -0.0755048522949219
        ], 
        "mean": -0.075794204711914087
      }
    }, 
    "El_ramp": {
      "dependencies": null, 
      "value": -0.076515998840332
    }, 
    "El_suprathreshold_blip": {
      "dependencies": null, 
      "value": -0.0762764587402344
    }, 
    "El_subthreshold_blip": {
      "dependencies": null, 
      "value": -0.0764145965576172
    }
  }, 
  "spike_cut_length": {
    "no deltaV shift": {
      "slope": 0.3505134224907554, 
      "length": 98.0, 
      "intercept": 0.011539237263805327, 
      "dependencies": null
    }
  }, 
  "threshold_adaptation": {
    "b_spike_component_of_threshold": null, 
    "b_voltage_comp_of_thr_from_fitab": null, 
    "b_voltage_comp_of_thr_from_fitabth": null, 
    "a_voltage_comp_of_thr_from_fitab": null, 
    "a_spike_component_of_threshold": null, 
    "a_voltage_comp_of_thr_from_fitabth": null
  }, 
  "th_inf": {
    "via_Vmeasure": {
      "from_zero": 0.029988018105276619, 
      "dependencies": "measured from suprathreshold blip", 
      "value": -0.046288440634957788
    }, 
    "fit_with_v_comp_of_th": {
      "from_zero": null, 
      "value": null
    }
  }, 
  "resistance": {
    "R_test_list": {
      "list": [
        180054163.76201066, 
        158283899.75244424, 
        152222456.15933326, 
        146446088.5250757
      ], 
      "mean": 159251652.04971597
    }, 
    "R_fit_ASC_and_R": {
      "list": [
        199021924.69666353, 
        168382259.95440948, 
        162250023.4399648, 
        157485877.85214296
      ], 
      "mean": 171785021.48579517
    }, 
    "R_from_lims": {
      "value": 167031243.443489
    }
  }, 
  "asc": {
    "amp": [
      -6.974364897698042e-12, 
      -3.292141080203364e-10
    ], 
    "k": [
      3.0, 
      100.0
    ], 
    "dependencies": "Cap and res from least squares"
  }, 
  "capacitance": {
    "C_from_lims": {
      "value": 9.360356967479102e-11
    }, 
    "C_test_list": {
      "list": [
        1.0980456616051821e-10, 
        1.0723469871797893e-10, 
        1.0545965442881821e-10, 
        1.0656674702866982e-10
      ], 
      "mean": 1.0726641658399629e-10
    }
  }, 
  "MLIN": {
    "tau_from_AC": 0.036738492818652234, 
    "sv_for_expsymm": 0.00043138163778925955, 
    "var_of_section": 3.7218023484348789e-07
  }, 
  "sweep_properties": {
    "multi_short_square": {
      "sweep_num": null
    }, 
    "noise1": {
      "1": {
        "sweep_num": 50, 
        "El": -0.07582395172119141, 
        "spike_ind": [
          251340, 
          253303, 
          254503, 
          255853, 
          260904, 
          271570, 
          273262, 
          276238, 
          278480, 
          279739, 
          280919, 
          296502, 
          298091, 
          301243, 
          303588, 
          304847, 
          305992, 
          323153, 
          450981, 
          451303, 
          452025, 
          452986, 
          453637, 
          454365, 
          455299, 
          455876, 
          457133, 
          458163, 
          459473, 
          460364, 
          461402, 
          464933, 
          466456, 
          467470, 
          468529, 
          469516, 
          470529, 
          471518, 
          472508, 
          473252, 
          475921, 
          476741, 
          478025, 
          478748, 
          479518, 
          480487, 
          481049, 
          482411, 
          483671, 
          484903, 
          486292, 
          490175, 
          491959, 
          493456, 
          495363, 
          496458, 
          497533, 
          498363, 
          501065, 
          501947, 
          503169, 
          503983, 
          504713, 
          505602, 
          506257, 
          507606, 
          509883, 
          511511, 
          516540, 
          519067, 
          520506, 
          521559, 
          522678, 
          523507
        ]
      }, 
      "3": {
        "sweep_num": 54, 
        "El": -0.07601632690429691, 
        "spike_ind": [
          251401, 
          253793, 
          255869, 
          273444, 
          279022, 
          280935, 
          304048, 
          305917, 
          323455, 
          451032, 
          451412, 
          452224, 
          453137, 
          453814, 
          454523, 
          455454, 
          455983, 
          457383, 
          458600, 
          459881, 
          461414, 
          466492, 
          468369, 
          469552, 
          470593, 
          471588, 
          472583, 
          473404, 
          476026, 
          476926, 
          478250, 
          479091, 
          479786, 
          480659, 
          482474, 
          484904, 
          486514, 
          492351, 
          494097, 
          495516, 
          496618, 
          497669, 
          498452, 
          501073, 
          502194, 
          503440, 
          504452, 
          505570, 
          506202, 
          510544, 
          511858, 
          519146, 
          520623, 
          522634, 
          523490
        ]
      }, 
      "2": {
        "sweep_num": 52, 
        "El": -0.0758316879272461, 
        "spike_ind": [
          251656, 
          253712, 
          255812, 
          276362, 
          278650, 
          280837, 
          301392, 
          304313, 
          305953, 
          451021, 
          451374, 
          452180, 
          453087, 
          453731, 
          454469, 
          455452, 
          455985, 
          457367, 
          458419, 
          459844, 
          460877, 
          461785, 
          466487, 
          468180, 
          469187, 
          470469, 
          471456, 
          472530, 
          473308, 
          475924, 
          476793, 
          478168, 
          479016, 
          479745, 
          480615, 
          482458, 
          484852, 
          486707, 
          492159, 
          494057, 
          495548, 
          496590, 
          497669, 
          498459, 
          501055, 
          502302, 
          503469, 
          504464, 
          505598, 
          507471, 
          509972, 
          511625, 
          519081, 
          520621, 
          522510, 
          523433
        ]
      }, 
      "5": {
        "sweep_num": null, 
        "El": null, 
        "spike_ind": null
      }, 
      "4": {
        "sweep_num": 56, 
        "El": -0.0755048522949219, 
        "spike_ind": [
          251819, 
          253758, 
          255857, 
          273424, 
          276294, 
          279032, 
          280914, 
          304099, 
          305959, 
          451055, 
          451740, 
          452598, 
          453406, 
          454077, 
          454703, 
          455501, 
          456016, 
          457381, 
          458614, 
          459883, 
          460894, 
          461808, 
          466477, 
          468150, 
          469206, 
          470499, 
          471478, 
          472520, 
          473340, 
          475973, 
          476885, 
          478181, 
          479022, 
          479741, 
          480631, 
          481363, 
          483299, 
          485001, 
          486547, 
          494031, 
          495533, 
          496590, 
          497676, 
          498436, 
          501110, 
          502203, 
          503415, 
          504421, 
          505550, 
          506108, 
          509955, 
          511579, 
          519142, 
          520603, 
          522629, 
          523476
        ]
      }
    }, 
    "ramp": {
      "sweep_num": [
        4, 
        5, 
        6
      ]
    },