{
  "noise1": {
    "RSS_of_voltage_diff": 184.89346804534875,
    "var_of_voltage_difference": 8.10359922888395e-06,
    "var_of_voltage_data": 8.059127002395028e-05,
    "num_data_points_wo_spike_shape": 22397884
  },
  "noise2": {
    "RSS_of_voltage_diff": 180.10870952040815,
    "var_of_voltage_difference": 7.940327172452947e-06,
    "var_of_voltage_data": 8.079156078147068e-05,
    "num_data_points_wo_spike_shape": 22397944
  }
}