{
  "El_reference": -0.06852777481079102, 
  "C": 3.616646865180045e-11, 
  "asc_amp_array": [
    -1.6925414611402062e-12, 
    -6.237813831862772e-11
  ], 
  "init_threshold": 0.024045456326942237, 
  "threshold_reset_method": {
    "params": {
      "a_spike": 0.002890180366191464, 
      "b_spike": 48.89879835994935
    }, 
    "name": "three_components"
  }, 
  "th_inf": 0.024045456326942237, 
  "spike_cut_length": 60, 
  "init_AScurrents": [
    0.0, 
    0.0
  ], 
  "init_voltage": 0.0, 
  "threshold_dynamics_method": {
    "params": {
      "b_voltage": 0, 
      "a_spike": 0.002890180366191464, 
      "b_spike": 48.89879835994935, 
      "a_voltage": 0
    }, 
    "name": "spike_component"
  }, 
  "voltage_reset_method": {
    "params": {
      "a": 0.4045918295609357, 
      "b": 0.011256673023735416
    }, 
    "name": "v_before"
  }, 
  "extrapolation_method_name": "endpoints", 
  "dt": 5e-05, 
  "voltage_dynamics_method": {
    "params": {}, 
    "name": "linear_forward_euler"
  }, 
  "El": 0.0, 
  "asc_tau_array": [
    0.3333333333333333, 
    0.01
  ], 
  "R_input": 335650512.18287474, 
  "AScurrent_dynamics_method": {
    "params": {}, 
    "name": "none"
  }, 
  "AScurrent_reset_method": {
    "params": {}, 
    "name": "none"
  }, 
  "dt_multiplier": 10, 
  "th_adapt": null, 
  "coeffs": {
    "a": 1, 
    "C": 1, 
    "b": 1, 
    "G": 1, 
    "th_inf": 1.0596379230917137, 
    "asc_amp_array": [
      1.0, 
      1.0
    ]
  }, 
  "type": "GLIF"
}