{
  "model_spike_times_same_across_sweeps": {
    "n1": 1,
    "n2": 1
  },
  "run_model_spike_times_match_database": {
    "n2": true
  },
  "n2_after_opt_sanitycheck": 0.6767570306051709,
  "after_opt": {
    "noise_1": 0.5814805304449765,
    "noise_2": 0.676707690413628
  },
  "before_opt": {
    "noise_1": 0.2518706217382968,
    "noise_2": 0.33495398902374673
  }
}