{
  "noise1": {
    "RSS_of_voltage_diff": 560.8642662031016,
    "var_of_voltage_difference": 2.462931900735124e-05,
    "var_of_voltage_data": 7.644367768594398e-05,
    "num_data_points_wo_spike_shape": 20000576
  },
  "noise2": {
    "RSS_of_voltage_diff": 553.8757467965664,
    "var_of_voltage_difference": 2.4359511457189136e-05,
    "var_of_voltage_data": 7.790461111768087e-05,
    "num_data_points_wo_spike_shape": 19999300
  }
}