{
  "model_spike_times_same_across_sweeps": {
    "n1": 1,
    "n2": 1
  },
  "run_model_spike_times_match_database": {
    "n2": true
  },
  "n2_after_opt_sanitycheck": 0.6226956761859936,
  "after_opt": {
    "noise_1": 0.6016950532399513,
    "noise_2": 0.622658350099458
  },
  "before_opt": {
    "noise_1": 0.3149697907790891,
    "noise_2": 0.34008518087164136
  }
}