{
  "noise1": {
    "RSS_of_voltage_diff": 56.97365303112867,
    "var_of_voltage_difference": 9.604972561895759e-06,
    "var_of_voltage_data": 5.7896945587718e-05,
    "num_data_points_wo_spike_shape": 5584950
  },
  "noise2": {
    "RSS_of_voltage_diff": 57.41932216351702,
    "var_of_voltage_difference": 9.539396269539216e-06,
    "var_of_voltage_data": 5.8524871980626204e-05,
    "num_data_points_wo_spike_shape": 5583807
  }
}