{
  "noise1": {
    "RSS_of_voltage_diff": 39.84212547417996,
    "var_of_voltage_difference": 7.156703982339088e-06,
    "var_of_voltage_data": 8.100076847507178e-05,
    "num_data_points_wo_spike_shape": 4194338
  },
  "noise2": {
    "RSS_of_voltage_diff": 31.501218692343766,
    "var_of_voltage_difference": 6.393022028139223e-06,
    "var_of_voltage_data": 8.079913321088203e-05,
    "num_data_points_wo_spike_shape": 4195314
  }
}