{
  "El": {
    "El_max_subth_long_square": {
      "dependencies": null,
      "value": -0.07386898803710941
    },
    "El_noise": {
      "measured": {
        "dependencies": null,
        "list": [
          -0.0740652923583984,
          -0.07383351135253911,
          -0.0734614715576172
        ],
        "mean": -0.07378675842285157
      }
    },
    "El_ramp": {
      "dependencies": null,
      "value": -0.07285523223876951
    },
    "El_suprathreshold_blip": {
      "dependencies": null,
      "value": -0.0730731964111328
    },
    "El_subthreshold_blip": {
      "dependencies": null,
      "value": -0.0743539581298828
    }
  },
  "spike_cut_length": {
    "no deltaV shift": {
      "slope": 0.008450242175445814,
      "length": 61.0,
      "intercept": 0.018664549565285942,
      "dependencies": null
    }
  },
  "threshold_adaptation": {
    "b_spike_component_of_threshold": 21.102732665254987,
    "b_voltage_comp_of_thr_from_fitab": 47.5427286189878,
    "b_voltage_comp_of_thr_from_fitabth": 109.14444732785012,
    "a_voltage_comp_of_thr_from_fitab": 8.392317033285149,
    "a_spike_component_of_threshold": 0.002825734622349331,
    "a_voltage_comp_of_thr_from_fitabth": 41.71415688751826
  },
  "th_inf": {
    "via_Vmeasure": {
      "from_zero": 0.027181097099447216,
      "dependencies": "measured from suprathreshold blip",
      "value": -0.045892099311685586
    },
    "fit_with_v_comp_of_th": {
      "from_zero": 0.0215553588441377,
      "value": -0.052231399578713866
    }
  },
  "resistance": {
    "R_test_list": {
      "list": [
        216660176.51636147,
        229759041.05469584,
        211685535.22283033
      ],
      "mean": 219368250.93129587
    },
    "R_fit_ASC_and_R": {
      "list": [
        317263821.8189685,
        309909754.5308613,
        306025284.3377989
      ],
      "mean": 311066286.8958762
    },
    "R_from_lims": {
      "value": 94241067.7671432
    }
  },
  "asc": {
    "amp": [
      -1.0916726488579645e-10,
      3.3635917372560074e-10
    ],
    "k": [
      29.999999999999996,
      300.0
    ],
    "dependencies": "Cap and res from least squares"
  },
  "capacitance": {
    "C_from_lims": {
      "value": 1.798456575322309e-10
    },
    "C_test_list": {
      "list": [
        1.1218716214672303e-10,
        1.0620631115791679e-10,
        1.050074538071364e-10
      ],
      "mean": 1.0780030903725873e-10
    }
  },
  "MLIN": {
    "tau_from_AC": 0.03348663221778659,
    "sv_for_expsymm": 0.00019084717070360044,
    "var_of_section": 7.284528513113842e-08
  },
  "sweep_properties": {
    "multi_short_square": {
      "sweep_num": [
        77,
        78,
        79,
        80,
        81,
        82,
        83,
        84,
        85,
        86,
        87,
        88,
        89,
        90,
        91,
        92,
        93,
        94,
        95,
        96,
        97
      ]
    },
    "noise1": {
      "1": {
        "sweep_num": 48,
        "El": -0.0740652923583984,
        "spike_ind": [
          253653,
          255945,
          261893,
          271556,
          277272,
          279695,
          283227,
          296333,
          301913,
          304615,
          308276,
          321142,
          451267,
          452460,
          453606,
          454581,
          455745,
          457321,
          459224,
          460678,
          462983,
          466363,
          468391,
          470421,
          472169,
          473373,
          476129,
          477585,
          478729,
          479769,
          480896,
          482651,
          484856,
          486535,
          491405,
          493513,
          495533,
          497439,
          500943,
          502298,
          503656,
          504732,
          505864,
          507675,
          509885,
          511734,
          516470,
          518704,
          520526,
          522423,
          524392
        ]
      },
      "3": {
        "sweep_num": 52,
        "El": -0.0734614715576172,
        "spike_ind": [
          254142,
          257184,
          272641,
          278224,
          280815,
          297141,
          303046,
          305723,
          322415,
          451285,
          452502,
          453661,
          454697,
          455825,
          457420,
          459523,
          461315,
          465686,
          467963,
          470110,
          471644,
          473083,
          476120,
          477691,
          478989,
          480456,
          482294,
          484776,
          486654,
          491457,
          493832,
          495622,
          497490,
          501082,
          502623,
          503960,
          505446,
          507345,
          509801,
          511730,
          516540,
          518909,
          520691,
          522565
        ]
      },
      "2": {
        "sweep_num": 50,
        "El": -0.07383351135253911,
        "spike_ind": [
          253710,
          256005,
          271536,
          277575,
          280182,
          286822,
          297495,
          303408,
          305909,
          311846,
          321679,
          451317,
          452640,
          453881,
          455114,
          456027,
          457700,
          459788,
          461430,
          465682,
          467871,
          469911,
          471511,
          472960,
          476094,
          477591,
          478799,
          479805,
          480925,
          482733,
          484905,
          486775,
          491493,
          493876,
          495717,
          497533,
          501021,
          502875,
          504023,
          505502,
          507373,
          509849,
          511710,
          516520,
          518946,
          520738,
          522563
        ]
      },
      "5": {
        "sweep_num": null,
        "El": null,
        "spike_ind": null
      },
      "4": {
        "sweep_num": null,
        "El": null,
        "spike_ind": null
      }
    },
    "ramp": {
      "sweep_num": [
        4,
        5,
        6
      ]
    },
    "max_subthresh_long_square": {
      "sweep_num": [
        31
      ]
    },
    "suprathreshold_short_square": {
      "R_testpulsesweep_num": [
        12,
        16,
        17,
        19,
        20
      ]
    },
    "subthreshold_short_square": {
      "sweep_num": [
        75
      ]
    }
  },
  "spike_cutting": {
    "NOdeltaV": {
      "slope": 0.008450242175445814,
      "intercept": 0.018664549565285942,
      "cut_length": 61.0,
      "dependencies": null
    }
  },
  "dt_used_for_preprocessor_calculations": 5e-05
}