{
  "model_spike_times_same_across_sweeps": {
    "n1": 1,
    "n2": 1
  },
  "run_model_spike_times_match_database": {
    "n2": true
  },
  "n2_after_opt_sanitycheck": 0.7115755670148445,
  "after_opt": {
    "noise_1": 0.7347647505454125,
    "noise_2": 0.711592184659737
  },
  "before_opt": {
    "noise_1": 0.7272523675220441,
    "noise_2": 0.7159361371456779
  }
}