{
  "model_spike_times_same_across_sweeps": {
    "n1": 1,
    "n2": 1
  },
  "run_model_spike_times_match_database": {
    "n2": true
  },
  "n2_after_opt_sanitycheck": 0.6758988251899258,
  "after_opt": {
    "noise_1": 0.6403272125795653,
    "noise_2": 0.675912431884086
  },
  "before_opt": {
    "noise_1": 0.6741605003947418,
    "noise_2": 0.660558085946642
  }
}