{
  "model_spike_times_same_across_sweeps": {
    "n1": 1,
    "n2": 1
  },
  "run_model_spike_times_match_database": {
    "n2": true
  },
  "n2_after_opt_sanitycheck": 0.6467973906949962,
  "after_opt": {
    "noise_1": 0.5937646054146458,
    "noise_2": 0.646777211826921
  },
  "before_opt": {
    "noise_1": 0.6118622856490215,
    "noise_2": 0.6298931604091074
  }
}