{
  "model_spike_times_same_across_sweeps": {
    "n1": 1,
    "n2": 1
  },
  "run_model_spike_times_match_database": {
    "n2": true
  },
  "n2_after_opt_sanitycheck": 0.7508127943397906,
  "after_opt": {
    "noise_1": 0.6501759112834794,
    "noise_2": 0.750796415643207
  },
  "before_opt": {
    "noise_1": 0.7829530747027116,
    "noise_2": 0.83943052251793
  }
}