{
  "noise1": {
    "RSS_of_voltage_diff": 236.26118372611617,
    "var_of_voltage_difference": 5.1465170001373983e-05,
    "var_of_voltage_data": 0.00013136539011875597,
    "num_data_points_wo_spike_shape": 4186764
  },
  "noise2": {
    "RSS_of_voltage_diff": 218.77379564631457,
    "var_of_voltage_difference": 6.814009150297278e-05,
    "var_of_voltage_data": 0.00013792716167567175,
    "num_data_points_wo_spike_shape": 2788552
  }
}