{
  "model_spike_times_same_across_sweeps": {
    "n1": 1,
    "n2": 1
  },
  "run_model_spike_times_match_database": {
    "n2": true
  },
  "n2_after_opt_sanitycheck": 0.5981603707868469,
  "after_opt": {
    "noise_1": 0.5416453582477324,
    "noise_2": 0.598146059492155
  },
  "before_opt": {
    "noise_1": 0.6267663828964856,
    "noise_2": 0.6068308325045645
  }
}