{
  "model_spike_times_same_across_sweeps": {
    "n1": 1,
    "n2": 1
  },
  "run_model_spike_times_match_database": {
    "n2": true
  },
  "n2_after_opt_sanitycheck": 0.6708202243449934,
  "after_opt": {
    "noise_1": 0.7188307931864114,
    "noise_2": 0.670762518857632
  },
  "before_opt": {
    "noise_1": 0.6246153107620521,
    "noise_2": 0.5610152387646006
  }
}