{
  "noise1": {
    "RSS_of_voltage_diff": 72.098575569642,
    "var_of_voltage_difference": 1.675008843460843e-05,
    "var_of_voltage_data": 0.00013136539011875597,
    "num_data_points_wo_spike_shape": 4186764
  },
  "noise2": {
    "RSS_of_voltage_diff": 61.20384154910487,
    "var_of_voltage_difference": 2.0445746874295332e-05,
    "var_of_voltage_data": 0.00013792716167567175,
    "num_data_points_wo_spike_shape": 2788552
  }
}