{
  "model_spike_times_same_across_sweeps": {
    "n1": 1,
    "n2": 1
  },
  "run_model_spike_times_match_database": {
    "n2": true
  },
  "n2_after_opt_sanitycheck": 0.8108585810171629,
  "after_opt": {
    "noise_1": 0.8352488058347717,
    "noise_2": 0.81076935456072
  },
  "before_opt": {
    "noise_1": 0.7752370828214874,
    "noise_2": 0.8025639552243785
  }
}