{
  "model_spike_times_same_across_sweeps": {
    "n1": 1,
    "n2": 1
  },
  "run_model_spike_times_match_database": {
    "n2": true
  },
  "n2_after_opt_sanitycheck": 0.689844546404171,
  "after_opt": {
    "noise_1": 0.711228711897889,
    "noise_2": 0.68982046164436
  },
  "before_opt": {
    "noise_1": 0.6075118772791513,
    "noise_2": 0.603839706214859
  }
}