{
  "El_reference": -0.06810635375976563,
  "C": 7.211646086378689e-11,
  "asc_amp_array": [
    -3.087753035625133e-12,
    -8.264230731622633e-11
  ],
  "init_threshold": 0.026048553982871966,
  "threshold_reset_method": {
    "params": {
      "a_spike": 0.008704956925870751,
      "b_spike": 403.1168004946855
    },
    "name": "three_components"
  },
  "th_inf": 0.026048553982871966,
  "spike_cut_length": 72,
  "init_AScurrents": [
    0.0,
    0.0
  ],
  "init_voltage": 0.0,
  "threshold_dynamics_method": {
    "params": {
      "b_voltage": 254.8861836685101,
      "a_spike": 0.008704956925870751,
      "b_spike": 403.1168004946855,
      "a_voltage": 27.1110260828302
    },
    "name": "three_components_exact"
  },
  "voltage_reset_method": {
    "params": {
      "a": 0.3837193336963391,
      "b": 0.0036522394152953847
    },
    "name": "v_before"
  },
  "extrapolation_method_name": "endpoints",
  "dt": 5e-05,
  "voltage_dynamics_method": {
    "params": {},
    "name": "linear_forward_euler"
  },
  "El": 0.0,
  "asc_tau_array": [
    0.3333333333333333,
    0.03333333333333334
  ],
  "R_input": 195217444.47785398,
  "AScurrent_dynamics_method": {
    "params": {},
    "name": "exp"
  },
  "AScurrent_reset_method": {
    "params": {
      "r": [
        1.0,
        1.0
      ]
    },
    "name": "sum"
  },
  "dt_multiplier": 10,
  "th_adapt": null,
  "coeffs": {
    "a": 1,
    "C": 1,
    "b": 1,
    "G": 1,
    "th_inf": 0.8440120462491272,
    "asc_amp_array": [
      1.0,
      1.0
    ]
  },
  "type": "GLIF"
}