{
  "model_spike_times_same_across_sweeps": {
    "n1": 1,
    "n2": 1
  },
  "run_model_spike_times_match_database": {
    "n2": true
  },
  "n2_after_opt_sanitycheck": 0.8248475149791781,
  "after_opt": {
    "noise_1": 0.844082344317273,
    "noise_2": 0.824797631072731
  },
  "before_opt": {
    "noise_1": 0.7388813453706756,
    "noise_2": 0.7590453346043314
  }
}