{
  "noise1": {
    "RSS_of_voltage_diff": 7.4637223698194175,
    "var_of_voltage_difference": 1.740239143386277e-06,
    "var_of_voltage_data": 4.920878715544078e-05,
    "num_data_points_wo_spike_shape": 4200810
  },
  "noise2": {
    "RSS_of_voltage_diff": 7.027756686392247,
    "var_of_voltage_difference": 2.460391369206148e-06,
    "var_of_voltage_data": 4.701680649251154e-05,
    "num_data_points_wo_spike_shape": 2799664
  }
}