{
  "model_spike_times_same_across_sweeps": {
    "n1": 1,
    "n2": 1
  },
  "run_model_spike_times_match_database": {
    "n2": true
  },
  "n2_after_opt_sanitycheck": 0.4374823787522799,
  "after_opt": {
    "noise_1": 0.3521323665825577,
    "noise_2": 0.437445608285244
  },
  "before_opt": {
    "noise_1": 0.49795298345499095,
    "noise_2": 0.3846764166426212
  }
}