{
  "model_spike_times_same_across_sweeps": {
    "n1": 1,
    "n2": 1
  },
  "run_model_spike_times_match_database": {
    "n2": true
  },
  "n2_after_opt_sanitycheck": 0.6676695838286235,
  "after_opt": {
    "noise_1": 0.6682130840280537,
    "noise_2": 0.667682803470108
  },
  "before_opt": {
    "noise_1": 0.5006247798378847,
    "noise_2": 0.5282923874715906
  }
}