{
  "model_spike_times_same_across_sweeps": {
    "n1": 1,
    "n2": 1
  },
  "run_model_spike_times_match_database": {
    "n2": true
  },
  "n2_after_opt_sanitycheck": 0.750608012882241,
  "after_opt": {
    "noise_1": 0.5267503989014873,
    "noise_2": 0.750574500082117
  },
  "before_opt": {
    "noise_1": 0.5365331077047553,
    "noise_2": 0.42805841126376093
  }
}