{
  "El_reference": -0.07740994771321613, 
  "C": 8.226399197040147e-11, 
  "asc_amp_array": [
    -4.053192489684951e-12, 
    -1.9084755719073738e-10
  ], 
  "init_threshold": 0.02715699184453047, 
  "threshold_reset_method": {
    "params": {
      "a_spike": 0.0018267000219729587, 
      "b_spike": 81.24916236163642
    }, 
    "name": "three_components"
  }, 
  "th_inf": 0.02715699184453047, 
  "spike_cut_length": 93, 
  "init_AScurrents": [
    0.0, 
    0.0
  ], 
  "init_voltage": 0.0, 
  "threshold_dynamics_method": {
    "params": {
      "b_voltage": 0, 
      "a_spike": 0.0018267000219729587, 
      "b_spike": 81.24916236163642, 
      "a_voltage": 0
    }, 
    "name": "spike_component"
  }, 
  "voltage_reset_method": {
    "params": {
      "a": 0.5832339309229397, 
      "b": 0.004593474779171467
    }, 
    "name": "v_before"
  }, 
  "extrapolation_method_name": "endpoints", 
  "dt": 5e-05, 
  "voltage_dynamics_method": {
    "params": {}, 
    "name": "linear_forward_euler"
  }, 
  "El": 0.0, 
  "asc_tau_array": [
    0.3333333333333333, 
    0.01
  ], 
  "R_input": 187576673.03256932, 
  "AScurrent_dynamics_method": {
    "params": {}, 
    "name": "exp"
  }, 
  "AScurrent_reset_method": {
    "params": {
      "r": [
        1.0, 
        1.0
      ]
    }, 
    "name": "sum"
  }, 
  "dt_multiplier": 10, 
  "th_adapt": null, 
  "coeffs": {
    "a": 1, 
    "C": 1, 
    "b": 1, 
    "G": 1, 
    "th_inf": 1.1351719593205933, 
    "asc_amp_array": [
      1.0, 
      1.0
    ]
  }, 
  "type": "GLIF"
}