{
  "noise1": {
    "RSS_of_voltage_diff": 139.61502191951044,
    "var_of_voltage_difference": 8.269921914467421e-06,
    "var_of_voltage_data": 9.901436629029737e-05,
    "num_data_points_wo_spike_shape": 16804098
  },
  "noise2": {
    "RSS_of_voltage_diff": 187.34360819864906,
    "var_of_voltage_difference": 8.3542861029023e-06,
    "var_of_voltage_data": 9.824551543691362e-05,
    "num_data_points_wo_spike_shape": 22404379
  }
}