{
  "El": {
    "El_max_subth_long_square": {
      "dependencies": null, 
      "value": -0.07450012207031251
    }, 
    "El_noise": {
      "measured": {
        "dependencies": null, 
        "list": [
          -0.0740706481933594, 
          -0.0750880889892578
        ], 
        "mean": -0.074579368591308592
      }
    }, 
    "El_ramp": {
      "dependencies": null, 
      "value": -0.0749750595092773
    }, 
    "El_suprathreshold_blip": {
      "dependencies": null, 
      "value": -0.0753767013549805
    }, 
    "El_subthreshold_blip": {
      "dependencies": null, 
      "value": -0.0754542617797852
    }
  }, 
  "spike_cut_length": {
    "no deltaV shift": {
      "slope": 0.076859602321237286, 
      "length": 39.0, 
      "intercept": 0.0098109942220422804, 
      "dependencies": null
    }
  }, 
  "threshold_adaptation": {
    "b_spike_component_of_threshold": 123.81409966421818, 
    "b_voltage_comp_of_thr_from_fitab": 119.4455015780824, 
    "b_voltage_comp_of_thr_from_fitabth": 2333.4466010413053, 
    "a_voltage_comp_of_thr_from_fitab": 35.803718264551449, 
    "a_spike_component_of_threshold": 0.0016675896609396571, 
    "a_voltage_comp_of_thr_from_fitabth": 2322.5463830113367
  }, 
  "th_inf": {
    "via_Vmeasure": {
      "from_zero": 0.029837833104847264, 
      "dependencies": "measured from suprathreshold blip", 
      "value": -0.04553886825013323
    }, 
    "fit_with_v_comp_of_th": {
      "from_zero": -7.7153276742097932e-05, 
      "value": -0.07465652186805069
    }
  }, 
  "resistance": {
    "R_test_list": {
      "list": [
        287107832.84683859, 
        282059508.69209409
      ], 
      "mean": 284583670.76946634
    }, 
    "R_fit_ASC_and_R": {
      "list": [
        345455716.34739286, 
        327189720.67108524
      ], 
      "mean": 336322718.50923908
    }, 
    "R_from_lims": {
      "value": 219218745.827675
    }
  }, 
  "asc": {
    "amp": [
      -6.781859804300791e-11, 
      5.155367824236049e-11
    ], 
    "k": [
      100.0, 
      300.0
    ], 
    "dependencies": "Cap and res from least squares"
  }, 
  "capacitance": {
    "C_from_lims": {
      "value": 5.16846217066822e-11
    }, 
    "C_test_list": {
      "list": [
        3.9141321711174458e-11, 
        3.8627396304459518e-11
      ], 
      "mean": 3.8884359007816988e-11
    }
  }, 
  "MLIN": {
    "tau_from_AC": 0.005929030424146298, 
    "sv_for_expsymm": 0.00041326306071411882, 
    "var_of_section": 3.4157271470160295e-07
  }, 
  "sweep_properties": {
    "multi_short_square": {
      "sweep_num": [
        71, 
        72, 
        73, 
        74, 
        75, 
        76, 
        77, 
        78, 
        79, 
        80, 
        81, 
        82, 
        83, 
        84, 
        85, 
        86, 
        87, 
        88, 
        89, 
        90, 
        91, 
        92, 
        93, 
        94
      ]
    }, 
    "noise1": {
      "1": {
        "sweep_num": 48, 
        "El": -0.0740706481933594, 
        "spike_ind": [
          200832, 
          201092, 
          201504, 
          202411, 
          202816, 
          203187, 
          203568, 
          203885, 
          204361, 
          204673, 
          204942, 
          205938, 
          206545, 
          207929, 
          208465, 
          209096, 
          209523, 
          212032, 
          213162, 
          213911, 
          215227, 
          216158, 
          216609, 
          217143, 
          217989, 
          218415, 
          218770, 
          219510, 
          220731, 
          221026, 
          221480, 
          222121, 
          222642, 
          222988, 
          223354, 
          223706, 
          224220, 
          224594, 
          224849, 
          225958, 
          226602, 
          227602, 
          228283, 
          229116, 
          233184, 
          235203, 
          236405, 
          237099, 
          237968, 
          238403, 
          238768, 
          239565, 
          240747, 
          241041, 
          241508, 
          242457, 
          242871, 
          243240, 
          243609, 
          244125, 
          244522, 
          244801, 
          245971, 
          246622, 
          247608, 
          249195, 
          253183, 
          253923, 
          255291, 
          256168, 
          256599, 
          257154, 
          257983, 
          258439, 
          258807, 
          360599, 
          360812, 
          360965, 
          361137, 
          361364, 
          361580, 
          361814, 
          362074, 
          362352, 
          362577, 
          362784, 
          362966, 
          363179, 
          363411, 
          363593, 
          363780, 
          364087, 
          364330, 
          364525, 
          364687, 
          364848, 
          365105, 
          365459, 
          365762, 
          365958, 
          366389, 
          366636, 
          366913, 
          367336, 
          367598, 
          367870, 
          368169, 
          368398, 
          368667, 
          369028, 
          369254, 
          369478, 
          370023, 
          370439, 
          371702, 
          371991, 
          372562, 
          373026, 
          373284, 
          373599, 
          373894, 
          374307, 
          374651, 
          375059, 
          375287, 
          375579, 
          376018, 
          376325, 
          376536, 
          376868, 
          377111, 
          377487, 
          377800, 
          378015, 
          378229, 
          378459, 
          378671, 
          379372, 
          380478, 
          380760, 
          380945, 
          381139, 
          381397, 
          381682, 
          381951, 
          382331, 
          382583, 
          382807, 
          382999, 
          383209, 
          383466, 
          383668, 
          383849, 
          384138, 
          384383, 
          384598, 
          384763, 
          384952, 
          385344, 
          385711, 
          385953, 
          386404, 
          386890, 
          387358, 
          387620, 
          387895, 
          388240, 
          388512, 
          389020, 
          389260, 
          389487, 
          390055, 
          390456, 
          391901, 
          392574, 
          393069, 
          393469, 
          393782, 
          394244, 
          394571, 
          394974, 
          395232, 
          395565, 
          396041, 
          396347, 
          396562, 
          396889, 
          397131, 
          397501, 
          397854, 
          398087, 
          398339, 
          398570, 
          398779, 
          399388, 
          400482, 
          400770, 
          400961, 
          401207, 
          401452, 
          401755, 
          402092, 
          402389, 
          402664, 
          402883, 
          403141, 
          403413, 
          403617, 
          403809, 
          404128, 
          404381, 
          404598, 
          404767, 
          404954, 
          405409, 
          405833, 
          406134, 
          406467, 
          406863, 
          407362, 
          407633, 
          407897, 
          408236, 
          408504, 
          409022, 
          409274, 
          409507, 
          410078, 
          410671, 
          411895, 
          412582, 
          413079, 
          413459, 
          413778, 
          414292, 
          414618, 
          415076, 
          415316, 
          415622, 
          416072, 
          416366, 
          416600, 
          416944, 
          417173, 
          417538, 
          417910, 
          418134, 
          418383, 
          418606, 
          418830, 
          419404
        ]
      }, 
      "3": {
        "sweep_num": null, 
        "El": null, 
        "spike_ind": null
      }, 
      "2": {
        "sweep_num": 50, 
        "El": -0.0750880889892578,