{
  "model_spike_times_same_across_sweeps": {
    "n1": 1,
    "n2": 1
  },
  "run_model_spike_times_match_database": {
    "n2": true
  },
  "n2_after_opt_sanitycheck": 0.6835725919984386,
  "after_opt": {
    "noise_1": 0.5185722411485566,
    "noise_2": 0.68345532589578
  },
  "before_opt": {
    "noise_1": 0.6111141524572385,
    "noise_2": 0.6632336586278545
  }
}