{
  "El": {
    "El_max_subth_long_square": {
      "dependencies": null, 
      "value": -0.0805877380371094
    }, 
    "El_noise": {
      "measured": {
        "dependencies": null, 
        "list": [
          -0.0800279235839844, 
          -0.080973876953125, 
          -0.08084873962402339, 
          -0.0793051300048828
        ], 
        "mean": -0.080288917541503899
      }
    }, 
    "El_ramp": {
      "dependencies": null, 
      "value": -0.0810923080444336
    }, 
    "El_suprathreshold_blip": {
      "dependencies": null, 
      "value": -0.0805876617431641
    }, 
    "El_subthreshold_blip": {
      "dependencies": null, 
      "value": -0.0802018127441406
    }
  }, 
  "spike_cut_length": {
    "no deltaV shift": {
      "slope": 0.91079738012530598, 
      "length": 77.0, 
      "intercept": -0.0010915181101131474, 
      "dependencies": null
    }
  }, 
  "threshold_adaptation": {
    "b_spike_component_of_threshold": null, 
    "b_voltage_comp_of_thr_from_fitab": null, 
    "b_voltage_comp_of_thr_from_fitabth": null, 
    "a_voltage_comp_of_thr_from_fitab": null, 
    "a_spike_component_of_threshold": null, 
    "a_voltage_comp_of_thr_from_fitabth": null
  }, 
  "th_inf": {
    "via_Vmeasure": {
      "from_zero": 0.037056174306410825, 
      "dependencies": "measured from suprathreshold blip", 
      "value": -0.04353148743675328
    }, 
    "fit_with_v_comp_of_th": {
      "from_zero": null, 
      "value": null
    }
  }, 
  "resistance": {
    "R_test_list": {
      "list": [
        125438152.55572796, 
        124233095.00573426, 
        126604449.97456884, 
        125429080.26722196
      ], 
      "mean": 125426194.45081326
    }, 
    "R_fit_ASC_and_R": {
      "list": [
        141309885.40406972, 
        133799322.54239348, 
        137092031.64103281, 
        142984540.4624198
      ], 
      "mean": 138796445.01247895
    }, 
    "R_from_lims": {
      "value": 90937614.440918
    }
  }, 
  "asc": {
    "amp": [
      -1.614773579215771e-10, 
      -3.301590816730254e-10
    ], 
    "k": [
      29.999999999999996, 
      300.0
    ], 
    "dependencies": "Cap and res from least squares"
  }, 
  "capacitance": {
    "C_from_lims": {
      "value": 7.183029843516642e-11
    }, 
    "C_test_list": {
      "list": [
        9.2627989016711766e-11, 
        9.3372943042183196e-11, 
        9.0160181336686106e-11, 
        8.8469637342576279e-11
      ], 
      "mean": 9.1157687684539327e-11
    }
  }, 
  "MLIN": {
    "tau_from_AC": 0.043244701381384226, 
    "sv_for_expsymm": 0.0004742991388349865, 
    "var_of_section": 4.4991934619921961e-07
  }, 
  "sweep_properties": {
    "multi_short_square": {
      "sweep_num": null
    }, 
    "noise1": {
      "1": {
        "sweep_num": 62, 
        "El": -0.0800279235839844, 
        "spike_ind": [
          252316, 
          253984, 
          255644, 
          260692, 
          270545, 
          272659, 
          276187, 
          278343, 
          279431, 
          280697, 
          285396, 
          294090, 
          296398, 
          298005, 
          301207, 
          303389, 
          304455, 
          305753, 
          310535, 
          319196, 
          321537, 
          323081, 
          450984, 
          451245, 
          451866, 
          452636, 
          453334, 
          453932, 
          454453, 
          455184, 
          455694, 
          456025, 
          457295, 
          458098, 
          459241, 
          459888, 
          460660, 
          461455, 
          463056, 
          464856, 
          466376, 
          467267, 
          468197, 
          468989, 
          470108, 
          470656, 
          471412, 
          472417, 
          472986, 
          474318, 
          475851, 
          476186, 
          476846, 
          477927, 
          478489, 
          479031, 
          479591, 
          480439, 
          480844, 
          482312, 
          483219, 
          484439, 
          485324, 
          486349, 
          489839, 
          491368, 
          492119, 
          493158, 
          494021, 
          495125, 
          495726, 
          496458, 
          497436, 
          498036, 
          499327, 
          500872, 
          501206, 
          501908, 
          502959, 
          503599, 
          504304, 
          504777, 
          505523, 
          505939, 
          507327, 
          508216, 
          509466, 
          510324, 
          511369, 
          514835, 
          516404, 
          517281, 
          518396, 
          519104, 
          520376, 
          521335, 
          522422, 
          523057, 
          524337
        ]
      }, 
      "3": {
        "sweep_num": 66, 
        "El": -0.08084873962402339, 
        "spike_ind": [
          251853, 
          253684, 
          254790, 
          255857, 
          260670, 
          270499, 
          272591, 
          276166, 
          278208, 
          279383, 
          280746, 
          283660, 
          285660, 
          294073, 
          296434, 
          297989, 
          301174, 
          303320, 
          304400, 
          305745, 
          309956, 
          311844, 
          319054, 
          321383, 
          322720, 
          450901, 
          451182, 
          451773, 
          452578, 
          453261, 
          453684, 
          454319, 
          454756, 
          455473, 
          455842, 
          456947, 
          457671, 
          458588, 
          459483, 
          460283, 
          461295, 
          461840, 
          464789, 
          465831, 
          466842, 
          467884, 
          468901, 
          470084, 
          470601, 
          471372, 
          472405, 
          472966, 
          473499, 
          475671, 
          476129, 
          476780, 
          477671, 
          478414, 
          478997, 
          479584, 
          480453, 
          480859, 
          482288, 
          483139, 
          484437, 
          485299, 
          486345, 
          488114, 
          489866, 
          491374, 
          492313, 
          493414, 
          494155, 
          495183, 
          496082, 
          497144, 
          497692, 
          498362, 
          500684, 
          501143, 
          501843, 
          502936, 
          503532, 
          504262, 
          504731, 
          505511, 
          505914, 
          507354, 
          508266, 
          509501, 
          510382, 
          511369, 
          514825, 
          516390, 
          517344, 
          518450, 
          519399, 
          520444, 
          521360, 
          522416, 
          523037, 
          524372
        ]
      }, 
      "2": {
        "sweep_num": 64, 
        "El": -0.080973876953125,