{
  "model_spike_times_same_across_sweeps": {
    "n1": 1,
    "n2": 1
  },
  "run_model_spike_times_match_database": {
    "n2": true
  },
  "n2_after_opt_sanitycheck": 0.6251328661265008,
  "after_opt": {
    "noise_1": 0.5877424205601106,
    "noise_2": 0.625120323303997
  },
  "before_opt": {
    "noise_1": 0.5828581197570241,
    "noise_2": 0.4687979848022442
  }
}