{
  "noise1": {
    "RSS_of_voltage_diff": 1314.8272141273658,
    "var_of_voltage_difference": 7.301642426477187e-05,
    "var_of_voltage_data": 0.00013748036583139837,
    "num_data_points_wo_spike_shape": 16772607
  },
  "noise2": {
    "RSS_of_voltage_diff": 1037.9368214034116,
    "var_of_voltage_difference": 8.000063146319309e-05,
    "var_of_voltage_data": 0.00013484000597896838,
    "num_data_points_wo_spike_shape": 11179582
  }
}