{
  "El_reference": -0.0782274627685547, 
  "C": 1.8123659047410322e-10, 
  "asc_amp_array": [
    -1.5540721560013335e-10, 
    -1.174305551099733e-09
  ], 
  "init_threshold": 0.02878266953329535, 
  "threshold_reset_method": {
    "params": {
      "a_spike": 0.0009582747065426498, 
      "b_spike": 225.87198100578163
    }, 
    "name": "three_components"
  }, 
  "th_inf": 0.02878266953329535, 
  "spike_cut_length": 196, 
  "init_AScurrents": [
    0.0, 
    0.0
  ], 
  "init_voltage": 0.0, 
  "threshold_dynamics_method": {
    "params": {
      "b_voltage": 48.665790932562444, 
      "a_spike": 0.0009582747065426498, 
      "b_spike": 225.87198100578163, 
      "a_voltage": 12.483109631113663
    }, 
    "name": "three_components_exact"
  }, 
  "voltage_reset_method": {
    "params": {
      "a": 0.8266920720877343, 
      "b": -0.0032752198606833295
    }, 
    "name": "v_before"
  }, 
  "extrapolation_method_name": "endpoints", 
  "dt": 5e-05, 
  "voltage_dynamics_method": {
    "params": {}, 
    "name": "linear_forward_euler"
  }, 
  "El": 0.0, 
  "asc_tau_array": [
    0.03333333333333334, 
    0.0033333333333333335
  ], 
  "R_input": 299019191.09891945, 
  "AScurrent_dynamics_method": {
    "params": {}, 
    "name": "exp"
  }, 
  "AScurrent_reset_method": {
    "params": {
      "r": [
        1.0, 
        1.0
      ]
    }, 
    "name": "sum"
  }, 
  "dt_multiplier": 10, 
  "th_adapt": null, 
  "coeffs": {
    "a": 1, 
    "C": 1, 
    "b": 1, 
    "G": 1, 
    "th_inf": 0.6618828124189275, 
    "asc_amp_array": [
      1.0, 
      1.0
    ]
  }, 
  "type": "GLIF"
}