{
  "noise1": {
    "RSS_of_voltage_diff": 63.000576787682846,
    "var_of_voltage_difference": 1.0628332506196314e-05,
    "var_of_voltage_data": 0.00011502826807869718,
    "num_data_points_wo_spike_shape": 5553420
  },
  "noise2": {
    "RSS_of_voltage_diff": 49.12822147037883,
    "var_of_voltage_difference": 1.0807744223176572e-05,
    "var_of_voltage_data": 0.00011358328231027573,
    "num_data_points_wo_spike_shape": 4163040
  }
}