{
  "El_reference": -0.07555253791809083, 
  "C": 1.0334920055579107e-10, 
  "asc_amp_array": [
    -2.939298752726812e-11, 
    -2.0165390240570832e-10
  ], 
  "init_threshold": 0.028500300390256146, 
  "threshold_reset_method": {
    "params": {
      "a_spike": 0.0007696422191383215, 
      "b_spike": 210.2391763228185
    }, 
    "name": "three_components"
  }, 
  "th_inf": 0.028500300390256146, 
  "spike_cut_length": 180, 
  "init_AScurrents": [
    0.0, 
    0.0
  ], 
  "init_voltage": 0.0, 
  "threshold_dynamics_method": {
    "params": {
      "b_voltage": 0, 
      "a_spike": 0.0007696422191383215, 
      "b_spike": 210.2391763228185, 
      "a_voltage": 0
    }, 
    "name": "spike_component"
  }, 
  "voltage_reset_method": {
    "params": {
      "a": 0.5857015189240753, 
      "b": 0.0030430187168966998
    }, 
    "name": "v_before"
  }, 
  "extrapolation_method_name": "endpoints", 
  "dt": 5e-05, 
  "voltage_dynamics_method": {
    "params": {}, 
    "name": "linear_forward_euler"
  }, 
  "El": 0.0, 
  "asc_tau_array": [
    0.1, 
    0.01
  ], 
  "R_input": 208332435.07461408, 
  "AScurrent_dynamics_method": {
    "params": {}, 
    "name": "none"
  }, 
  "AScurrent_reset_method": {
    "params": {}, 
    "name": "none"
  }, 
  "dt_multiplier": 10, 
  "th_adapt": null, 
  "coeffs": {
    "a": 1, 
    "C": 1, 
    "b": 1, 
    "G": 1, 
    "th_inf": 1.4277600490918836, 
    "asc_amp_array": [
      1.0, 
      1.0
    ]
  }, 
  "type": "GLIF"
}