{
  "model_spike_times_same_across_sweeps": {
    "n1": 1,
    "n2": 1
  },
  "run_model_spike_times_match_database": {
    "n2": true
  },
  "n2_after_opt_sanitycheck": 0.6424604886467287,
  "after_opt": {
    "noise_1": 0.20852652217658713,
    "noise_2": 0.642456727433131
  },
  "before_opt": {
    "noise_1": 0.3307794878416761,
    "noise_2": 0.5472405633715537
  }
}