{
  "model_spike_times_same_across_sweeps": {
    "n1": 1,
    "n2": 1
  },
  "run_model_spike_times_match_database": {
    "n2": true
  },
  "n2_after_opt_sanitycheck": 0.9153614361292597,
  "after_opt": {
    "noise_1": 0.9339324304691439,
    "noise_2": 0.91535848408846
  },
  "before_opt": {
    "noise_1": 0.8802416054962893,
    "noise_2": 0.8658690512961043
  }
}