{
  "model_spike_times_same_across_sweeps": {
    "n1": 1,
    "n2": 1
  },
  "run_model_spike_times_match_database": {
    "n2": true
  },
  "n2_after_opt_sanitycheck": 0.8559614654531318,
  "after_opt": {
    "noise_1": 0.6578278750596932,
    "noise_2": 0.855799870397097
  },
  "before_opt": {
    "noise_1": 0.29624793105004754,
    "noise_2": 0.2265873245147732
  }
}