{
  "model_spike_times_same_across_sweeps": {
    "n1": 1,
    "n2": 1
  },
  "run_model_spike_times_match_database": {
    "n2": true
  },
  "n2_after_opt_sanitycheck": 0.84861855448604,
  "after_opt": {
    "noise_1": 0.885692189681154,
    "noise_2": 0.848643091199805
  },
  "before_opt": {
    "noise_1": 0.8223302423140689,
    "noise_2": 0.7764004593773465
  }
}