{
  "model_spike_times_same_across_sweeps": {
    "n1": 1,
    "n2": 1
  },
  "run_model_spike_times_match_database": {
    "n2": true
  },
  "n2_after_opt_sanitycheck": 0.79204313648567,
  "after_opt": {
    "noise_1": 0.8321498885154521,
    "noise_2": 0.792043197159128
  },
  "before_opt": {
    "noise_1": 0.6079551734987261,
    "noise_2": 0.5749739029666545
  }
}