{
  "noise1": {
    "RSS_of_voltage_diff": 22.02377776617729,
    "var_of_voltage_difference": 5.229019284668387e-06,
    "var_of_voltage_data": 3.2000064232940674e-05,
    "num_data_points_wo_spike_shape": 4197792
  },
  "noise2": {
    "RSS_of_voltage_diff": 34.26261029134323,
    "var_of_voltage_difference": 5.989531532568941e-06,
    "var_of_voltage_data": 3.271085208510883e-05,
    "num_data_points_wo_spike_shape": 5596384
  }
}