{
  "model_spike_times_same_across_sweeps": {
    "n1": 1,
    "n2": 1
  },
  "run_model_spike_times_match_database": {
    "n2": true
  },
  "n2_after_opt_sanitycheck": 0.582209034868611,
  "after_opt": {
    "noise_1": 0.6233156204548805,
    "noise_2": 0.582199697703125
  },
  "before_opt": {
    "noise_1": 0.6061023449059317,
    "noise_2": 0.6172574934753862
  }
}