{
  "El": {
    "El_max_subth_long_square": {
      "dependencies": null,
      "value": -0.0684707717895508
    },
    "El_noise": {
      "measured": {
        "dependencies": null,
        "list": [
          -0.0686325378417969,
          -0.0687772903442383
        ],
        "mean": -0.0687049140930176
      }
    },
    "El_ramp": {
      "dependencies": null,
      "value": -0.06868978881835941
    },
    "El_suprathreshold_blip": {
      "dependencies": null,
      "value": -0.0686062774658203
    },
    "El_subthreshold_blip": {
      "dependencies": null,
      "value": -0.0680761413574219
    }
  },
  "spike_cut_length": {
    "no deltaV shift": {
      "slope": -0.005867399851719049,
      "length": 119.0,
      "intercept": 0.018268931592835953,
      "dependencies": null
    }
  },
  "threshold_adaptation": {
    "b_spike_component_of_threshold": null,
    "b_voltage_comp_of_thr_from_fitab": null,
    "b_voltage_comp_of_thr_from_fitabth": null,
    "a_voltage_comp_of_thr_from_fitab": null,
    "a_spike_component_of_threshold": null,
    "a_voltage_comp_of_thr_from_fitabth": null
  },
  "th_inf": {
    "via_Vmeasure": {
      "from_zero": 0.020477973001801597,
      "dependencies": "measured from suprathreshold blip",
      "value": -0.04812830446401871
    },
    "fit_with_v_comp_of_th": {
      "from_zero": null,
      "value": null
    }
  },
  "resistance": {
    "R_test_list": {
      "list": [
        134089452.55982989,
        131548284.89858222
      ],
      "mean": 132818868.72920606
    },
    "R_fit_ASC_and_R": {
      "list": [
        177809875.93230742,
        184891058.63855442
      ],
      "mean": 181350467.2854309
    },
    "R_from_lims": {
      "value": 128281280.398369
    }
  },
  "asc": {
    "amp": [
      -1.4850400812010066e-11,
      -1.1805298825952196e-10
    ],
    "k": [
      3.0,
      29.999999999999996
    ],
    "dependencies": "Cap and res from least squares"
  },
  "capacitance": {
    "C_from_lims": {
      "value": 2.1186411723084385e-10
    },
    "C_test_list": {
      "list": [
        2.495503175358569e-10,
        3.15370619468796e-10
      ],
      "mean": 2.8246046850232643e-10
    }
  },
  "MLIN": {
    "tau_from_AC": 0.04897827823616656,
    "sv_for_expsymm": 0.000279048268304281,
    "var_of_section": 1.5573587208723597e-07
  },
  "sweep_properties": {
    "multi_short_square": {
      "sweep_num": null
    },
    "noise1": {
      "1": {
        "sweep_num": 57,
        "El": -0.0686325378417969,
        "spike_ind": [
          253224,
          280887,
          306043,
          451653,
          453001,
          454694,
          456349,
          460286,
          467862,
          471429,
          476348,
          478984,
          481011,
          485826,
          493483,
          497436,
          502029,
          504466,
          506813,
          511476,
          518789,
          522684
        ]
      },
      "3": {
        "sweep_num": null,
        "El": null,
        "spike_ind": null
      },
      "2": {
        "sweep_num": 59,
        "El": -0.0687772903442383,
        "spike_ind": [
          253443,
          280039,
          305617,
          451654,
          452964,
          454605,
          456170,
          459594,
          462747,
          468102,
          471624,
          476643,
          479331,
          481396,
          485561,
          493374,
          497296,
          501954,
          504359,
          506633,
          511532,
          519211,
          522739
        ]
      },
      "5": {
        "sweep_num": null,
        "El": null,
        "spike_ind": null
      },
      "4": {
        "sweep_num": null,
        "El": null,
        "spike_ind": null
      }
    },
    "ramp": {
      "sweep_num": [
        6,
        7,
        8
      ]
    },
    "max_subthresh_long_square": {
      "sweep_num": [
        44
      ]
    },
    "suprathreshold_short_square": {
      "R_testpulsesweep_num": [
        18,
        20,
        21,
        22,
        24
      ]
    },
    "subthreshold_short_square": {
      "sweep_num": [
        23
      ]
    }
  },
  "spike_cutting": {
    "NOdeltaV": {
      "slope": -0.005867399851719049,
      "intercept": 0.018268931592835953,
      "cut_length": 119.0,
      "dependencies": null
    }
  },
  "dt_used_for_preprocessor_calculations": 5e-05
}