{
  "model_spike_times_same_across_sweeps": {
    "n1": 1,
    "n2": 1
  },
  "run_model_spike_times_match_database": {
    "n2": true
  },
  "n2_after_opt_sanitycheck": 0.8941540131915403,
  "after_opt": {
    "noise_1": 0.8538231484639093,
    "noise_2": 0.894147787942253
  },
  "before_opt": {
    "noise_1": 0.725964958919667,
    "noise_2": 0.6608818573294044
  }
}