{
  "noise1": {
    "RSS_of_voltage_diff": 16.293934258892918,
    "var_of_voltage_difference": 5.307942678790104e-06,
    "var_of_voltage_data": 4.734449261434772e-05,
    "num_data_points_wo_spike_shape": 2799207
  },
  "noise2": {
    "RSS_of_voltage_diff": 15.728854054798076,
    "var_of_voltage_difference": 4.562119299413528e-06,
    "var_of_voltage_data": 4.527165989388397e-05,
    "num_data_points_wo_spike_shape": 2799795
  }
}