{
  "model_spike_times_same_across_sweeps": {
    "n1": 1,
    "n2": 1
  },
  "run_model_spike_times_match_database": {
    "n2": true
  },
  "n2_after_opt_sanitycheck": 0.46852380368326946,
  "after_opt": {
    "noise_1": 0.5146837092078714,
    "noise_2": 0.468570893013549
  },
  "before_opt": {
    "noise_1": 0.43551236945830607,
    "noise_2": 0.46100013176127214
  }
}