{
  "model_spike_times_same_across_sweeps": {
    "n1": 1,
    "n2": 1
  },
  "run_model_spike_times_match_database": {
    "n2": true
  },
  "n2_after_opt_sanitycheck": 0.5006803639865746,
  "after_opt": {
    "noise_1": 0.36904558908343954,
    "noise_2": 0.500644275133492
  },
  "before_opt": {
    "noise_1": 0.22266139145094982,
    "noise_2": 0.16134445321978894
  }
}