{
  "model_spike_times_same_across_sweeps": {
    "n1": 1,
    "n2": 1
  },
  "run_model_spike_times_match_database": {
    "n2": true
  },
  "n2_after_opt_sanitycheck": 0.7313100721986858,
  "after_opt": {
    "noise_1": 0.6307968874776657,
    "noise_2": 0.731356238460435
  },
  "before_opt": {
    "noise_1": 0.6305698646983299,
    "noise_2": 0.7170566362742662
  }
}