{
  "model_spike_times_same_across_sweeps": {
    "n1": 1,
    "n2": 1
  },
  "run_model_spike_times_match_database": {
    "n2": true
  },
  "n2_after_opt_sanitycheck": 0.5054382610740006,
  "after_opt": {
    "noise_1": 0.609882872720417,
    "noise_2": 0.50547234494534
  },
  "before_opt": {
    "noise_1": 0.6269495905475833,
    "noise_2": 0.5381445233596741
  }
}