{
  "model_spike_times_same_across_sweeps": {
    "n1": 1,
    "n2": 1
  },
  "run_model_spike_times_match_database": {
    "n2": true
  },
  "n2_after_opt_sanitycheck": 0.8132995349297618,
  "after_opt": {
    "noise_1": 0.8204290739355543,
    "noise_2": 0.813322683493714
  },
  "before_opt": {
    "noise_1": 0.7471468589024064,
    "noise_2": 0.7672368474103695
  }
}