{
  "El_reference": -0.07727239227294923, 
  "C": 9.145318914110126e-11, 
  "asc_amp_array": [
    -8.412330600529762e-12, 
    -2.99618480209216e-10
  ], 
  "init_threshold": 0.028246985979742192, 
  "threshold_reset_method": {
    "params": {
      "a_spike": 0.003383973604036708, 
      "b_spike": 382.91099754774285
    }, 
    "name": "three_components"
  }, 
  "th_inf": 0.028246985979742192, 
  "spike_cut_length": 117, 
  "init_AScurrents": [
    0.0, 
    0.0
  ], 
  "init_voltage": 0.0, 
  "threshold_dynamics_method": {
    "params": {
      "b_voltage": 0, 
      "a_spike": 0.003383973604036708, 
      "b_spike": 382.91099754774285, 
      "a_voltage": 0
    }, 
    "name": "spike_component"
  }, 
  "voltage_reset_method": {
    "params": {
      "a": 0.9991644174002515, 
      "b": -0.008897073776793177
    }, 
    "name": "v_before"
  }, 
  "extrapolation_method_name": "endpoints", 
  "dt": 5e-05, 
  "voltage_dynamics_method": {
    "params": {}, 
    "name": "linear_forward_euler"
  }, 
  "El": 0.0, 
  "asc_tau_array": [
    0.3333333333333333, 
    0.01
  ], 
  "R_input": 179577864.98473534, 
  "AScurrent_dynamics_method": {
    "params": {}, 
    "name": "exp"
  }, 
  "AScurrent_reset_method": {
    "params": {
      "r": [
        1.0, 
        1.0
      ]
    }, 
    "name": "sum"
  }, 
  "dt_multiplier": 10, 
  "th_adapt": null, 
  "coeffs": {
    "a": 1, 
    "C": 1, 
    "b": 1, 
    "G": 1, 
    "th_inf": 1.18452226581125, 
    "asc_amp_array": [
      1.0, 
      1.0
    ]
  }, 
  "type": "GLIF"
}