{
  "model_spike_times_same_across_sweeps": {
    "n1": 1,
    "n2": 1
  },
  "run_model_spike_times_match_database": {
    "n2": true
  },
  "n2_after_opt_sanitycheck": 0.8345101999989865,
  "after_opt": {
    "noise_1": 0.8545691819554578,
    "noise_2": 0.834513647492957
  },
  "before_opt": {
    "noise_1": 0.7913796932331499,
    "noise_2": 0.7757006695377981
  }
}