{
  "noise1": {
    "RSS_of_voltage_diff": 691.0346703894945,
    "var_of_voltage_difference": 2.7692019074523128e-05,
    "var_of_voltage_data": 0.00016929729835522543,
    "num_data_points_wo_spike_shape": 22385233
  },
  "noise2": {
    "RSS_of_voltage_diff": 751.8579952002198,
    "var_of_voltage_difference": 2.9519232331971478e-05,
    "var_of_voltage_data": 0.00017155315965532847,
    "num_data_points_wo_spike_shape": 22382659
  }
}