{
  "model_spike_times_same_across_sweeps": {
    "n1": 1,
    "n2": 1
  },
  "run_model_spike_times_match_database": {
    "n2": true
  },
  "n2_after_opt_sanitycheck": 0.75119300688213,
  "after_opt": {
    "noise_1": 0.7797062133425915,
    "noise_2": 0.75116607538162
  },
  "before_opt": {
    "noise_1": 0.6793916512977668,
    "noise_2": 0.6536990579249358
  }
}