{
  "model_spike_times_same_across_sweeps": {
    "n1": 1,
    "n2": 1
  },
  "run_model_spike_times_match_database": {
    "n2": true
  },
  "n2_after_opt_sanitycheck": 0.7150658919003865,
  "after_opt": {
    "noise_1": 0.6858445377691551,
    "noise_2": 0.715071017291329
  },
  "before_opt": {
    "noise_1": 0.6752420774501315,
    "noise_2": 0.6570111281228219
  }
}