{
  "noise1": {
    "RSS_of_voltage_diff": 461.06767845284907,
    "var_of_voltage_difference": 2.046197276554831e-05,
    "var_of_voltage_data": 0.00012280176903942954,
    "num_data_points_wo_spike_shape": 22402144
  },
  "noise2": {
    "RSS_of_voltage_diff": 453.98880618254964,
    "var_of_voltage_difference": 2.010659390455128e-05,
    "var_of_voltage_data": 0.00011680926319220939,
    "num_data_points_wo_spike_shape": 22401619
  }
}