{
  "model_spike_times_same_across_sweeps": {
    "n1": 1,
    "n2": 1
  },
  "run_model_spike_times_match_database": {
    "n2": true
  },
  "n2_after_opt_sanitycheck": 0.6481531980672713,
  "after_opt": {
    "noise_1": 0.6159439991543347,
    "noise_2": 0.648164085940725
  },
  "before_opt": {
    "noise_1": 0.4050430674436683,
    "noise_2": 0.43502587812730903
  }
}