{
  "model_spike_times_same_across_sweeps": {
    "n1": 1,
    "n2": 1
  },
  "run_model_spike_times_match_database": {
    "n2": true
  },
  "n2_after_opt_sanitycheck": 0.6147760753588245,
  "after_opt": {
    "noise_1": 0.6702917693449972,
    "noise_2": 0.614771111180193
  },
  "before_opt": {
    "noise_1": 0.14953442231913486,
    "noise_2": 0.15171937150671752
  }
}