{
  "El": {
    "El_max_subth_long_square": {
      "dependencies": null, 
      "value": -0.0771683654785156
    }, 
    "El_noise": {
      "measured": {
        "dependencies": null, 
        "list": [
          -0.07923829650878911, 
          -0.0796681365966797, 
          -0.07963510894775391, 
          -0.08042272186279299
        ], 
        "mean": -0.079741065979003933
      }
    }, 
    "El_ramp": {
      "dependencies": null, 
      "value": -0.0813203887939453
    }, 
    "El_suprathreshold_blip": {
      "dependencies": null, 
      "value": -0.0790470581054688
    }, 
    "El_subthreshold_blip": {
      "dependencies": null, 
      "value": -0.0810637664794922
    }
  }, 
  "spike_cut_length": {
    "no deltaV shift": {
      "slope": 0.53891858062796683, 
      "length": 115.0, 
      "intercept": 0.0090735746293615603, 
      "dependencies": null
    }
  }, 
  "threshold_adaptation": {
    "b_spike_component_of_threshold": 171.12607067266256, 
    "b_voltage_comp_of_thr_from_fitab": 171.57383855579383, 
    "b_voltage_comp_of_thr_from_fitabth": 1194.3958772027308, 
    "a_voltage_comp_of_thr_from_fitab": 74.813620364275749, 
    "a_spike_component_of_threshold": 0.0016110783653297555, 
    "a_voltage_comp_of_thr_from_fitabth": 1314.3062243778177
  }, 
  "th_inf": {
    "via_Vmeasure": {
      "from_zero": 0.026646137778965864, 
      "dependencies": "measured from suprathreshold blip", 
      "value": -0.052400920326502939
    }, 
    "fit_with_v_comp_of_th": {
      "from_zero": -0.0028177553241585662, 
      "value": -0.0825588213031625
    }
  }, 
  "resistance": {
    "R_test_list": {
      "list": [
        79044580.010529205, 
        77531367.047713369, 
        74173295.861706346, 
        75877519.123386666
      ], 
      "mean": 76656690.510833889
    }, 
    "R_fit_ASC_and_R": {
      "list": [
        82554255.72385205, 
        77615790.51562922, 
        74913711.97630823, 
        73015066.3845528
      ], 
      "mean": 77024706.150085568
    }, 
    "R_from_lims": {
      "value": 101562574.505806
    }
  }, 
  "asc": {
    "amp": [
      -1.380002233472859e-11, 
      -4.2660620853903377e-10
    ], 
    "k": [
      3.0, 
      100.0
    ], 
    "dependencies": "Cap and res from least squares"
  }, 
  "capacitance": {
    "C_from_lims": {
      "value": 1.5080870222913958e-10
    }, 
    "C_test_list": {
      "list": [
        1.4601176315392354e-10, 
        1.4658629805327488e-10, 
        1.4822825279816783e-10, 
        1.4488276412661174e-10
      ], 
      "mean": 1.464272695329945e-10
    }
  }, 
  "MLIN": {
    "tau_from_AC": 0.025589886078370556, 
    "sv_for_expsymm": 0.00026455523565873041, 
    "var_of_section": 1.399789454288928e-07
  }, 
  "sweep_properties": {
    "multi_short_square": {
      "sweep_num": [
        88, 
        89, 
        90, 
        91, 
        92, 
        93, 
        94, 
        95, 
        96, 
        97, 
        98, 
        99, 
        100, 
        101, 
        102, 
        103, 
        104, 
        105, 
        106, 
        107, 
        108
      ]
    }, 
    "noise1": {
      "1": {
        "sweep_num": 65, 
        "El": -0.07923829650878911, 
        "spike_ind": [
          200882, 
          201542, 
          202698, 
          203529, 
          204475, 
          204895, 
          216560, 
          218168, 
          220915, 
          222877, 
          223654, 
          224551, 
          236550, 
          238137, 
          240917, 
          242860, 
          243645, 
          244614, 
          256549, 
          258148, 
          360630, 
          360855, 
          361079, 
          361410, 
          361809, 
          362346, 
          362728, 
          363175, 
          363540, 
          364163, 
          364560, 
          364882, 
          365894, 
          366473, 
          367444, 
          367886, 
          368371, 
          369068, 
          369529, 
          371888, 
          372658, 
          373155, 
          373713, 
          374485, 
          375171, 
          376145, 
          376553, 
          377091, 
          377949, 
          378452, 
          379444, 
          380581, 
          380910, 
          381451, 
          382375, 
          382807, 
          383229, 
          383648, 
          384354, 
          384690, 
          385903, 
          386512, 
          387573, 
          387938, 
          388587, 
          389128, 
          391903, 
          393135, 
          393884, 
          394787, 
          395254, 
          396289, 
          397093, 
          397956, 
          398528, 
          399449, 
          400705, 
          401000, 
          401497, 
          402378, 
          402822, 
          403279, 
          403787, 
          404381, 
          404729, 
          405917, 
          406577, 
          407604, 
          408431, 
          409124, 
          411913, 
          413145, 
          414812, 
          415287, 
          416382, 
          417090, 
          417963, 
          418593, 
          419480
        ]
      }, 
      "3": {
        "sweep_num": 69, 
        "El": -0.07963510894775391, 
        "spike_ind": [
          200940, 
          202787, 
          203651, 
          204646, 
          218263, 
          220933, 
          222944, 
          223784, 
          224665, 
          238220, 
          240956, 
          242978, 
          243806, 
          244676, 
          258232, 
          360635, 
          360876, 
          361346, 
          361767, 
          362346, 
          362748, 
          363189, 
          363563, 
          364157, 
          364528, 
          364853, 
          365899, 
          366496, 
          367479, 
          367909, 
          368467, 
          369097, 
          371899, 
          372681, 
          373174, 
          373912, 
          374808, 
          375291, 
          376302, 
          377089, 
          377962, 
          378495, 
          379462, 
          380711, 
          380994, 
          381500, 
          382397, 
          382868, 
          383543, 
          384391, 
          384727, 
          385918, 
          386588, 
          387620, 
          388506, 
          389113, 
          391922, 
          393146, 
          394855, 
          395330, 
          396375, 
          397083, 
          397974, 
          398595, 
          399481, 
          400745, 
          401057, 
          402414, 
          402883, 
          403588, 
          404395, 
          404723, 
          405933, 
          407928, 
          409086, 
          413156, 
          415240, 
          416394, 
          417102, 
          417963, 
          418548, 
          419454
        ]
      }, 
      "2": {
        "sweep_num": 67, 
        "El": -0.0796681365966797,