{
  "noise1": {
    "RSS_of_voltage_diff": 1245.108801353627,
    "var_of_voltage_difference": 5.282495287021244e-05,
    "var_of_voltage_data": 0.00019269574452483788,
    "num_data_points_wo_spike_shape": 22375754
  },
  "noise2": {
    "RSS_of_voltage_diff": 651.8955988427169,
    "var_of_voltage_difference": 5.399493635879759e-05,
    "var_of_voltage_data": 0.00019122947963142391,
    "num_data_points_wo_spike_shape": 11187072
  }
}