{
  "noise1": {
    "RSS_of_voltage_diff": 601.8879563448124,
    "var_of_voltage_difference": 2.5474973914164935e-05,
    "var_of_voltage_data": 0.00019269574452483788,
    "num_data_points_wo_spike_shape": 22375754
  },
  "noise2": {
    "RSS_of_voltage_diff": 305.3391368425686,
    "var_of_voltage_difference": 2.646057667450483e-05,
    "var_of_voltage_data": 0.00019122947963142391,
    "num_data_points_wo_spike_shape": 11187072
  }
}