{
  "model_spike_times_same_across_sweeps": {
    "n1": 1,
    "n2": 1
  },
  "run_model_spike_times_match_database": {
    "n2": true
  },
  "n2_after_opt_sanitycheck": 0.9008007773274206,
  "after_opt": {
    "noise_1": 0.899741027908291,
    "noise_2": 0.90080049589488
  },
  "before_opt": {
    "noise_1": 0.7959189981595656,
    "noise_2": 0.7824554191775975
  }
}