{
  "El": {
    "El_max_subth_long_square": {
      "dependencies": null, 
      "value": -0.0653352737426758
    }, 
    "El_noise": {
      "measured": {
        "dependencies": null, 
        "list": [
          -0.06577366638183589, 
          -0.065042106628418, 
          -0.0657226181030273, 
          -0.0652193298339844
        ], 
        "mean": -0.065439430236816393
      }
    }, 
    "El_ramp": {
      "dependencies": null, 
      "value": -0.0665578231811523
    }, 
    "El_suprathreshold_blip": {
      "dependencies": null, 
      "value": -0.0653997955322266
    }, 
    "El_subthreshold_blip": {
      "dependencies": null, 
      "value": -0.0653625106811523
    }
  }, 
  "spike_cut_length": {
    "no deltaV shift": {
      "slope": 0.26048815622560662, 
      "length": 94.0, 
      "intercept": 0.01005263284299047, 
      "dependencies": null
    }
  }, 
  "threshold_adaptation": {
    "b_spike_component_of_threshold": 49.230176679802128, 
    "b_voltage_comp_of_thr_from_fitab": 129.95056192321681, 
    "b_voltage_comp_of_thr_from_fitabth": 1079.890561959463, 
    "a_voltage_comp_of_thr_from_fitab": 14.011519889454757, 
    "a_spike_component_of_threshold": 0.0017735605971412015, 
    "a_voltage_comp_of_thr_from_fitabth": 799.22665814535503
  }, 
  "th_inf": {
    "via_Vmeasure": {
      "from_zero": 0.024252766207578699, 
      "dependencies": "measured from suprathreshold blip", 
      "value": -0.041147029324647907
    }, 
    "fit_with_v_comp_of_th": {
      "from_zero": 0.006846770957276288, 
      "value": -0.058592659279540105
    }
  }, 
  "resistance": {
    "R_test_list": {
      "list": [
        135436347.91950715, 
        133127034.19971387, 
        130884939.78607152, 
        132855423.64964396
      ], 
      "mean": 133075936.38873413
    }, 
    "R_fit_ASC_and_R": {
      "list": [
        141837196.93417764, 
        138460806.63281912, 
        136217150.6105795, 
        140665814.62610954
      ], 
      "mean": 139295242.20092145
    }, 
    "R_from_lims": {
      "value": 147812530.398369
    }
  }, 
  "asc": {
    "amp": [
      -2.0376546423455677e-11, 
      -1.0457141377574572e-10
    ], 
    "k": [
      10.0, 
      100.0
    ], 
    "dependencies": "Cap and res from least squares"
  }, 
  "capacitance": {
    "C_from_lims": {
      "value": 5.85376069159894e-11
    }, 
    "C_test_list": {
      "list": [
        7.4164512220105626e-11, 
        7.4374500127285038e-11, 
        7.3329443501991372e-11, 
        7.6054732115220343e-11
      ], 
      "mean": 7.4480796991150588e-11
    }
  }, 
  "MLIN": {
    "tau_from_AC": 0.065516788826013458, 
    "sv_for_expsymm": 0.00042387096210060271, 
    "var_of_section": 3.5933318502418114e-07
  }, 
  "sweep_properties": {
    "multi_short_square": {
      "sweep_num": [
        76, 
        77, 
        78, 
        79, 
        80, 
        81, 
        82, 
        83, 
        84, 
        85, 
        86, 
        87, 
        88, 
        89, 
        90, 
        91, 
        92, 
        93, 
        94, 
        95, 
        96, 
        97
      ]
    }, 
    "noise1": {
      "1": {
        "sweep_num": 50, 
        "El": -0.06577366638183589, 
        "spike_ind": [
          254018, 
          254795, 
          255631, 
          256112, 
          259857, 
          261874, 
          267089, 
          269060, 
          270506, 
          271602, 
          272713, 
          273477, 
          276109, 
          276868, 
          278489, 
          279072, 
          279649, 
          280496, 
          280919, 
          282403, 
          284908, 
          286531, 
          292114, 
          294043, 
          295518, 
          297455, 
          298132, 
          301118, 
          301878, 
          303418, 
          304032, 
          304735, 
          305793, 
          307404, 
          309894, 
          311793, 
          319055, 
          320558, 
          321563, 
          322729, 
          323423, 
          451060, 
          451247, 
          451866, 
          452274, 
          452664, 
          453014, 
          453448, 
          453961, 
          454326, 
          454639, 
          455142, 
          455480, 
          455782, 
          456044, 
          456951, 
          457380, 
          458020, 
          458592, 
          459228, 
          459803, 
          460322, 
          461266, 
          461755, 
          463021, 
          464810, 
          465761, 
          466397, 
          466967, 
          467880, 
          468435, 
          469015, 
          470101, 
          470506, 
          471326, 
          472192, 
          472628, 
          473092, 
          473480, 
          474340, 
          475694, 
          476087, 
          476339, 
          476866, 
          477641, 
          478390, 
          478757, 
          479402, 
          479780, 
          480485, 
          480846, 
          482344, 
          483100, 
          484478, 
          484943, 
          485479, 
          486413, 
          488102, 
          489888, 
          491408, 
          492322, 
          493131, 
          493963, 
          495123, 
          495551, 
          496366, 
          497214, 
          497628, 
          498158, 
          499305, 
          500706, 
          501104, 
          501386, 
          502219, 
          502977, 
          503458, 
          503997, 
          504436, 
          505448, 
          505800, 
          506110, 
          507403, 
          509492, 
          509924, 
          511316, 
          511825, 
          514857, 
          516390, 
          517115, 
          518134, 
          518930, 
          519535, 
          520448, 
          521331, 
          522123, 
          522531, 
          523086, 
          523499
        ]
      }, 
      "3": {
        "sweep_num": 54, 
        "El": -0.0657226181030273,