{
  "El_reference": -0.06543943023681639, 
  "C": 7.448079699115059e-11, 
  "asc_amp_array": [
    -2.0376546423455677e-11, 
    -1.0457141377574572e-10
  ], 
  "init_threshold": 0.0242527662075787, 
  "threshold_reset_method": {
    "params": {
      "a_spike": 0.0017735605971412015, 
      "b_spike": 49.23017667980213
    }, 
    "name": "three_components"
  }, 
  "th_inf": 0.0242527662075787, 
  "spike_cut_length": 94, 
  "init_AScurrents": [
    0.0, 
    0.0
  ], 
  "init_voltage": 0.0, 
  "threshold_dynamics_method": {
    "params": {
      "b_voltage": 0, 
      "a_spike": 0.0017735605971412015, 
      "b_spike": 49.23017667980213, 
      "a_voltage": 0
    }, 
    "name": "spike_component"
  }, 
  "voltage_reset_method": {
    "params": {
      "a": 0.2604881562256066, 
      "b": 0.01005263284299047
    }, 
    "name": "v_before"
  }, 
  "extrapolation_method_name": "endpoints", 
  "dt": 5e-05, 
  "voltage_dynamics_method": {
    "params": {}, 
    "name": "linear_forward_euler"
  }, 
  "El": 0.0, 
  "asc_tau_array": [
    0.1, 
    0.01
  ], 
  "R_input": 133075936.38873413, 
  "AScurrent_dynamics_method": {
    "params": {}, 
    "name": "none"
  }, 
  "AScurrent_reset_method": {
    "params": {}, 
    "name": "none"
  }, 
  "dt_multiplier": 10, 
  "th_adapt": null, 
  "coeffs": {
    "a": 1, 
    "C": 1, 
    "b": 1, 
    "G": 1, 
    "th_inf": 1.2732130911997812, 
    "asc_amp_array": [
      1.0, 
      1.0
    ]
  }, 
  "type": "GLIF"
}