{
  "model_spike_times_same_across_sweeps": {
    "n1": 1,
    "n2": 1
  },
  "run_model_spike_times_match_database": {
    "n2": true
  },
  "n2_after_opt_sanitycheck": 0.6498483031496358,
  "after_opt": {
    "noise_1": 0.6356981568951926,
    "noise_2": 0.649862530842736
  },
  "before_opt": {
    "noise_1": 0.486541008902892,
    "noise_2": 0.48663528929757033
  }
}