{
  "El": {
    "El_max_subth_long_square": {
      "dependencies": null, 
      "value": -0.0732300720214844
    }, 
    "El_noise": {
      "measured": {
        "dependencies": null, 
        "list": [
          -0.0729165802001953, 
          -0.073187614440918
        ], 
        "mean": -0.073052097320556647
      }
    }, 
    "El_ramp": {
      "dependencies": null, 
      "value": -0.07295033264160161
    }, 
    "El_suprathreshold_blip": {
      "dependencies": null, 
      "value": -0.0725104064941406
    }, 
    "El_subthreshold_blip": {
      "dependencies": null, 
      "value": -0.072757194519043
    }
  }, 
  "spike_cut_length": {
    "no deltaV shift": {
      "slope": 0.76151986018806406, 
      "length": 78.0, 
      "intercept": -0.001672302863364096, 
      "dependencies": null
    }
  }, 
  "threshold_adaptation": {
    "b_spike_component_of_threshold": null, 
    "b_voltage_comp_of_thr_from_fitab": null, 
    "b_voltage_comp_of_thr_from_fitabth": null, 
    "a_voltage_comp_of_thr_from_fitab": null, 
    "a_spike_component_of_threshold": null, 
    "a_voltage_comp_of_thr_from_fitabth": null
  }, 
  "th_inf": {
    "via_Vmeasure": {
      "from_zero": 0.025033507868238762, 
      "dependencies": "measured from suprathreshold blip", 
      "value": -0.047476898625901841
    }, 
    "fit_with_v_comp_of_th": {
      "from_zero": null, 
      "value": null
    }
  }, 
  "resistance": {
    "R_test_list": {
      "list": [
        201077726.7928361, 
        201967365.12451419
      ], 
      "mean": 201522545.95867515
    }, 
    "R_fit_ASC_and_R": {
      "list": [
        212881385.5501796, 
        209787028.31088617
      ], 
      "mean": 211334206.93053287
    }, 
    "R_from_lims": {
      "value": 172343745.827675
    }
  }, 
  "asc": {
    "amp": [
      -8.648797727584378e-12, 
      -8.003494525793932e-11
    ], 
    "k": [
      3.0, 
      29.999999999999996
    ], 
    "dependencies": "Cap and res from least squares"
  }, 
  "capacitance": {
    "C_from_lims": {
      "value": 1.034284571319113e-10
    }, 
    "C_test_list": {
      "list": [
        8.6542872994241405e-11, 
        9.0529043304040283e-11
      ], 
      "mean": 8.8535958149140837e-11
    }
  }, 
  "MLIN": {
    "tau_from_AC": 0.019059701940749976, 
    "sv_for_expsymm": 0.00065080204894204532, 
    "var_of_section": 8.4708661381432873e-07
  }, 
  "sweep_properties": {
    "multi_short_square": {
      "sweep_num": null
    }, 
    "noise1": {
      "1": {
        "sweep_num": 49, 
        "El": -0.0729165802001953, 
        "spike_ind": [
          201424, 
          202833, 
          204615, 
          207972, 
          216518, 
          218181, 
          220922, 
          222827, 
          224679, 
          228462, 
          236540, 
          238244, 
          240937, 
          242840, 
          243897, 
          244806, 
          253939, 
          256624, 
          258531, 
          360852, 
          361091, 
          362387, 
          362934, 
          363614, 
          364413, 
          364761, 
          365948, 
          367620, 
          368506, 
          369297, 
          371912, 
          373160, 
          374580, 
          375589, 
          376460, 
          377299, 
          378105, 
          378770, 
          380733, 
          381069, 
          382463, 
          382990, 
          383703, 
          384512, 
          386182, 
          387855, 
          389235, 
          391935, 
          393160, 
          394591, 
          396400, 
          397246, 
          398121, 
          398761, 
          400741, 
          401057, 
          402505, 
          403359, 
          404480, 
          404858, 
          406613, 
          407929, 
          409264, 
          411918, 
          413159, 
          414781, 
          416394, 
          417280, 
          418117, 
          418786
        ]
      }, 
      "3": {
        "sweep_num": null, 
        "El": null, 
        "spike_ind": null
      }, 
      "2": {
        "sweep_num": 51, 
        "El": -0.073187614440918, 
        "spike_ind": [
          201362, 
          202815, 
          203828, 
          204756, 
          208531, 
          216573, 
          218291, 
          220900, 
          222905, 
          224644, 
          228565, 
          236560, 
          238177, 
          240917, 
          242906, 
          244636, 
          248446, 
          256620, 
          258297, 
          360840, 
          361072, 
          362097, 
          362771, 
          363490, 
          364390, 
          364742, 
          365924, 
          367607, 
          368495, 
          369409, 
          371897, 
          373140, 
          374550, 
          375317, 
          376395, 
          377206, 
          378067, 
          378768, 
          380700, 
          381025, 
          382498, 
          383203, 
          383881, 
          384631, 
          385973, 
          387874, 
          389160, 
          391921, 
          393176, 
          394801, 
          396396, 
          397219, 
          398114, 
          398743, 
          400717, 
          401043, 
          402492, 
          403247, 
          404469, 
          404891, 
          406586, 
          407913, 
          409247, 
          411941, 
          413207, 
          415230, 
          416417, 
          417310, 
          418149, 
          418813
        ]
      }, 
      "5": {
        "sweep_num": null, 
        "El": null, 
        "spike_ind": null
      }, 
      "4": {
        "sweep_num": null, 
        "El": null, 
        "spike_ind": null
      }
    }, 
    "ramp": {
      "sweep_num": [
        4, 
        5, 
        6
      ]
    }, 
    "max_subthresh_long_square": {
      "sweep_num": [
        45
      ]
    }, 
    "suprathreshold_short_square": {
      "R_testpulsesweep_num": [
        14, 
        17, 
        18, 
        20
      ]
    }, 
    "subthreshold_short_square": {
      "sweep_num": [
        19, 
        21, 
        22
      ]
    }
  }, 
  "spike_cutting": {
    "NOdeltaV": {
      "slope": 0.76151986018806406, 
      "intercept": -0.001672302863364096, 
      "cut_length": 78.0, 
      "dependencies": null
    }
  }, 
  "dt_used_for_preprocessor_calculations": 5e-05
}