{
  "El": {
    "El_max_subth_long_square": {
      "dependencies": null, 
      "value": -0.0717343673706055
    }, 
    "El_noise": {
      "measured": {
        "dependencies": null, 
        "list": [
          -0.07194248199462891, 
          -0.0724383773803711, 
          -0.0725716171264648
        ], 
        "mean": -0.07231749216715494
      }
    }, 
    "El_ramp": {
      "dependencies": null, 
      "value": -0.07074530792236329
    }, 
    "El_suprathreshold_blip": {
      "dependencies": null, 
      "value": -0.0723436508178711
    }, 
    "El_subthreshold_blip": {
      "dependencies": null, 
      "value": -0.07213241577148441
    }
  }, 
  "spike_cut_length": {
    "no deltaV shift": {
      "slope": 0.38174972563037773, 
      "length": 33.0, 
      "intercept": 0.00093727244780215241, 
      "dependencies": null
    }
  }, 
  "threshold_adaptation": {
    "b_spike_component_of_threshold": 4.3594680070843594, 
    "b_voltage_comp_of_thr_from_fitab": 37.313746560819901, 
    "b_voltage_comp_of_thr_from_fitabth": 271.99719241294179, 
    "a_voltage_comp_of_thr_from_fitab": 4.2463109439820368, 
    "a_spike_component_of_threshold": 0.0011206817074642776, 
    "a_voltage_comp_of_thr_from_fitabth": 169.72995341784704
  }, 
  "th_inf": {
    "via_Vmeasure": {
      "from_zero": 0.027274258805122388, 
      "dependencies": "measured from suprathreshold blip", 
      "value": -0.045069392012748712
    }, 
    "fit_with_v_comp_of_th": {
      "from_zero": 0.011550132837465601, 
      "value": -0.060767359329689338
    }
  }, 
  "resistance": {
    "R_test_list": {
      "list": [
        323394610.34370327, 
        312571312.79927528, 
        324746058.27456766
      ], 
      "mean": 320237327.13918209
    }, 
    "R_fit_ASC_and_R": {
      "list": [
        373580761.1156167, 
        358771078.04266787, 
        354266389.1404245
      ], 
      "mean": 362206076.09956962
    }, 
    "R_from_lims": {
      "value": 232187509.536743
    }
  }, 
  "asc": {
    "amp": [
      -1.365760207744781e-10, 
      2.806377281586867e-10
    ], 
    "k": [
      100.0, 
      300.0
    ], 
    "dependencies": "Cap and res from least squares"
  }, 
  "capacitance": {
    "C_from_lims": {
      "value": 7.437596079200809e-11
    }, 
    "C_test_list": {
      "list": [
        6.1309130503275588e-11, 
        6.3523001079100527e-11, 
        6.4279087698722067e-11
      ], 
      "mean": 6.3037073093699394e-11
    }
  }, 
  "MLIN": {
    "tau_from_AC": 0.040778756300333126, 
    "sv_for_expsymm": 0.00081156279161859516, 
    "var_of_section": 1.3172683294795344e-06
  }, 
  "sweep_properties": {
    "multi_short_square": {
      "sweep_num": [
        71, 
        72, 
        73, 
        74, 
        75, 
        76, 
        77, 
        78, 
        79, 
        80, 
        81, 
        82, 
        84, 
        85, 
        86, 
        88, 
        89, 
        90, 
        91
      ]
    }, 
    "noise1": {
      "1": {
        "sweep_num": 45, 
        "El": -0.07194248199462891, 
        "spike_ind": [
          201329, 
          202866, 
          204394, 
          216462, 
          218684, 
          222583, 
          224448, 
          237093, 
          242557, 
          244503, 
          256516, 
          258801, 
          360924, 
          361441, 
          362321, 
          362962, 
          363596, 
          364358, 
          364779, 
          365899, 
          367545, 
          368499, 
          369447, 
          372620, 
          373883, 
          375193, 
          376377, 
          377709, 
          378664, 
          380904, 
          381832, 
          382822, 
          383541, 
          384446, 
          387888, 
          389147, 
          393483, 
          395131, 
          396403, 
          397938, 
          398745, 
          400916, 
          401835, 
          402874, 
          403593, 
          404477, 
          405960, 
          407880, 
          409270, 
          413207, 
          414772, 
          416209, 
          417232, 
          418186
        ]
      }, 
      "3": {
        "sweep_num": 49, 
        "El": -0.0725716171264648, 
        "spike_ind": [
          201376, 
          202924, 
          204547, 
          209336, 
          216576, 
          221857, 
          223800, 
          236620, 
          241760, 
          243576, 
          256615, 
          258796, 
          360929, 
          361482, 
          362352, 
          362934, 
          363590, 
          364363, 
          364840, 
          365922, 
          367566, 
          368494, 
          369444, 
          373085, 
          374477, 
          376144, 
          377232, 
          378189, 
          380888, 
          381853, 
          382786, 
          383582, 
          384477, 
          386551, 
          387976, 
          389216, 
          393154, 
          394549, 
          396332, 
          397939, 
          398720, 
          400945, 
          401885, 
          402888, 
          403587, 
          404563, 
          407908, 
          409387, 
          413556, 
          415181, 
          416421, 
          417957, 
          418709
        ]
      }, 
      "2": {
        "sweep_num": 47, 
        "El": -0.0724383773803711, 
        "spike_ind": [
          201465, 
          203015, 
          204677, 
          217114, 
          221896, 
          223765, 
          237244, 
          242830, 
          244720, 
          258102, 
          360922, 
          361450, 
          362321, 
          362979, 
          363688, 
          364508, 
          365935, 
          367539, 
          368459, 
          369462, 
          373138, 
          374732, 
          376137, 
          377201, 
          378173, 
          380890, 
          381930, 
          382880, 
          383599, 
          384535, 
          387934, 
          389410, 
          393547, 
          395155, 
          396432, 
          397945, 
          398730, 
          400918, 
          401808, 
          402782, 
          403567, 
          404479, 
          406641, 
          408304, 
          409467, 
          413498, 
          415192, 
          416464, 
          417953, 
          418743
        ]
      }, 
      "5": {
        "sweep_num": null, 
        "El": null, 
        "spike_ind": null
      }, 
      "4": {
        "sweep_num": null, 
        "El": null, 
        "spike_ind": null
      }
    }, 
    "ramp": {
      "sweep_num": [
        4, 
        5, 
        6
      ]
    }, 
    "max_subthresh_long_square": {
      "sweep_num": [
        31, 
        41
      ]
    }, 
    "suprathreshold_short_square": {
      "R_testpulsesweep_num": [
        16, 
        18, 
        19, 
        20, 
        21, 
        22
      ]
    }, 
    "subthreshold_short_square": {
      "sweep_num": [
        12
      ]
    }
  }, 
  "spike_cutting": {
    "NOdeltaV": {
      "slope": 0.38174972563037773, 
      "intercept": 0.00093727244780215241, 
      "cut_length": 33.0, 
      "dependencies": null
    }
  }, 
  "dt_used_for_preprocessor_calculations": 5e-05
}