{
  "model_spike_times_same_across_sweeps": {
    "n1": 1,
    "n2": 1
  },
  "run_model_spike_times_match_database": {
    "n2": true
  },
  "n2_after_opt_sanitycheck": 0.4290116792247406,
  "after_opt": {
    "noise_1": 0.5726309724728064,
    "noise_2": 0.429025759789375
  },
  "before_opt": {
    "noise_1": 0.30663490200941895,
    "noise_2": 0.28483096028819166
  }
}