{
  "model_spike_times_same_across_sweeps": {
    "n1": 1,
    "n2": 1
  },
  "run_model_spike_times_match_database": {
    "n2": true
  },
  "n2_after_opt_sanitycheck": 0.8779496730164589,
  "after_opt": {
    "noise_1": 0.8957800956987036,
    "noise_2": 0.877940027054242
  },
  "before_opt": {
    "noise_1": 0.8762512662893334,
    "noise_2": 0.8280014902639443
  }
}