{
  "model_spike_times_same_across_sweeps": {
    "n1": 1,
    "n2": 1
  },
  "run_model_spike_times_match_database": {
    "n2": true
  },
  "n2_after_opt_sanitycheck": 0.8523482504980281,
  "after_opt": {
    "noise_1": 0.8838334616758413,
    "noise_2": 0.852339799368789
  },
  "before_opt": {
    "noise_1": 0.7742778608148251,
    "noise_2": 0.7994445665840041
  }
}