{
  "model_spike_times_same_across_sweeps": {
    "n1": 1,
    "n2": 1
  },
  "run_model_spike_times_match_database": {
    "n2": true
  },
  "n2_after_opt_sanitycheck": 0.8379044089000626,
  "after_opt": {
    "noise_1": 0.855616945473194,
    "noise_2": 0.837907684126652
  },
  "before_opt": {
    "noise_1": 0.739196850535909,
    "noise_2": 0.763380483086449
  }
}