{
  "noise1": {
    "RSS_of_voltage_diff": 58.08250791062098,
    "var_of_voltage_difference": 2.059326218635059e-05,
    "var_of_voltage_data": 0.00015431893560366265,
    "num_data_points_wo_spike_shape": 2788536
  },
  "noise2": {
    "RSS_of_voltage_diff": 61.99322897139217,
    "var_of_voltage_difference": 2.204009013254981e-05,
    "var_of_voltage_data": 0.00015000366190833406,
    "num_data_points_wo_spike_shape": 2785782
  }
}