{
  "model_spike_times_same_across_sweeps": {
    "n1": 1,
    "n2": 1
  },
  "run_model_spike_times_match_database": {
    "n2": true
  },
  "n2_after_opt_sanitycheck": 0.4944221536303835,
  "after_opt": {
    "noise_1": 0.4649188865614611,
    "noise_2": 0.494405746019089
  },
  "before_opt": {
    "noise_1": 0.42759747217431027,
    "noise_2": 0.5708863074408298
  }
}