{
  "noise1": {
    "RSS_of_voltage_diff": 302.19588990879583,
    "var_of_voltage_difference": 2.480811947389065e-05,
    "var_of_voltage_data": 0.0001071638434091122,
    "num_data_points_wo_spike_shape": 11198654
  },
  "noise2": {
    "RSS_of_voltage_diff": 288.86682034453463,
    "var_of_voltage_difference": 2.4907151378088413e-05,
    "var_of_voltage_data": 0.00010908108467020927,
    "num_data_points_wo_spike_shape": 11198882
  }
}