{
  "El_reference": -0.0738941993713379, 
  "C": 1.0264095648541899e-10, 
  "asc_amp_array": [
    -1.7972468704410822e-10, 
    6.004880759010526e-10
  ], 
  "init_threshold": 0.02587699621954674, 
  "threshold_reset_method": {
    "params": {
      "a_spike": 0.003177580316977774, 
      "b_spike": 27.56429770302612
    }, 
    "name": "three_components"
  }, 
  "th_inf": 0.02587699621954674, 
  "spike_cut_length": 57, 
  "init_AScurrents": [
    0.0, 
    0.0
  ], 
  "init_voltage": 0.0, 
  "threshold_dynamics_method": {
    "params": {
      "b_voltage": 0, 
      "a_spike": 0.003177580316977774, 
      "b_spike": 27.56429770302612, 
      "a_voltage": 0
    }, 
    "name": "spike_component"
  }, 
  "voltage_reset_method": {
    "params": {
      "a": 0.6895243041972345, 
      "b": -0.005187976200663757
    }, 
    "name": "v_before"
  }, 
  "extrapolation_method_name": "endpoints", 
  "dt": 5e-05, 
  "voltage_dynamics_method": {
    "params": {}, 
    "name": "linear_forward_euler"
  }, 
  "El": 0.0, 
  "asc_tau_array": [
    0.01, 
    0.0033333333333333335
  ], 
  "R_input": 294340557.0165574, 
  "AScurrent_dynamics_method": {
    "params": {}, 
    "name": "exp"
  }, 
  "AScurrent_reset_method": {
    "params": {
      "r": [
        1.0, 
        1.0
      ]
    }, 
    "name": "sum"
  }, 
  "dt_multiplier": 10, 
  "th_adapt": null, 
  "coeffs": {
    "a": 1, 
    "C": 1, 
    "b": 1, 
    "G": 1, 
    "th_inf": 1.1978299497168592, 
    "asc_amp_array": [
      1.0, 
      1.0
    ]
  }, 
  "type": "GLIF"
}