{
  "noise1": {
    "RSS_of_voltage_diff": 168.3922533644251,
    "var_of_voltage_difference": 1.4305118862228346e-05,
    "var_of_voltage_data": 0.0001071638434091122,
    "num_data_points_wo_spike_shape": 11198654
  },
  "noise2": {
    "RSS_of_voltage_diff": 173.22890547244685,
    "var_of_voltage_difference": 1.3560274473595967e-05,
    "var_of_voltage_data": 0.00010908108467020927,
    "num_data_points_wo_spike_shape": 11198882
  }
}