{
  "El": {
    "El_max_subth_long_square": {
      "dependencies": null, 
      "value": -0.073546760559082
    }, 
    "El_noise": {
      "measured": {
        "dependencies": null, 
        "list": [
          -0.073297981262207, 
          -0.0744904174804688
        ], 
        "mean": -0.073894199371337899
      }
    }, 
    "El_ramp": {
      "dependencies": null, 
      "value": -0.0749261016845703
    }, 
    "El_suprathreshold_blip": {
      "dependencies": null, 
      "value": -0.0729276428222656
    }, 
    "El_subthreshold_blip": {
      "dependencies": null, 
      "value": -0.0739573135375977
    }
  }, 
  "spike_cut_length": {
    "no deltaV shift": {
      "slope": 0.68952430419723454, 
      "length": 57.0, 
      "intercept": -0.0051879762006637568, 
      "dependencies": null
    }
  }, 
  "threshold_adaptation": {
    "b_spike_component_of_threshold": 27.564297703026121, 
    "b_voltage_comp_of_thr_from_fitab": 22.252885449812066, 
    "b_voltage_comp_of_thr_from_fitabth": 30.796487715657051, 
    "a_voltage_comp_of_thr_from_fitab": 5.0466166149444653, 
    "a_spike_component_of_threshold": 0.0031775803169777741, 
    "a_voltage_comp_of_thr_from_fitabth": 9.5891327256496162
  }, 
  "th_inf": {
    "via_Vmeasure": {
      "from_zero": 0.025876996219546741, 
      "dependencies": "measured from suprathreshold blip", 
      "value": -0.047050646602718862
    }, 
    "fit_with_v_comp_of_th": {
      "from_zero": 0.024471502378934258, 
      "value": -0.049422696992403641
    }
  }, 
  "resistance": {
    "R_test_list": {
      "list": [
        232812114.80394045, 
        237171061.72122645
      ], 
      "mean": 234991588.26258343
    }, 
    "R_fit_ASC_and_R": {
      "list": [
        308794250.8393052, 
        279886863.19380957
      ], 
      "mean": 294340557.0165574
    }, 
    "R_from_lims": {
      "value": 212499886.75117502
    }
  }, 
  "asc": {
    "amp": [
      -1.7972468704410822e-10, 
      6.004880759010526e-10
    ], 
    "k": [
      100.0, 
      300.0
    ], 
    "dependencies": "Cap and res from least squares"
  }, 
  "capacitance": {
    "C_from_lims": {
      "value": 1.1753099324884227e-10
    }, 
    "C_test_list": {
      "list": [
        1.0501122312789005e-10, 
        1.0027068984294793e-10
      ], 
      "mean": 1.0264095648541899e-10
    }
  }, 
  "MLIN": {
    "tau_from_AC": 0.059465198935967585, 
    "sv_for_expsymm": 0.00044549352939154231, 
    "var_of_section": 3.9692896945946605e-07
  }, 
  "sweep_properties": {
    "multi_short_square": {
      "sweep_num": [
        74, 
        75, 
        76, 
        77, 
        79, 
        80, 
        81, 
        83, 
        84, 
        85, 
        86, 
        87, 
        88, 
        89, 
        90, 
        91, 
        92, 
        93, 
        94, 
        95, 
        96, 
        97
      ]
    }, 
    "noise1": {
      "1": {
        "sweep_num": 47, 
        "El": -0.073297981262207, 
        "spike_ind": [
          202485, 
          203641, 
          204777, 
          209417, 
          216883, 
          218666, 
          221895, 
          223364, 
          224688, 
          229384, 
          237182, 
          238766, 
          241882, 
          243277, 
          244635, 
          248615, 
          255836, 
          258221, 
          360974, 
          361456, 
          362030, 
          362603, 
          363062, 
          363547, 
          364111, 
          364580, 
          364927, 
          365834, 
          366537, 
          367539, 
          368202, 
          369000, 
          369514, 
          371807, 
          373127, 
          373880, 
          374777, 
          375549, 
          376371, 
          377100, 
          377934, 
          378469, 
          379472, 
          380837, 
          381377, 
          382093, 
          382722, 
          383257, 
          383760, 
          384398, 
          384793, 
          385765, 
          386585, 
          387812, 
          388482, 
          389242, 
          391868, 
          393194, 
          394202, 
          395112, 
          395995, 
          396561, 
          397243, 
          398002, 
          398513, 
          400699, 
          401055, 
          401752, 
          402529, 
          403017, 
          403541, 
          404164, 
          404656, 
          405131, 
          405952, 
          406850, 
          407834, 
          408535, 
          409324, 
          411945, 
          413189, 
          414108, 
          415017, 
          415776, 
          416484, 
          417203, 
          418005, 
          418535
        ]
      }, 
      "3": {
        "sweep_num": null, 
        "El": null, 
        "spike_ind": null
      }, 
      "2": {
        "sweep_num": 49, 
        "El": -0.0744904174804688, 
        "spike_ind": [
          202693, 
          203777, 
          204880, 
          217999, 
          221890, 
          223453, 
          224786, 
          238144, 
          242153, 
          243618, 
          244818, 
          257117, 
          258769, 
          361040, 
          361594, 
          362354, 
          362882, 
          363385, 
          363805, 
          364428, 
          364813, 
          365632, 
          366482, 
          367562, 
          368290, 
          369143, 
          370665, 
          372908, 
          373831, 
          374803, 
          375628, 
          376451, 
          377229, 
          378058, 
          378634, 
          380813, 
          381328, 
          382085, 
          382769, 
          383367, 
          383833, 
          384486, 
          384864, 
          385867, 
          386881, 
          387921, 
          388694, 
          389444, 
          392688, 
          393711, 
          394748, 
          395674, 
          396456, 
          397229, 
          398084, 
          398628, 
          400882, 
          401451, 
          402329, 
          402890, 
          403487, 
          404119, 
          404635, 
          405267, 
          406136, 
          407407, 
          408217, 
          409160, 
          412018, 
          413364, 
          414410, 
          415270, 
          416312, 
          417113, 
          418010, 
          418566
        ]
      }, 
      "5": {
        "sweep_num": null, 
        "El": null, 
        "spike_ind": null
      }, 
      "4": {
        "sweep_num": null, 
        "El": null, 
        "spike_ind": null
      }
    }, 
    "ramp": {
      "sweep_num": [
        4, 
        5, 
        6
      ]
    }, 
    "max_subthresh_long_square": {
      "sweep_num": [
        44
      ]
    }, 
    "suprathreshold_short_square": {
      "R_testpulsesweep_num": [
        12
      ]
    }, 
    "subthreshold_short_square": {
      "sweep_num": [
        20
      ]
    }
  }, 
  "spike_cutting": {
    "NOdeltaV": {
      "slope": 0.68952430419723454, 
      "intercept": -0.0051879762006637568, 
      "cut_length": 57.0, 
      "dependencies": null
    }
  }, 
  "dt_used_for_preprocessor_calculations": 5e-05
}