{
  "model_spike_times_same_across_sweeps": {
    "n1": 1,
    "n2": 1
  },
  "run_model_spike_times_match_database": {
    "n2": true
  },
  "n2_after_opt_sanitycheck": 0.8594064297213717,
  "after_opt": {
    "noise_1": 0.8764485667481545,
    "noise_2": 0.859415986969851
  },
  "before_opt": {
    "noise_1": 0.849087236815347,
    "noise_2": 0.8701934921503842
  }
}