{
  "model_spike_times_same_across_sweeps": {
    "n1": 1,
    "n2": 1
  },
  "run_model_spike_times_match_database": {
    "n2": true
  },
  "n2_after_opt_sanitycheck": 0.9748439665511918,
  "after_opt": {
    "noise_1": 0.9724776771854734,
    "noise_2": 0.974844298053902
  },
  "before_opt": {
    "noise_1": 0.946407778262451,
    "noise_2": 0.9524484738442707
  }
}