{
  "model_spike_times_same_across_sweeps": {
    "n1": 1,
    "n2": 1
  },
  "run_model_spike_times_match_database": {
    "n2": true
  },
  "n2_after_opt_sanitycheck": 0.8047006680988612,
  "after_opt": {
    "noise_1": 0.8027751736474366,
    "noise_2": 0.804693065868868
  },
  "before_opt": {
    "noise_1": 0.7951128498316961,
    "noise_2": 0.8203843757540982
  }
}