{
  "model_spike_times_same_across_sweeps": {
    "n1": 1,
    "n2": 1
  },
  "run_model_spike_times_match_database": {
    "n2": true
  },
  "n2_after_opt_sanitycheck": 0.94717854790804,
  "after_opt": {
    "noise_1": 0.9498062789937982,
    "noise_2": 0.947177005952953
  },
  "before_opt": {
    "noise_1": 0.9831788516195713,
    "noise_2": 0.9825563199289039
  }
}