{
  "model_spike_times_same_across_sweeps": {
    "n1": 1,
    "n2": 1
  },
  "run_model_spike_times_match_database": {
    "n2": true
  },
  "n2_after_opt_sanitycheck": 0.9672828901959005,
  "after_opt": {
    "noise_1": 0.9673973720440214,
    "noise_2": 0.967283873635648
  },
  "before_opt": {
    "noise_1": 0.8940546731444452,
    "noise_2": 0.8930196058388197
  }
}