{
  "El_reference": -0.07659822082519532, 
  "C": 1.1189380495954695e-10, 
  "asc_amp_array": [
    -1.470178553462317e-11, 
    -2.1284475131333583e-10
  ], 
  "init_threshold": 0.028960443637651143, 
  "threshold_reset_method": {
    "params": {
      "a_spike": 0.0026269761367233697, 
      "b_spike": 101.12498747696704
    }, 
    "name": "three_components"
  }, 
  "th_inf": 0.028960443637651143, 
  "spike_cut_length": 85, 
  "init_AScurrents": [
    0.0, 
    0.0
  ], 
  "init_voltage": 0.0, 
  "threshold_dynamics_method": {
    "params": {
      "b_voltage": 0, 
      "a_spike": 0.0026269761367233697, 
      "b_spike": 101.12498747696704, 
      "a_voltage": 0
    }, 
    "name": "spike_component"
  }, 
  "voltage_reset_method": {
    "params": {
      "a": 0.3320303532755772, 
      "b": 0.01902720768383157
    }, 
    "name": "v_before"
  }, 
  "extrapolation_method_name": "endpoints", 
  "dt": 5e-05, 
  "voltage_dynamics_method": {
    "params": {}, 
    "name": "linear_forward_euler"
  }, 
  "El": 0.0, 
  "asc_tau_array": [
    0.3333333333333333, 
    0.01
  ], 
  "R_input": 97403326.6581712, 
  "AScurrent_dynamics_method": {
    "params": {}, 
    "name": "exp"
  }, 
  "AScurrent_reset_method": {
    "params": {
      "r": [
        1.0, 
        1.0
      ]
    }, 
    "name": "sum"
  }, 
  "dt_multiplier": 10, 
  "th_adapt": null, 
  "coeffs": {
    "a": 1, 
    "C": 1, 
    "b": 1, 
    "G": 1, 
    "th_inf": 1.2616294107329098, 
    "asc_amp_array": [
      1.0, 
      1.0
    ]
  }, 
  "type": "GLIF"
}