{
  "noise1": {
    "RSS_of_voltage_diff": 186.64788865352142,
    "var_of_voltage_difference": 1.05130758630827e-05,
    "var_of_voltage_data": 7.489955896495009e-05,
    "num_data_points_wo_spike_shape": 16797425
  },
  "noise2": {
    "RSS_of_voltage_diff": 186.94036740717485,
    "var_of_voltage_difference": 9.954181059819694e-06,
    "var_of_voltage_data": 7.388045189494714e-05,
    "num_data_points_wo_spike_shape": 16797795
  }
}