{
  "model_spike_times_same_across_sweeps": {
    "n1": 1,
    "n2": 1
  },
  "run_model_spike_times_match_database": {
    "n2": true
  },
  "n2_after_opt_sanitycheck": 0.7136903544207216,
  "after_opt": {
    "noise_1": 0.6795941232643331,
    "noise_2": 0.71368491460739
  },
  "before_opt": {
    "noise_1": 0.6493384539479575,
    "noise_2": 0.5949868841598341
  }
}