{
  "noise1": {
    "RSS_of_voltage_diff": 238.2097450832777,
    "var_of_voltage_difference": 1.726254445895718e-05,
    "var_of_voltage_data": 0.00017136837392120496,
    "num_data_points_wo_spike_shape": 13797358
  },
  "noise2": {
    "RSS_of_voltage_diff": 237.67633617834278,
    "var_of_voltage_difference": 1.7137401217620693e-05,
    "var_of_voltage_data": 0.0001749791984974722,
    "num_data_points_wo_spike_shape": 13797271
  }
}