{
  "model_spike_times_same_across_sweeps": {
    "n1": 1,
    "n2": 1
  },
  "run_model_spike_times_match_database": {
    "n2": true
  },
  "n2_after_opt_sanitycheck": 0.8271181863985179,
  "after_opt": {
    "noise_1": 0.8283408402250346,
    "noise_2": 0.827110189836267
  },
  "before_opt": {
    "noise_1": 0.830341038375094,
    "noise_2": 0.8292361542188268
  }
}