{
  "El_reference": -0.0790417277018229, 
  "C": 6.072689987399939e-11, 
  "asc_amp_array": [
    -2.3825265478178427e-11, 
    -2.9206473034028727e-10
  ], 
  "init_threshold": 0.04294493489668067, 
  "threshold_reset_method": {
    "params": {
      "a_spike": 0.0009717210810158325, 
      "b_spike": 47.35500125365556
    }, 
    "name": "three_components"
  }, 
  "th_inf": 0.04294493489668067, 
  "spike_cut_length": 29, 
  "init_AScurrents": [
    0.0, 
    0.0
  ], 
  "init_voltage": 0.0, 
  "threshold_dynamics_method": {
    "params": {
      "b_voltage": 0, 
      "a_spike": 0.0009717210810158325, 
      "b_spike": 47.35500125365556, 
      "a_voltage": 0
    }, 
    "name": "spike_component"
  }, 
  "voltage_reset_method": {
    "params": {
      "a": 0.7407460168484002, 
      "b": -0.004222249859153669
    }, 
    "name": "v_before"
  }, 
  "extrapolation_method_name": "endpoints", 
  "dt": 5e-05, 
  "voltage_dynamics_method": {
    "params": {}, 
    "name": "linear_forward_euler"
  }, 
  "El": 0.0, 
  "asc_tau_array": [
    0.03333333333333334, 
    0.0033333333333333335
  ], 
  "R_input": 255066542.81734213, 
  "AScurrent_dynamics_method": {
    "params": {}, 
    "name": "none"
  }, 
  "AScurrent_reset_method": {
    "params": {}, 
    "name": "none"
  }, 
  "dt_multiplier": 10, 
  "th_adapt": null, 
  "coeffs": {
    "a": 1, 
    "C": 1, 
    "b": 1, 
    "G": 1, 
    "th_inf": 0.9943948952255139, 
    "asc_amp_array": [
      1.0, 
      1.0
    ]
  }, 
  "type": "GLIF"
}