{
  "El": {
    "El_max_subth_long_square": {
      "dependencies": null, 
      "value": -0.0796105499267578
    }, 
    "El_noise": {
      "measured": {
        "dependencies": null, 
        "list": [
          -0.07893824005126951, 
          -0.07922442626953119, 
          -0.078962516784668
        ], 
        "mean": -0.079041727701822898
      }
    }, 
    "El_ramp": {
      "dependencies": null, 
      "value": -0.0804539947509766
    }, 
    "El_suprathreshold_blip": {
      "dependencies": null, 
      "value": -0.08027072143554691
    }, 
    "El_subthreshold_blip": {
      "dependencies": null, 
      "value": -0.0806268157958984
    }
  }, 
  "spike_cut_length": {
    "no deltaV shift": {
      "slope": 0.74074601684840025, 
      "length": 29.0, 
      "intercept": -0.0042222498591536692, 
      "dependencies": null
    }
  }, 
  "threshold_adaptation": {
    "b_spike_component_of_threshold": 47.355001253655558, 
    "b_voltage_comp_of_thr_from_fitab": 27.683876983441042, 
    "b_voltage_comp_of_thr_from_fitabth": 138.65651744250724, 
    "a_voltage_comp_of_thr_from_fitab": -1.7928253240699377, 
    "a_spike_component_of_threshold": 0.00097172108101583254, 
    "a_voltage_comp_of_thr_from_fitabth": 88.891639173010972
  }, 
  "th_inf": {
    "via_Vmeasure": {
      "from_zero": 0.042944934896680671, 
      "dependencies": "measured from suprathreshold blip", 
      "value": -0.037325786538866236
    }, 
    "fit_with_v_comp_of_th": {
      "from_zero": 0.018856641054413995, 
      "value": -0.060185086647408903
    }
  }, 
  "resistance": {
    "R_test_list": {
      "list": [
        247829960.08583465, 
        255212728.99272522, 
        262156939.37346652
      ], 
      "mean": 255066542.81734213
    }, 
    "R_fit_ASC_and_R": {
      "list": [
        285913769.6930081, 
        285352123.8032458, 
        291291752.9424646
      ], 
      "mean": 287519215.47957283
    }, 
    "R_from_lims": {
      "value": 181874960.660934
    }
  }, 
  "asc": {
    "amp": [
      -2.3825265478178427e-11, 
      -2.9206473034028727e-10
    ], 
    "k": [
      29.999999999999996, 
      300.0
    ], 
    "dependencies": "Cap and res from least squares"
  }, 
  "capacitance": {
    "C_from_lims": {
      "value": 6.699965093559143e-11
    }, 
    "C_test_list": {
      "list": [
        5.8397373612459895e-11, 
        6.0762986338509872e-11, 
        6.3020339671028391e-11
      ], 
      "mean": 6.0726899873999391e-11
    }
  }, 
  "MLIN": {
    "tau_from_AC": 0.016774182417508162, 
    "sv_for_expsymm": 0.00036301173690036316, 
    "var_of_section": 2.6355504225483698e-07
  }, 
  "sweep_properties": {
    "multi_short_square": {
      "sweep_num": [
        58, 
        59, 
        60, 
        61, 
        62, 
        63, 
        64, 
        65, 
        66, 
        67, 
        68, 
        69, 
        70, 
        71, 
        72, 
        73, 
        74, 
        75, 
        76, 
        77, 
        78, 
        79, 
        80, 
        81
      ]
    }, 
    "noise1": {
      "1": {
        "sweep_num": 42, 
        "El": -0.07893824005126951, 
        "spike_ind": [
          200945, 
          202411, 
          202954, 
          203513, 
          204223, 
          204691, 
          205917, 
          206873, 
          207879, 
          208649, 
          209411, 
          213219, 
          214504, 
          215592, 
          216524, 
          217996, 
          218650, 
          220876, 
          221536, 
          222487, 
          223110, 
          223701, 
          224446, 
          224866, 
          225964, 
          227896, 
          229137, 
          233701, 
          235178, 
          236430, 
          237733, 
          238454, 
          240921, 
          241767, 
          242711, 
          243307, 
          243841, 
          244577, 
          245977, 
          247879, 
          249161, 
          253611, 
          255178, 
          256427, 
          257300, 
          258151, 
          258776, 
          360715, 
          360965, 
          361345, 
          361727, 
          362093, 
          362459, 
          362766, 
          363072, 
          363416, 
          363707, 
          364104, 
          364408, 
          364650, 
          364851, 
          365230, 
          365674, 
          366040, 
          366463, 
          366898, 
          367419, 
          367861, 
          368282, 
          368640, 
          369096, 
          369447, 
          370088, 
          370818, 
          371839, 
          372606, 
          373173, 
          373661, 
          374287, 
          374756, 
          375216, 
          375674, 
          376216, 
          376549, 
          377068, 
          377548, 
          377978, 
          378347, 
          378684, 
          379441, 
          380551, 
          380906, 
          381318, 
          381771, 
          382351, 
          382736, 
          383095, 
          383478, 
          383780, 
          384276, 
          384608, 
          384831, 
          385652, 
          386146, 
          386624, 
          387417, 
          387901, 
          388360, 
          389058, 
          389445, 
          390472, 
          391883, 
          392715, 
          393257, 
          393852, 
          394491, 
          395116, 
          395609, 
          396182, 
          396556, 
          397095, 
          397720, 
          398119, 
          398502, 
          398868, 
          399550, 
          400610, 
          400933, 
          401345, 
          401784, 
          402353, 
          402765, 
          403158, 
          403537, 
          403828, 
          404351, 
          404651, 
          404896, 
          405609, 
          406125, 
          406660, 
          407459, 
          407936, 
          408431, 
          409069, 
          409458, 
          410519, 
          411881, 
          412718, 
          413250, 
          413843, 
          414490, 
          415142, 
          415639, 
          416319, 
          416882, 
          417288, 
          417945, 
          418335, 
          418710, 
          419468
        ]
      }, 
      "3": {
        "sweep_num": 46, 
        "El": -0.078962516784668,