{
  "model_spike_times_same_across_sweeps": {
    "n1": 1,
    "n2": 1
  },
  "run_model_spike_times_match_database": {
    "n2": true
  },
  "n2_after_opt_sanitycheck": 0.8265187359801398,
  "after_opt": {
    "noise_1": 0.726021736987308,
    "noise_2": 0.826575235358474
  },
  "before_opt": {
    "noise_1": 0.48202440819755665,
    "noise_2": 0.4204894963280786
  }
}