{
  "noise1": {
    "RSS_of_voltage_diff": 78.38094450639429,
    "var_of_voltage_difference": 1.3254297625499769e-05,
    "var_of_voltage_data": 3.1774632112381404e-05,
    "num_data_points_wo_spike_shape": 5581614
  },
  "noise2": {
    "RSS_of_voltage_diff": 74.73768811978096,
    "var_of_voltage_difference": 1.282942190987394e-05,
    "var_of_voltage_data": 3.1950460511332414e-05,
    "num_data_points_wo_spike_shape": 5582762
  }
}