{
  "El": {
    "El_max_subth_long_square": {
      "dependencies": null, 
      "value": -0.0655086517333984
    }, 
    "El_noise": {
      "measured": {
        "dependencies": null, 
        "list": [
          -0.0656045913696289, 
          -0.066023811340332, 
          -0.0657839202880859, 
          -0.0659490966796875
        ], 
        "mean": -0.065840354919433575
      }
    }, 
    "El_ramp": {
      "dependencies": null, 
      "value": -0.06647695159912109
    }, 
    "El_suprathreshold_blip": {
      "dependencies": null, 
      "value": -0.0657897796630859
    }, 
    "El_subthreshold_blip": {
      "dependencies": null, 
      "value": -0.06596969604492191
    }
  }, 
  "spike_cut_length": {
    "no deltaV shift": {
      "slope": 0.53818908553191369, 
      "length": 82.0, 
      "intercept": 0.0039097073172811442, 
      "dependencies": null
    }
  }, 
  "threshold_adaptation": {
    "b_spike_component_of_threshold": 28.077347163514776, 
    "b_voltage_comp_of_thr_from_fitab": 8.0726176924679311, 
    "b_voltage_comp_of_thr_from_fitabth": 16.609544756710722, 
    "a_voltage_comp_of_thr_from_fitab": 0.80069351501595531, 
    "a_spike_component_of_threshold": 0.0025399937704620517, 
    "a_voltage_comp_of_thr_from_fitabth": 6.869531288491407
  }, 
  "th_inf": {
    "via_Vmeasure": {
      "from_zero": 0.021109823601265475, 
      "dependencies": "measured from suprathreshold blip", 
      "value": -0.044679956061820424
    }, 
    "fit_with_v_comp_of_th": {
      "from_zero": 0.016536125245160668, 
      "value": -0.049304229674272906
    }
  }, 
  "resistance": {
    "R_test_list": {
      "list": [
        399410190.03951901, 
        394148482.29893845, 
        381649354.67380601, 
        426695106.3777222
      ], 
      "mean": 400475783.34749645
    }, 
    "R_fit_ASC_and_R": {
      "list": [
        529613241.3132401, 
        532460885.7031421, 
        537914683.0249052, 
        560575603.6725378
      ], 
      "mean": 540141103.42845631
    }, 
    "R_from_lims": {
      "value": 272343784.570694
    }
  }, 
  "asc": {
    "amp": [
      -2.968448356481408e-12, 
      -4.848830867178709e-11
    ], 
    "k": [
      3.0, 
      100.0
    ], 
    "dependencies": "Cap and res from least squares"
  }, 
  "capacitance": {
    "C_from_lims": {
      "value": 4.2252887740401045e-11
    }, 
    "C_test_list": {
      "list": [
        4.5628611467713465e-11, 
        4.4542158661334138e-11, 
        4.7082555317505067e-11, 
        4.8572604973027163e-11
      ], 
      "mean": 4.6456482604894957e-11
    }
  }, 
  "MLIN": {
    "tau_from_AC": 0.01954830084295146, 
    "sv_for_expsymm": 0.00017072487616419277, 
    "var_of_section": 5.8293966682557924e-08
  }, 
  "sweep_properties": {
    "multi_short_square": {
      "sweep_num": [
        61, 
        62, 
        63, 
        64, 
        65, 
        66, 
        67, 
        68, 
        69, 
        70, 
        71, 
        72, 
        73, 
        74, 
        75, 
        77, 
        78, 
        79, 
        80, 
        81
      ]
    }, 
    "noise1": {
      "1": {
        "sweep_num": 38, 
        "El": -0.0656045913696289, 
        "spike_ind": [
          251374, 
          252351, 
          253877, 
          255583, 
          260735, 
          269087, 
          272918, 
          276729, 
          278916, 
          280855, 
          294603, 
          297919, 
          301853, 
          304142, 
          306081, 
          319519, 
          323232, 
          451031, 
          451295, 
          451869, 
          452510, 
          453364, 
          454005, 
          454702, 
          455607, 
          456127, 
          457509, 
          459860, 
          460984, 
          461993, 
          466584, 
          467680, 
          469290, 
          470668, 
          471815, 
          472739, 
          473510, 
          476196, 
          476852, 
          478340, 
          479116, 
          479766, 
          480814, 
          482720, 
          485311, 
          486812, 
          491652, 
          493494, 
          495286, 
          496574, 
          497825, 
          501187, 
          502157, 
          503494, 
          504275, 
          505607, 
          506181, 
          508277, 
          510179, 
          511839, 
          516674, 
          518516, 
          520397, 
          521594, 
          522818
        ]
      }, 
      "3": {
        "sweep_num": 42, 
        "El": -0.0657839202880859, 
        "spike_ind": [
          251415, 
          252383, 
          253597, 
          254804, 
          256054, 
          261478, 
          269170, 
          272811, 
          276718, 
          278995, 
          280905, 
          294156, 
          297409, 
          301762, 
          304064, 
          305935, 
          311896, 
          319529, 
          322892, 
          451055, 
          451316, 
          451898, 
          452572, 
          453332, 
          453999, 
          454662, 
          455601, 
          456048, 
          457449, 
          459570, 
          460631, 
          461813, 
          466441, 
          467582, 
          469031, 
          470527, 
          471713, 
          472797, 
          476205, 
          476912, 
          478345, 
          479064, 
          480382, 
          480993, 
          483305, 
          485178, 
          486685, 
          491608, 
          493243, 
          494485, 
          495704, 
          497129, 
          498106, 
          501195, 
          502147, 
          503452, 
          504289, 
          505521, 
          506119, 
          508347, 
          510319, 
          511912, 
          516676, 
          518606, 
          520494, 
          521857, 
          522983
        ]
      }, 
      "2": {
        "sweep_num": 40, 
        "El": -0.066023811340332, 
        "spike_ind": [
          251333, 
          252215, 
          253532, 
          254766, 
          256072, 
          260389, 
          269102, 
          272696, 
          276832, 
          278987, 
          280888, 
          287402, 
          294671, 
          297692, 
          301890, 
          304053, 
          305893, 
          319006, 
          322825, 
          451049, 
          451290, 
          451898, 
          452665, 
          453410, 
          454022, 
          454681, 
          455547, 
          456051, 
          457652, 
          459509, 
          460654, 
          461791, 
          466180, 
          467312, 
          468970, 
          470535, 
          471635, 
          472771, 
          476172, 
          477001, 
          478354, 
          479111, 
          479900, 
          480853, 
          483162, 
          485049, 
          486713, 
          491473, 
          493343, 
          494542, 
          495727, 
          497346, 
          498348, 
          501165, 
          501974, 
          503467, 
          504358, 
          505517, 
          506111, 
          508207, 
          510031, 
          511544, 
          516693, 
          518415, 
          520431, 
          521625, 
          522653, 
          523506
        ]
      }, 
      "5": {
        "sweep_num": null, 
        "El": null, 
        "spike_ind": null
      }, 
      "4": {
        "sweep_num": 44, 
        "El": -0.0659490966796875,