{
  "noise1": {
    "RSS_of_voltage_diff": 195.10834356971392,
    "var_of_voltage_difference": 6.935676073704768e-06,
    "var_of_voltage_data": 4.167394408412539e-05,
    "num_data_points_wo_spike_shape": 28018081
  },
  "noise2": {
    "RSS_of_voltage_diff": 151.4228502864499,
    "var_of_voltage_difference": 5.273593146339536e-06,
    "var_of_voltage_data": 3.8727195206800794e-05,
    "num_data_points_wo_spike_shape": 28018377
  }
}