{
  "noise1": {
    "RSS_of_voltage_diff": 156.77800223803663,
    "var_of_voltage_difference": 5.584979969867389e-06,
    "var_of_voltage_data": 4.167394408412539e-05,
    "num_data_points_wo_spike_shape": 28018081
  },
  "noise2": {
    "RSS_of_voltage_diff": 128.08543984568652,
    "var_of_voltage_difference": 4.355382180941292e-06,
    "var_of_voltage_data": 3.8727195206800794e-05,
    "num_data_points_wo_spike_shape": 28018377
  }
}