{
  "model_spike_times_same_across_sweeps": {
    "n1": 1,
    "n2": 1
  },
  "run_model_spike_times_match_database": {
    "n2": true
  },
  "n2_after_opt_sanitycheck": 0.808846517855171,
  "after_opt": {
    "noise_1": 0.8668674147470421,
    "noise_2": 0.808855690521363
  },
  "before_opt": {
    "noise_1": 0.7489567561631211,
    "noise_2": 0.752516800880716
  }
}