{
  "model_spike_times_same_across_sweeps": {
    "n1": 1,
    "n2": 1
  },
  "run_model_spike_times_match_database": {
    "n2": true
  },
  "n2_after_opt_sanitycheck": 0.8840148474654366,
  "after_opt": {
    "noise_1": 0.9065083195842257,
    "noise_2": 0.88399891821359
  },
  "before_opt": {
    "noise_1": 0.8627616661144545,
    "noise_2": 0.85154154269039
  }
}