{
  "noise1": {
    "RSS_of_voltage_diff": 30.80069603963701,
    "var_of_voltage_difference": 5.144485681338018e-06,
    "var_of_voltage_data": 6.657161067608093e-05,
    "num_data_points_wo_spike_shape": 5584048
  },
  "noise2": {
    "RSS_of_voltage_diff": 24.22965097339215,
    "var_of_voltage_difference": 5.250083288530123e-06,
    "var_of_voltage_data": 6.851362058490044e-05,
    "num_data_points_wo_spike_shape": 4188471
  }
}