{
  "model_spike_times_same_across_sweeps": {
    "n1": 1,
    "n2": 1
  },
  "run_model_spike_times_match_database": {
    "n2": true
  },
  "n2_after_opt_sanitycheck": 0.9480854708911195,
  "after_opt": {
    "noise_1": 0.9582439226809576,
    "noise_2": 0.948078462530972
  },
  "before_opt": {
    "noise_1": 0.8005128138167458,
    "noise_2": 0.7767672522438461
  }
}