{
  "El": {
    "El_max_subth_long_square": {
      "dependencies": null,
      "value": -0.06704802703857421
    },
    "El_noise": {
      "measured": {
        "dependencies": null,
        "list": [
          -0.0667855072021484,
          -0.06667297363281251,
          -0.06662017059326171
        ],
        "mean": -0.06669288380940754
      }
    },
    "El_ramp": {
      "dependencies": null,
      "value": -0.0673677597045898
    },
    "El_suprathreshold_blip": {
      "dependencies": null,
      "value": -0.0664815673828125
    },
    "El_subthreshold_blip": {
      "dependencies": null,
      "value": -0.0666723327636719
    }
  },
  "spike_cut_length": {
    "no deltaV shift": {
      "slope": 0.04423463376286007,
      "length": 71.0,
      "intercept": 0.014316011686004588,
      "dependencies": null
    }
  },
  "threshold_adaptation": {
    "b_spike_component_of_threshold": null,
    "b_voltage_comp_of_thr_from_fitab": null,
    "b_voltage_comp_of_thr_from_fitabth": null,
    "a_voltage_comp_of_thr_from_fitab": null,
    "a_spike_component_of_threshold": null,
    "a_voltage_comp_of_thr_from_fitabth": null
  },
  "th_inf": {
    "via_Vmeasure": {
      "from_zero": 0.02886982303804414,
      "dependencies": "measured from suprathreshold blip",
      "value": -0.037611744344768355
    },
    "fit_with_v_comp_of_th": {
      "from_zero": null,
      "value": null
    }
  },
  "resistance": {
    "R_test_list": {
      "list": [
        220096907.1018326,
        207583473.52350807,
        201192517.1779309
      ],
      "mean": 209624299.26775718
    },
    "R_fit_ASC_and_R": {
      "list": [
        250912578.9080277,
        237528519.2055493,
        225537429.80043796
      ],
      "mean": 237992842.638005
    },
    "R_from_lims": {
      "value": 210937425.494194
    }
  },
  "asc": {
    "amp": [
      -1.0255198992985063e-10,
      -1.5495264390015924e-10
    ],
    "k": [
      29.999999999999996,
      300.0
    ],
    "dependencies": "Cap and res from least squares"
  },
  "capacitance": {
    "C_from_lims": {
      "value": 4.892640192718133e-11
    },
    "C_test_list": {
      "list": [
        6.390199828545174e-11,
        6.405600523228808e-11,
        6.406899663432612e-11
      ],
      "mean": 6.400900005068864e-11
    }
  },
  "MLIN": {
    "tau_from_AC": 0.09132095318736877,
    "sv_for_expsymm": 0.00039385995123538266,
    "var_of_section": 3.10251322374276e-07
  },
  "sweep_properties": {
    "multi_short_square": {
      "sweep_num": null
    },
    "noise1": {
      "1": {
        "sweep_num": 45,
        "El": -0.0667855072021484,
        "spike_ind": [
          254573,
          255958,
          270714,
          272777,
          276309,
          278594,
          279824,
          280986,
          285000,
          294422,
          296558,
          298133,
          301224,
          303356,
          304738,
          305952,
          309849,
          311885,
          318626,
          320814,
          322755,
          451118,
          451873,
          453136,
          453996,
          454745,
          455660,
          456976,
          458145,
          459484,
          460468,
          461490,
          463638,
          465767,
          467040,
          468412,
          469537,
          470577,
          471574,
          472586,
          473425,
          475865,
          476707,
          478008,
          478786,
          479579,
          480575,
          481838,
          483237,
          484829,
          486335,
          488498,
          490806,
          492102,
          493484,
          494745,
          495746,
          497141,
          498099,
          500877,
          501753,
          503051,
          503951,
          504770,
          505769,
          507400,
          509264,
          510463,
          511743,
          514888,
          516504,
          518119,
          519404,
          520591,
          521851,
          522811
        ]
      },
      "3": {
        "sweep_num": 51,
        "El": -0.06662017059326171,
        "spike_ind": [
          255983,
          273412,
          278859,
          280844,
          297691,
          301285,
          303656,
          305696,
          310677,
          320716,
          323026,
          451167,
          452394,
          453518,
          454447,
          455578,
          457368,
          459320,
          460452,
          461580,
          464928,
          466630,
          468244,
          469493,
          470600,
          472200,
          473158,
          475947,
          476872,
          478198,
          479090,
          480444,
          481094,
          482749,
          484567,
          485842,
          489914,
          491949,
          493946,
          495460,
          496580,
          497743,
          500930,
          501873,
          503403,
          504423,
          505593,
          507389,
          509653,
          511335,
          514973,
          516996,
          518921,
          520533,
          522221,
          523199
        ]
      },
      "2": {
        "sweep_num": 47,
        "El": -0.06667297363281251,
        "spike_ind": [
          255939,
          273056,
          276402,
          279045,
          280841,
          286594,
          295774,
          298037,
          301288,
          303633,
          305531,
          310596,
          319350,
          322627,
          451131,
          452282,
          453420,
          454387,
          455493,
          456094,
          457435,
          458708,
          459928,
          461358,
          463572,
          465857,
          467154,
          468459,
          469709,
          470688,
          472122,
          473037,
          475848,
          476694,
          478010,
          478901,
          479721,
          480739,
          482372,
          484351,
          485489,
          486633,
          489906,
          491526,
          493083,
          494274,
          495568,
          496678,
          497731,
          500859,
          501730,
          503057,
          504007,
          504856,
          505825,
          507428,
          509431,
          510645,
          511853,
          514945,
          516703,
          518421,
          520136,
          521404,
          522635,
          523565
        ]
      },
      "5": {
        "sweep_num": null,
        "El": null,
        "spike_ind": null
      },
      "4": {
        "sweep_num": null,
        "El": null,
        "spike_ind": null
      }
    },
    "ramp": {
      "sweep_num": [
        7,
        8,
        9
      ]
    },
    "max_subthresh_long_square": {
      "sweep_num": [
        32
      ]
    },
    "suprathreshold_short_square": {
      "R_testpulsesweep_num": [
        17,
        18,
        19,
        20,
        21
      ]
    },
    "subthreshold_short_square": {
      "sweep_num": [
        15
      ]
    }
  },
  "spike_cutting": {
    "NOdeltaV": {
      "slope": 0.04423463376286007,
      "intercept": 0.014316011686004588,
      "cut_length": 71.0,
      "dependencies": null
    }
  },
  "dt_used_for_preprocessor_calculations": 5e-05
}