{
  "noise1": {
    "RSS_of_voltage_diff": 23.91238576029169,
    "var_of_voltage_difference": 5.708161927578512e-06,
    "var_of_voltage_data": 7.068189451552672e-05,
    "num_data_points_wo_spike_shape": 4188942
  },
  "noise2": {
    "RSS_of_voltage_diff": 31.303009587838666,
    "var_of_voltage_difference": 5.603355623087965e-06,
    "var_of_voltage_data": 7.043427128823913e-05,
    "num_data_points_wo_spike_shape": 5586250
  }
}