{
  "model_spike_times_same_across_sweeps": {
    "n1": 1,
    "n2": 1
  },
  "run_model_spike_times_match_database": {
    "n2": true
  },
  "n2_after_opt_sanitycheck": 0.4665139931242333,
  "after_opt": {
    "noise_1": 0.41814736507674993,
    "noise_2": 0.466514123030495
  },
  "before_opt": {
    "noise_1": 0.5250425448367202,
    "noise_2": 0.5937359057256865
  }
}