{
  "noise1": {
    "RSS_of_voltage_diff": 420.72185771173775,
    "var_of_voltage_difference": 1.85206021361385e-05,
    "var_of_voltage_data": 9.524522624313158e-05,
    "num_data_points_wo_spike_shape": 22403836
  },
  "noise2": {
    "RSS_of_voltage_diff": 396.6342688867851,
    "var_of_voltage_difference": 1.7383966166010582e-05,
    "var_of_voltage_data": 9.296355089414444e-05,
    "num_data_points_wo_spike_shape": 22404484
  }
}