{
  "model_spike_times_same_across_sweeps": {
    "n1": 1,
    "n2": 1
  },
  "run_model_spike_times_match_database": {
    "n2": true
  },
  "n2_after_opt_sanitycheck": 0.6343133728931535,
  "after_opt": {
    "noise_1": 0.5125706661239817,
    "noise_2": 0.634352256117699
  },
  "before_opt": {
    "noise_1": 0.6023134223808078,
    "noise_2": 0.7157146679712435
  }
}