{
  "model_spike_times_same_across_sweeps": {
    "n1": 1,
    "n2": 1
  },
  "run_model_spike_times_match_database": {
    "n2": true
  },
  "n2_after_opt_sanitycheck": 0.7066326111197879,
  "after_opt": {
    "noise_1": 0.7667220971292972,
    "noise_2": 0.706637826031345
  },
  "before_opt": {
    "noise_1": 0.595747870691507,
    "noise_2": 0.5485345675666362
  }
}