{
  "El": {
    "El_max_subth_long_square": {
      "dependencies": null, 
      "value": -0.0702279510498047
    }, 
    "El_noise": {
      "measured": {
        "dependencies": null, 
        "list": [
          -0.0682731018066406, 
          -0.06839038848876951, 
          -0.069319938659668
        ], 
        "mean": -0.068661142985026027
      }
    }, 
    "El_ramp": {
      "dependencies": null, 
      "value": -0.0711633529663086
    }, 
    "El_suprathreshold_blip": {
      "dependencies": null, 
      "value": -0.0715535888671875
    }, 
    "El_subthreshold_blip": {
      "dependencies": null, 
      "value": -0.0732307205200195
    }
  }, 
  "spike_cut_length": {
    "no deltaV shift": {
      "slope": 0.62074680473778732, 
      "length": 76.0, 
      "intercept": 0.003014862299989856, 
      "dependencies": null
    }
  }, 
  "threshold_adaptation": {
    "b_spike_component_of_threshold": null, 
    "b_voltage_comp_of_thr_from_fitab": null, 
    "b_voltage_comp_of_thr_from_fitabth": null, 
    "a_voltage_comp_of_thr_from_fitab": null, 
    "a_spike_component_of_threshold": null, 
    "a_voltage_comp_of_thr_from_fitabth": null
  }, 
  "th_inf": {
    "via_Vmeasure": {
      "from_zero": 0.028307349605564192, 
      "dependencies": "measured from suprathreshold blip", 
      "value": -0.043246239261623312
    }, 
    "fit_with_v_comp_of_th": {
      "from_zero": null, 
      "value": null
    }
  }, 
  "resistance": {
    "R_test_list": {
      "list": [
        232281548.00355992, 
        214396695.88118359, 
        216756039.9884707
      ], 
      "mean": 221144761.29107141
    }, 
    "R_fit_ASC_and_R": {
      "list": [
        231376317.48352194, 
        227345752.74805337, 
        205908810.02608448
      ], 
      "mean": 221543626.75255325
    }, 
    "R_from_lims": {
      "value": 237500116.229057
    }
  }, 
  "asc": {
    "amp": [
      -5.495017064545665e-11, 
      -1.0275414765973836e-10
    ], 
    "k": [
      29.999999999999996, 
      100.0
    ], 
    "dependencies": "Cap and res from least squares"
  }, 
  "capacitance": {
    "C_from_lims": {
      "value": 1.370001079714667e-10
    }, 
    "C_test_list": {
      "list": [
        1.1819494455182464e-10, 
        1.1810067168870126e-10, 
        1.0384875819997194e-10
      ], 
      "mean": 1.133814581468326e-10
    }
  }, 
  "MLIN": {
    "tau_from_AC": 0.048884377842228849, 
    "sv_for_expsymm": 0.00045677600722715398, 
    "var_of_section": 4.1728864155676211e-07
  }, 
  "sweep_properties": {
    "multi_short_square": {
      "sweep_num": null
    }, 
    "noise1": {
      "1": {
        "sweep_num": 57, 
        "El": -0.0682731018066406, 
        "spike_ind": [
          256051, 
          451772, 
          453189, 
          454283, 
          455587, 
          458256, 
          461814, 
          469159, 
          476205, 
          478730, 
          480873, 
          501310, 
          503968, 
          505880
        ]
      }, 
      "3": {
        "sweep_num": 61, 
        "El": -0.069319938659668, 
        "spike_ind": [
          451826, 
          453381, 
          454805, 
          455920, 
          476273, 
          479096, 
          480920, 
          505933
        ]
      }, 
      "2": {
        "sweep_num": 59, 
        "El": -0.06839038848876951, 
        "spike_ind": [
          256057, 
          451222, 
          453425, 
          454764, 
          455908, 
          461956, 
          469497, 
          471600, 
          473498, 
          476519, 
          479092, 
          480870, 
          501296, 
          505876, 
          523462
        ]
      }, 
      "5": {
        "sweep_num": null, 
        "El": null, 
        "spike_ind": null
      }, 
      "4": {
        "sweep_num": null, 
        "El": null, 
        "spike_ind": null
      }
    }, 
    "ramp": {
      "sweep_num": [
        4, 
        5, 
        6
      ]
    }, 
    "max_subthresh_long_square": {
      "sweep_num": [
        46
      ]
    }, 
    "suprathreshold_short_square": {
      "R_testpulsesweep_num": [
        12, 
        16, 
        18, 
        19
      ]
    }, 
    "subthreshold_short_square": {
      "sweep_num": [
        22, 
        23
      ]
    }
  }, 
  "spike_cutting": {
    "NOdeltaV": {
      "slope": 0.62074680473778732, 
      "intercept": 0.003014862299989856, 
      "cut_length": 76.0, 
      "dependencies": null
    }
  }, 
  "dt_used_for_preprocessor_calculations": 5e-05
}