{
  "El": {
    "El_max_subth_long_square": {
      "dependencies": null, 
      "value": -0.07434623718261721
    }, 
    "El_noise": {
      "measured": {
        "dependencies": null, 
        "list": [
          -0.073218620300293, 
          -0.0742534255981445, 
          -0.0742237091064453, 
          -0.0740930709838867
        ], 
        "mean": -0.073947206497192372
      }
    }, 
    "El_ramp": {
      "dependencies": null, 
      "value": -0.0745983047485352
    }, 
    "El_suprathreshold_blip": {
      "dependencies": null, 
      "value": -0.0736253204345703
    }, 
    "El_subthreshold_blip": {
      "dependencies": null, 
      "value": -0.0735701065063477
    }
  }, 
  "spike_cut_length": {
    "no deltaV shift": {
      "slope": 0.68847398277821659, 
      "length": 117.0, 
      "intercept": 0.0061803669298914725, 
      "dependencies": null
    }
  }, 
  "threshold_adaptation": {
    "b_spike_component_of_threshold": null, 
    "b_voltage_comp_of_thr_from_fitab": null, 
    "b_voltage_comp_of_thr_from_fitabth": null, 
    "a_voltage_comp_of_thr_from_fitab": null, 
    "a_spike_component_of_threshold": null, 
    "a_voltage_comp_of_thr_from_fitabth": null
  }, 
  "th_inf": {
    "via_Vmeasure": {
      "from_zero": 0.021001706191183897, 
      "dependencies": "measured from suprathreshold blip", 
      "value": -0.052623614243386407
    }, 
    "fit_with_v_comp_of_th": {
      "from_zero": null, 
      "value": null
    }
  }, 
  "resistance": {
    "R_test_list": {
      "list": [
        53125304.469582573, 
        51508540.015408687, 
        50951181.519092895, 
        50552682.390756637
      ], 
      "mean": 51534427.098710194
    }, 
    "R_fit_ASC_and_R": {
      "list": [
        68577039.53866255, 
        61339127.399335176, 
        62460143.5846705, 
        61021189.27500388
      ], 
      "mean": 63349374.949418031
    }, 
    "R_from_lims": {
      "value": 69375000.8940697
    }
  }, 
  "asc": {
    "amp": [
      -2.3312474726339798e-11, 
      -4.2438508136253565e-10
    ], 
    "k": [
      10.0, 
      100.0
    ], 
    "dependencies": "Cap and res from least squares"
  }, 
  "capacitance": {
    "C_from_lims": {
      "value": 1.2492825508125523e-10
    }, 
    "C_test_list": {
      "list": [
        2.0868479680832141e-10, 
        1.9684772756535937e-10, 
        2.0802544055319253e-10, 
        2.134866610561237e-10
      ], 
      "mean": 2.0676115649574926e-10
    }
  }, 
  "MLIN": {
    "tau_from_AC": 0.013570201233319493, 
    "sv_for_expsymm": 0.00011187930880988594, 
    "var_of_section": 2.5033959479555649e-08
  }, 
  "sweep_properties": {
    "multi_short_square": {
      "sweep_num": null
    }, 
    "noise1": {
      "1": {
        "sweep_num": 58, 
        "El": -0.073218620300293, 
        "spike_ind": [
          200954, 
          202821, 
          203763, 
          204747, 
          216477, 
          218355, 
          220973, 
          222896, 
          223819, 
          224734, 
          236537, 
          238202, 
          240950, 
          242843, 
          243778, 
          244702, 
          256538, 
          258198, 
          360700, 
          360857, 
          361441, 
          362363, 
          362877, 
          363451, 
          364382, 
          364728, 
          365929, 
          367847, 
          368581, 
          369381, 
          371940, 
          373156, 
          373891, 
          375103, 
          376351, 
          377109, 
          377993, 
          378501, 
          380727, 
          380953, 
          381734, 
          382567, 
          382998, 
          383572, 
          384413, 
          384738, 
          386136, 
          387880, 
          388684, 
          389421, 
          392005, 
          393175, 
          394451, 
          395263, 
          396372, 
          397152, 
          398016, 
          398513, 
          400728, 
          400981, 
          401739, 
          402649, 
          403162, 
          403721, 
          404465, 
          404801, 
          406106, 
          407861, 
          408569, 
          409397, 
          413172, 
          413920, 
          415159, 
          416368, 
          417151, 
          418015, 
          418542
        ]
      }, 
      "3": {
        "sweep_num": 62, 
        "El": -0.0742237091064453, 
        "spike_ind": [
          200961, 
          202833, 
          203788, 
          204746, 
          216559, 
          218319, 
          220977, 
          222860, 
          223841, 
          224747, 
          237222, 
          238535, 
          240979, 
          242876, 
          243808, 
          244709, 
          256548, 
          258242, 
          360687, 
          360837, 
          361407, 
          362350, 
          362842, 
          363452, 
          364358, 
          364705, 
          365920, 
          367578, 
          368324, 
          369216, 
          371937, 
          373146, 
          373867, 
          374773, 
          375580, 
          376374, 
          377113, 
          377963, 
          378469, 
          380724, 
          380949, 
          381722, 
          382583, 
          383053, 
          383603, 
          384412, 
          384729, 
          386155, 
          387867, 
          388644, 
          389418, 
          391943, 
          393136, 
          393889, 
          395126, 
          396344, 
          397114, 
          397975, 
          398556, 
          400709, 
          400974, 
          401729, 
          402595, 
          403106, 
          403698, 
          404431, 
          404757, 
          405941, 
          407872, 
          408979, 
          411988, 
          413177, 
          414500, 
          415294, 
          416363, 
          417120, 
          418007, 
          418518
        ]
      }, 
      "2": {
        "sweep_num": 60, 
        "El": -0.0742534255981445, 
        "spike_ind": [
          200997, 
          202934, 
          204653, 
          218216, 
          220986, 
          222941, 
          223829, 
          224754, 
          237194, 
          238578, 
          240987, 
          242957, 
          244630, 
          258245, 
          360709, 
          360866, 
          361452, 
          362454, 
          362888, 
          363501, 
          364371, 
          364709, 
          366152, 
          367861, 
          368587, 
          369387, 
          373145, 
          374472, 
          375301, 
          376374, 
          377178, 
          378014, 
          378537, 
          380755, 
          380968, 
          381795, 
          382662, 
          383193, 
          383733, 
          384466, 
          384802, 
          386134, 
          387870, 
          388719, 
          389521, 
          393172, 
          394530, 
          395306, 
          396378, 
          397152, 
          398018, 
          398544, 
          400757, 
          400977, 
          401828, 
          402697, 
          403235, 
          403759, 
          404534, 
          404864, 
          407939, 
          409232, 
          413152, 
          414504, 
          415293, 
          416415, 
          417133, 
          418051, 
          418594
        ]
      }, 
      "5": {
        "sweep_num": null, 
        "El": null, 
        "spike_ind": null
      }, 
      "4": {
        "sweep_num": 64, 
        "El": -0.0740930709838867,