{
  "model_spike_times_same_across_sweeps": {
    "n1": 1,
    "n2": 1
  },
  "run_model_spike_times_match_database": {
    "n2": true
  },
  "n2_after_opt_sanitycheck": 0.942198403092578,
  "after_opt": {
    "noise_1": 0.9303534869633922,
    "noise_2": 0.942194681397546
  },
  "before_opt": {
    "noise_1": 0.9296343738236582,
    "noise_2": 0.9248481848251398
  }
}