{
  "noise1": {
    "RSS_of_voltage_diff": 66.71702652086117,
    "var_of_voltage_difference": 1.3494628431742827e-05,
    "var_of_voltage_data": 7.532643885942932e-05,
    "num_data_points_wo_spike_shape": 4178100
  },
  "noise2": {
    "RSS_of_voltage_diff": 64.82122415249906,
    "var_of_voltage_difference": 1.3317014043011772e-05,
    "var_of_voltage_data": 7.506674889272182e-05,
    "num_data_points_wo_spike_shape": 4178017
  }
}