{
  "model_spike_times_same_across_sweeps": {
    "n1": 1,
    "n2": 1
  },
  "run_model_spike_times_match_database": {
    "n2": true
  },
  "n2_after_opt_sanitycheck": 0.8172542535027608,
  "after_opt": {
    "noise_1": 0.7950902075992438,
    "noise_2": 0.817225629033746
  },
  "before_opt": {
    "noise_1": 0.8316034219591771,
    "noise_2": 0.8262292363272206
  }
}