{
  "El": {
    "El_max_subth_long_square": {
      "dependencies": null,
      "value": -0.0722105102539062
    },
    "El_noise": {
      "measured": {
        "dependencies": null,
        "list": [
          -0.07180094909667971,
          -0.0722556228637695,
          -0.07198175048828119,
          -0.07219724273681641
        ],
        "mean": -0.0720588912963867
      }
    },
    "El_ramp": {
      "dependencies": null,
      "value": -0.0730451736450195
    },
    "El_suprathreshold_blip": {
      "dependencies": null,
      "value": -0.0725414581298828
    },
    "El_subthreshold_blip": {
      "dependencies": null,
      "value": -0.0735173797607422
    }
  },
  "spike_cut_length": {
    "no deltaV shift": {
      "slope": 0.8526856743499026,
      "length": 141.0,
      "intercept": -0.004767354869664314,
      "dependencies": null
    }
  },
  "threshold_adaptation": {
    "b_spike_component_of_threshold": 127.10563387134987,
    "b_voltage_comp_of_thr_from_fitab": 29.357393553826075,
    "b_voltage_comp_of_thr_from_fitabth": 824.0351918018808,
    "a_voltage_comp_of_thr_from_fitab": 7.442269282906122,
    "a_spike_component_of_threshold": 0.00173760097191261,
    "a_voltage_comp_of_thr_from_fitabth": 852.015272122966
  },
  "th_inf": {
    "via_Vmeasure": {
      "from_zero": 0.024621152189328685,
      "dependencies": "measured from suprathreshold blip",
      "value": -0.04792030594055412
    },
    "fit_with_v_comp_of_th": {
      "from_zero": 0.00027126121618673005,
      "value": -0.07178763008019998
    }
  },
  "resistance": {
    "R_test_list": {
      "list": [
        189958630.71871945,
        184448883.88488528,
        180558888.1108092,
        177028244.5363431
      ],
      "mean": 182998661.81268924
    },
    "R_fit_ASC_and_R": {
      "list": [
        208578249.64160982,
        195308861.75779593,
        198214444.44839188,
        187396874.63214612
      ],
      "mean": 197374607.61998594
    },
    "R_from_lims": {
      "value": 212812498.21186098
    }
  },
  "asc": {
    "amp": [
      -1.3162295562785388e-11,
      -6.11423327031146e-11
    ],
    "k": [
      10.0,
      29.999999999999996
    ],
    "dependencies": "Cap and res from least squares"
  },
  "capacitance": {
    "C_from_lims": {
      "value": 7.849922942889979e-11
    },
    "C_test_list": {
      "list": [
        8.36750881722902e-11,
        8.112509243749976e-11,
        8.232899264308976e-11,
        7.963229452028638e-11
      ],
      "mean": 8.169036694329152e-11
    }
  },
  "MLIN": {
    "tau_from_AC": 0.021245714222094196,
    "sv_for_expsymm": 0.0006127746628455123,
    "var_of_section": 7.509855748508625e-07
  },
  "sweep_properties": {
    "multi_short_square": {
      "sweep_num": [
        90,
        91,
        92,
        93,
        94,
        95,
        96,
        97,
        98,
        99,
        100,
        101,
        102,
        103,
        104,
        105,
        106,
        107,
        108,
        109,
        110
      ]
    },
    "noise1": {
      "1": {
        "sweep_num": 56,
        "El": -0.07180094909667971,
        "spike_ind": [
          251193,
          253709,
          255742,
          270755,
          273207,
          276173,
          278495,
          280796,
          295650,
          298021,
          301166,
          303469,
          305789,
          310675,
          319094,
          322735,
          450899,
          451243,
          452943,
          453675,
          454492,
          455498,
          457361,
          458647,
          459879,
          461342,
          464870,
          466426,
          468130,
          469123,
          470476,
          471478,
          472508,
          473378,
          475872,
          476885,
          478115,
          478985,
          479765,
          480719,
          482458,
          484480,
          485709,
          486770,
          489939,
          491481,
          493163,
          494485,
          495545,
          496514,
          497510,
          498444,
          500632,
          501157,
          502094,
          503026,
          503685,
          504517,
          505495,
          505992,
          507373,
          508286,
          509518,
          510458,
          511477,
          514855,
          516401,
          518143,
          519079,
          520469,
          521413,
          522477,
          523381
        ]
      },
      "3": {
        "sweep_num": 60,
        "El": -0.07198175048828119,
        "spike_ind": [
          251242,
          254047,
          255875,
          270696,
          273427,
          276197,
          278713,
          280866,
          297709,
          301194,
          304396,
          305894,
          320794,
          323374,
          450901,
          451316,
          452974,
          453741,
          454488,
          455521,
          457396,
          459517,
          461370,
          464875,
          466445,
          468450,
          470453,
          471422,
          472531,
          473460,
          475930,
          478029,
          479029,
          479827,
          480755,
          482414,
          484518,
          486383,
          489932,
          491459,
          493233,
          495463,
          496558,
          497639,
          498512,
          500916,
          503043,
          504002,
          504815,
          505792,
          507429,
          509520,
          510747,
          511810,
          514924,
          516445,
          518544,
          520459,
          521494,
          522659,
          523460
        ]
      },
      "2": {
        "sweep_num": 58,
        "El": -0.0722556228637695,
        "spike_ind": [
          251245,
          253752,
          255842,
          272700,
          276212,
          278720,
          280870,
          297722,
          301194,
          303766,
          305863,
          322705,
          450887,
          451235,
          452966,
          453683,
          454507,
          455507,
          457413,
          459821,
          461410,
          464887,
          466437,
          468507,
          470455,
          471552,
          472639,
          473462,
          475867,
          476870,
          478251,
          479360,
          480564,
          482415,
          484518,
          486480,
          489909,
          491466,
          493471,
          495487,
          496461,
          497535,
          498448,
          500909,
          501935,
          503436,
          504442,
          505547,
          507431,
          509829,
          511452,
          514913,
          516475,
          518497,
          520487,
          521508,
          522622
        ]
      },
      "5": {
        "sweep_num": null,
        "El": null,
        "spike_ind": null
      },
      "4": {
        "sweep_num": 62,
        "El": -0.07219724273681641,