{
  "model_spike_times_same_across_sweeps": {
    "n1": 1,
    "n2": 1
  },
  "run_model_spike_times_match_database": {
    "n2": true
  },
  "n2_after_opt_sanitycheck": 0.6363263778911512,
  "after_opt": {
    "noise_1": 0.626939572260877,
    "noise_2": 0.636315671622729
  },
  "before_opt": {
    "noise_1": 0.3935831188620265,
    "noise_2": 0.5076089228890327
  }
}