{
  "model_spike_times_same_across_sweeps": {
    "n1": 1,
    "n2": 1
  },
  "run_model_spike_times_match_database": {
    "n2": true
  },
  "n2_after_opt_sanitycheck": 0.7287852509898719,
  "after_opt": {
    "noise_1": 0.7106005493318517,
    "noise_2": 0.728768453172663
  },
  "before_opt": {
    "noise_1": 0.3278450512011293,
    "noise_2": 0.3357729429020364
  }
}