{
  "model_spike_times_same_across_sweeps": {
    "n1": 1,
    "n2": 1
  },
  "run_model_spike_times_match_database": {
    "n2": true
  },
  "n2_after_opt_sanitycheck": 0.8052384539909858,
  "after_opt": {
    "noise_1": 0.8354743165462819,
    "noise_2": 0.805195998622824
  },
  "before_opt": {
    "noise_1": 0.6693604128566951,
    "noise_2": 0.6335214260475754
  }
}