{
  "model_spike_times_same_across_sweeps": {
    "n1": 1,
    "n2": 1
  },
  "run_model_spike_times_match_database": {
    "n2": true
  },
  "n2_after_opt_sanitycheck": 0.9627348842069118,
  "after_opt": {
    "noise_1": 0.9634401447586346,
    "noise_2": 0.962733240041634
  },
  "before_opt": {
    "noise_1": 0.9673735655908655,
    "noise_2": 0.9657369214966287
  }
}