{
  "El_reference": -0.07238642628987631, 
  "C": 9.60874930343872e-11, 
  "asc_amp_array": [
    -1.2232066967795628e-11, 
    -8.005238983305857e-11
  ], 
  "init_threshold": 0.02648090998491781, 
  "threshold_reset_method": {
    "params": {
      "a_spike": 0.005740019204277124, 
      "b_spike": 374.2793118760836
    }, 
    "name": "three_components"
  }, 
  "th_inf": 0.02648090998491781, 
  "spike_cut_length": 67, 
  "init_AScurrents": [
    0.0, 
    0.0
  ], 
  "init_voltage": 0.0, 
  "threshold_dynamics_method": {
    "params": {
      "b_voltage": 0, 
      "a_spike": 0.005740019204277124, 
      "b_spike": 374.2793118760836, 
      "a_voltage": 0
    }, 
    "name": "spike_component"
  }, 
  "voltage_reset_method": {
    "params": {
      "a": 0.6960468773487635, 
      "b": 0.0010145511761744039
    }, 
    "name": "v_before"
  }, 
  "extrapolation_method_name": "endpoints", 
  "dt": 5e-05, 
  "voltage_dynamics_method": {
    "params": {}, 
    "name": "linear_forward_euler"
  }, 
  "El": 0.0, 
  "asc_tau_array": [
    0.3333333333333333, 
    0.03333333333333334
  ], 
  "R_input": 160761669.76739928, 
  "AScurrent_dynamics_method": {
    "params": {}, 
    "name": "none"
  }, 
  "AScurrent_reset_method": {
    "params": {}, 
    "name": "none"
  }, 
  "dt_multiplier": 10, 
  "th_adapt": null, 
  "coeffs": {
    "a": 1, 
    "C": 1, 
    "b": 1, 
    "G": 1, 
    "th_inf": 1.8637310148006354, 
    "asc_amp_array": [
      1.0, 
      1.0
    ]
  }, 
  "type": "GLIF"
}