{
  "El": {
    "El_max_subth_long_square": {
      "dependencies": null, 
      "value": -0.0717385635375977
    }, 
    "El_noise": {
      "measured": {
        "dependencies": null, 
        "list": [
          -0.0715366134643555, 
          -0.07299240875244141, 
          -0.072630256652832
        ], 
        "mean": -0.072386426289876307
      }
    }, 
    "El_ramp": {
      "dependencies": null, 
      "value": -0.0725940017700195
    }, 
    "El_suprathreshold_blip": {
      "dependencies": null, 
      "value": -0.07228663635253911
    }, 
    "El_subthreshold_blip": {
      "dependencies": null, 
      "value": -0.07253696441650391
    }
  }, 
  "spike_cut_length": {
    "no deltaV shift": {
      "slope": 0.69604687734876347, 
      "length": 67.0, 
      "intercept": 0.0010145511761744039, 
      "dependencies": null
    }
  }, 
  "threshold_adaptation": {
    "b_spike_component_of_threshold": 374.27931187608363, 
    "b_voltage_comp_of_thr_from_fitab": 65.269950720350835, 
    "b_voltage_comp_of_thr_from_fitabth": 1118.9280734296613, 
    "a_voltage_comp_of_thr_from_fitab": 26.259563579446702, 
    "a_spike_component_of_threshold": 0.0057400192042771237, 
    "a_voltage_comp_of_thr_from_fitabth": 945.62168694206571
  }, 
  "th_inf": {
    "via_Vmeasure": {
      "from_zero": 0.026480909984917811, 
      "dependencies": "measured from suprathreshold blip", 
      "value": -0.045805726367621299
    }, 
    "fit_with_v_comp_of_th": {
      "from_zero": 0.0072364410708653654, 
      "value": -0.065149985219010942
    }
  }, 
  "resistance": {
    "R_test_list": {
      "list": [
        158899473.73592165, 
        161127343.62744284, 
        162258191.93883339
      ], 
      "mean": 160761669.76739928
    }, 
    "R_fit_ASC_and_R": {
      "list": [
        164228725.49209324, 
        155930791.68025, 
        160678301.9682026
      ], 
      "mean": 160279273.04684862
    }, 
    "R_from_lims": {
      "value": 138258814.811707
    }
  }, 
  "asc": {
    "amp": [
      -1.2232066967795628e-11, 
      -8.005238983305857e-11
    ], 
    "k": [
      3.0, 
      29.999999999999996
    ], 
    "dependencies": "Cap and res from least squares"
  }, 
  "capacitance": {
    "C_from_lims": {
      "value": 1.1492129436166784e-10
    }, 
    "C_test_list": {
      "list": [
        9.7985804553044101e-11, 
        9.6732227233006631e-11, 
        9.3544447317110864e-11
      ], 
      "mean": 9.6087493034387198e-11
    }
  }, 
  "MLIN": {
    "tau_from_AC": 0.010075776448697744, 
    "sv_for_expsymm": 0.00035299782011011726, 
    "var_of_section": 2.4921492200498951e-07
  }, 
  "sweep_properties": {
    "multi_short_square": {
      "sweep_num": [
        83, 
        84, 
        85, 
        86, 
        87, 
        88, 
        89, 
        90, 
        91, 
        92, 
        93, 
        94, 
        95, 
        96, 
        97, 
        98, 
        99, 
        100, 
        101, 
        102, 
        103
      ]
    }, 
    "noise1": {
      "1": {
        "sweep_num": 58, 
        "El": -0.0715366134643555, 
        "spike_ind": [
          200939, 
          202790, 
          203859, 
          204747, 
          218179, 
          220871, 
          222822, 
          223773, 
          224701, 
          236626, 
          238334, 
          240950, 
          242864, 
          244675, 
          258219, 
          360696, 
          360995, 
          361837, 
          362540, 
          363226, 
          363798, 
          364415, 
          364886, 
          365925, 
          367591, 
          368535, 
          369445, 
          371905, 
          373143, 
          375231, 
          376393, 
          377167, 
          377995, 
          380724, 
          382562, 
          383559, 
          384449, 
          384871, 
          387921, 
          389216, 
          393180, 
          395227, 
          396402, 
          397216, 
          398066, 
          400796, 
          402647, 
          403621, 
          404564, 
          407929, 
          409255, 
          413188, 
          415240, 
          416423, 
          417233, 
          418131
        ]
      }, 
      "3": {
        "sweep_num": 62, 
        "El": -0.072630256652832, 
        "spike_ind": [
          200948, 
          202640, 
          203801, 
          204706, 
          208005, 
          216588, 
          218230, 
          220939, 
          223005, 
          224651, 
          238178, 
          240944, 
          242855, 
          244682, 
          258194, 
          360703, 
          360974, 
          361770, 
          362487, 
          363140, 
          363727, 
          364411, 
          364826, 
          365925, 
          367617, 
          368498, 
          369200, 
          371907, 
          373167, 
          374835, 
          376402, 
          377145, 
          377975, 
          378693, 
          380696, 
          381023, 
          382507, 
          383358, 
          384452, 
          384883, 
          385952, 
          387618, 
          389220, 
          391958, 
          393241, 
          395248, 
          396418, 
          397193, 
          398075, 
          400759, 
          402704, 
          403612, 
          404481, 
          407896, 
          409213, 
          411930, 
          413167, 
          415243, 
          416409, 
          417246, 
          418105
        ]
      }, 
      "2": {
        "sweep_num": 60, 
        "El": -0.07299240875244141, 
        "spike_ind": [
          200918, 
          202646, 
          203673, 
          204658, 
          217263, 
          218725, 
          220935, 
          222953, 
          223902, 
          224776, 
          238185, 
          240931, 
          242865, 
          244660, 
          258188, 
          360706, 
          360981, 
          361851, 
          362532, 
          363191, 
          363774, 
          364409, 
          364873, 
          365942, 
          367601, 
          368555, 
          369253, 
          371923, 
          373161, 
          374745, 
          376382, 
          377176, 
          378030, 
          380720, 
          382545, 
          383297, 
          384456, 
          384883, 
          387649, 
          389182, 
          391955, 
          393197, 
          395236, 
          396436, 
          397239, 
          398105, 
          400777, 
          402506, 
          403264, 
          403829, 
          404577, 
          407902, 
          409206, 
          413184, 
          415259, 
          416443, 
          417256, 
          418089
        ]
      }, 
      "5": {
        "sweep_num": null, 
        "El": null, 
        "spike_ind": null
      }, 
      "4": {
        "sweep_num": null, 
        "El": null, 
        "spike_ind": null
      }
    }, 
    "ramp": {
      "sweep_num": [
        4, 
        5, 
        6
      ]
    }, 
    "max_subthresh_long_square": {
      "sweep_num": [
        68, 
        104
      ]
    }, 
    "suprathreshold_short_square": {
      "R_testpulsesweep_num": [
        16, 
        18, 
        19, 
        20, 
        21, 
        82
      ]
    }, 
    "subthreshold_short_square": {
      "sweep_num": [
        17
      ]
    }
  }, 
  "spike_cutting": {
    "NOdeltaV": {
      "slope": 0.69604687734876347, 
      "intercept": 0.0010145511761744039, 
      "cut_length": 67.0, 
      "dependencies": null
    }
  }, 
  "dt_used_for_preprocessor_calculations": 5e-05
}