{
  "model_spike_times_same_across_sweeps": {
    "n1": 1,
    "n2": 1
  },
  "run_model_spike_times_match_database": {
    "n2": true
  },
  "n2_after_opt_sanitycheck": 0.9430462070446931,
  "after_opt": {
    "noise_1": 0.9455539273680388,
    "noise_2": 0.943043510932858
  },
  "before_opt": {
    "noise_1": 0.9343986662265283,
    "noise_2": 0.9313555629156163
  }
}