{
  "noise1": {
    "RSS_of_voltage_diff": 908.609635147073,
    "var_of_voltage_difference": 4.051325173811171e-05,
    "var_of_voltage_data": 0.0001822153222336258,
    "num_data_points_wo_spike_shape": 22369891
  },
  "noise2": {
    "RSS_of_voltage_diff": 882.887439615002,
    "var_of_voltage_difference": 3.9320876641180217e-05,
    "var_of_voltage_data": 0.0001840026976714616,
    "num_data_points_wo_spike_shape": 22371601
  }
}