{
  "model_spike_times_same_across_sweeps": {
    "n1": 1,
    "n2": 1
  },
  "run_model_spike_times_match_database": {
    "n2": true
  },
  "n2_after_opt_sanitycheck": 0.6180374272355533,
  "after_opt": {
    "noise_1": 0.6395881557886148,
    "noise_2": 0.618019008030343
  },
  "before_opt": {
    "noise_1": 0.43036568785199425,
    "noise_2": 0.4193953947853201
  }
}