{
  "model_spike_times_same_across_sweeps": {
    "n1": 1,
    "n2": 1
  },
  "run_model_spike_times_match_database": {
    "n2": true
  },
  "n2_after_opt_sanitycheck": 0.6237364562534726,
  "after_opt": {
    "noise_1": 0.6871223409463914,
    "noise_2": 0.623715701884073
  },
  "before_opt": {
    "noise_1": 0.61672725880787,
    "noise_2": 0.562150347400863
  }
}