{
  "model_spike_times_same_across_sweeps": {
    "n1": 1,
    "n2": 1
  },
  "run_model_spike_times_match_database": {
    "n2": true
  },
  "n2_after_opt_sanitycheck": 0.5203647318100401,
  "after_opt": {
    "noise_1": 0.331045805295196,
    "noise_2": 0.52029215789069
  },
  "before_opt": {
    "noise_1": 0.5242508469979008,
    "noise_2": 0.6408718448202412
  }
}