{
  "model_spike_times_same_across_sweeps": {
    "n1": 1,
    "n2": 1
  },
  "run_model_spike_times_match_database": {
    "n2": true
  },
  "n2_after_opt_sanitycheck": 0.73422572679834,
  "after_opt": {
    "noise_1": 0.647386972663133,
    "noise_2": 0.733873339190634
  },
  "before_opt": {
    "noise_1": 0.4586404583694059,
    "noise_2": 0.5226636626154149
  }
}