{
  "model_spike_times_same_across_sweeps": {
    "n1": 1,
    "n2": 1
  },
  "run_model_spike_times_match_database": {
    "n2": true
  },
  "n2_after_opt_sanitycheck": 0.5425196781873217,
  "after_opt": {
    "noise_1": 0.6589198543096555,
    "noise_2": 0.542572979539891
  },
  "before_opt": {
    "noise_1": 0.5040017049300954,
    "noise_2": 0.45793593800078564
  }
}