{
  "El_reference": -0.0743796310424805,
  "C": 3.69891529398356e-10,
  "asc_amp_array": [
    -3.4962971167622856e-11,
    -6.020488169621352e-11
  ],
  "init_threshold": 0.02918800326168871,
  "threshold_reset_method": {
    "params": {
      "a_spike": 0.0030877346985671815,
      "b_spike": 131.36516209572972
    },
    "name": "three_components"
  },
  "th_inf": 0.02918800326168871,
  "spike_cut_length": 108,
  "init_AScurrents": [
    0.0,
    0.0
  ],
  "init_voltage": 0.0,
  "threshold_dynamics_method": {
    "params": {
      "b_voltage": 3.55193050047935,
      "a_spike": 0.0030877346985671815,
      "b_spike": 131.36516209572972,
      "a_voltage": 1.2353629529467327
    },
    "name": "three_components_exact"
  },
  "voltage_reset_method": {
    "params": {
      "a": 0.13243829228077705,
      "b": 0.020654591490562278
    },
    "name": "v_before"
  },
  "extrapolation_method_name": "endpoints",
  "dt": 5e-05,
  "voltage_dynamics_method": {
    "params": {},
    "name": "linear_forward_euler"
  },
  "El": 0.0,
  "asc_tau_array": [
    0.3333333333333333,
    0.03333333333333334
  ],
  "R_input": 105076446.07403737,
  "AScurrent_dynamics_method": {
    "params": {},
    "name": "exp"
  },
  "AScurrent_reset_method": {
    "params": {
      "r": [
        1.0,
        1.0
      ]
    },
    "name": "sum"
  },
  "dt_multiplier": 10,
  "th_adapt": null,
  "coeffs": {
    "a": 1,
    "C": 1,
    "b": 1,
    "G": 1,
    "th_inf": 0.8492323034454263,
    "asc_amp_array": [
      1.0,
      1.0
    ]
  },
  "type": "GLIF"
}