{
  "model_spike_times_same_across_sweeps": {
    "n1": 1,
    "n2": 1
  },
  "run_model_spike_times_match_database": {
    "n2": true
  },
  "n2_after_opt_sanitycheck": 0.8328867432883567,
  "after_opt": {
    "noise_1": 0.7445091932552037,
    "noise_2": 0.832891187471661
  },
  "before_opt": {
    "noise_1": 0.7683471198953321,
    "noise_2": 0.815370969582836
  }
}