{
  "model_spike_times_same_across_sweeps": {
    "n1": 1,
    "n2": 1
  },
  "run_model_spike_times_match_database": {
    "n2": true
  },
  "n2_after_opt_sanitycheck": 0.38465675733597565,
  "after_opt": {
    "noise_1": 0.25739494015261516,
    "noise_2": 0.384655412845719
  },
  "before_opt": {
    "noise_1": 0.5134163883638905,
    "noise_2": 0.44608059782082154
  }
}