{
  "model_spike_times_same_across_sweeps": {
    "n1": 1,
    "n2": 1
  },
  "run_model_spike_times_match_database": {
    "n2": true
  },
  "n2_after_opt_sanitycheck": 0.4014631617567785,
  "after_opt": {
    "noise_1": 0.32734579039676315,
    "noise_2": 0.401518079355081
  },
  "before_opt": {
    "noise_1": 0.2597852023270263,
    "noise_2": 0.4869124217785376
  }
}