{
  "El_reference": -0.0702325439453125,
  "C": 1.0220613230795101e-10,
  "asc_amp_array": [
    -6.3331976982009945e-12,
    2.1923727627107122e-11
  ],
  "init_threshold": 0.014175799829802507,
  "threshold_reset_method": {
    "params": {
      "a_spike": 0.003965748137124506,
      "b_spike": 21.16937477743851
    },
    "name": "three_components"
  },
  "th_inf": 0.014175799829802507,
  "spike_cut_length": 78,
  "init_AScurrents": [
    0.0,
    0.0
  ],
  "init_voltage": 0.0,
  "threshold_dynamics_method": {
    "params": {
      "b_voltage": 14.523828180205935,
      "a_spike": 0.003965748137124506,
      "b_spike": 21.16937477743851,
      "a_voltage": 1.7973817456823276
    },
    "name": "three_components_exact"
  },
  "voltage_reset_method": {
    "params": {
      "a": 0.33306964908404035,
      "b": 0.006009025298807382
    },
    "name": "v_before"
  },
  "extrapolation_method_name": "endpoints",
  "dt": 5e-05,
  "voltage_dynamics_method": {
    "params": {},
    "name": "linear_forward_euler"
  },
  "El": 0.0,
  "asc_tau_array": [
    0.3333333333333333,
    0.01
  ],
  "R_input": 290800759.23604876,
  "AScurrent_dynamics_method": {
    "params": {},
    "name": "exp"
  },
  "AScurrent_reset_method": {
    "params": {
      "r": [
        1.0,
        1.0
      ]
    },
    "name": "sum"
  },
  "dt_multiplier": 10,
  "th_adapt": null,
  "coeffs": {
    "a": 1,
    "C": 1,
    "b": 1,
    "G": 1,
    "th_inf": 0.7202440752772385,
    "asc_amp_array": [
      1.0,
      1.0
    ]
  },
  "type": "GLIF"
}