{
  "model_spike_times_same_across_sweeps": {
    "n1": 1,
    "n2": 1
  },
  "run_model_spike_times_match_database": {
    "n2": true
  },
  "n2_after_opt_sanitycheck": 0.8395558155803732,
  "after_opt": {
    "noise_1": 0.6334603419305777,
    "noise_2": 0.839524097151515
  },
  "before_opt": {
    "noise_1": 0.07011330531510679,
    "noise_2": 0.3789932333367884
  }
}