{
  "model_spike_times_same_across_sweeps": {
    "n1": 1,
    "n2": 1
  },
  "run_model_spike_times_match_database": {
    "n2": true
  },
  "n2_after_opt_sanitycheck": 0.4551230641582976,
  "after_opt": {
    "noise_1": 0.5195317122958512,
    "noise_2": 0.455123514263881
  },
  "before_opt": {
    "noise_1": 0.1780974693520993,
    "noise_2": 0.1871681023260796
  }
}