{
  "model_spike_times_same_across_sweeps": {
    "n1": 1,
    "n2": 1
  },
  "run_model_spike_times_match_database": {
    "n2": true
  },
  "n2_after_opt_sanitycheck": 0.7301235895261087,
  "after_opt": {
    "noise_1": 0.6578213254503384,
    "noise_2": 0.730147814867633
  },
  "before_opt": {
    "noise_1": 0.708794308530715,
    "noise_2": 0.6902154613675906
  }
}