{
  "model_spike_times_same_across_sweeps": {
    "n1": 1,
    "n2": 1
  },
  "run_model_spike_times_match_database": {
    "n2": true
  },
  "n2_after_opt_sanitycheck": 0.7537168544840047,
  "after_opt": {
    "noise_1": 0.7924282388817168,
    "noise_2": 0.753722673615358
  },
  "before_opt": {
    "noise_1": 0.7373951160225224,
    "noise_2": 0.7312271577744799
  }
}