{
  "El_reference": -0.06507875823974607, 
  "C": 8.050188238154817e-11, 
  "asc_amp_array": [
    -1.9045793157366755e-10, 
    5.350801377928069e-10
  ], 
  "init_threshold": 0.022470235593976907, 
  "threshold_reset_method": {
    "params": {
      "a_spike": 0.003297085041344695, 
      "b_spike": 44.17640737254374
    }, 
    "name": "three_components"
  }, 
  "th_inf": 0.022470235593976907, 
  "spike_cut_length": 50, 
  "init_AScurrents": [
    0.0, 
    0.0
  ], 
  "init_voltage": 0.0, 
  "threshold_dynamics_method": {
    "params": {
      "b_voltage": 39.77321678509966, 
      "a_spike": 0.003297085041344695, 
      "b_spike": 44.17640737254374, 
      "a_voltage": 15.673722046785564
    }, 
    "name": "three_components_exact"
  }, 
  "voltage_reset_method": {
    "params": {
      "a": 0.6229111854548492, 
      "b": -0.006490552850526715
    }, 
    "name": "v_before"
  }, 
  "extrapolation_method_name": "endpoints", 
  "dt": 5e-05, 
  "voltage_dynamics_method": {
    "params": {}, 
    "name": "linear_forward_euler"
  }, 
  "El": 0.0, 
  "asc_tau_array": [
    0.01, 
    0.0033333333333333335
  ], 
  "R_input": 296375311.17393005, 
  "AScurrent_dynamics_method": {
    "params": {}, 
    "name": "exp"
  }, 
  "AScurrent_reset_method": {
    "params": {
      "r": [
        1.0, 
        1.0
      ]
    }, 
    "name": "sum"
  }, 
  "dt_multiplier": 10, 
  "th_adapt": null, 
  "coeffs": {
    "a": 1, 
    "C": 1, 
    "b": 1, 
    "G": 1, 
    "th_inf": 0.8076005554483612, 
    "asc_amp_array": [
      1.0, 
      1.0
    ]
  }, 
  "type": "GLIF"
}