{
  "model_spike_times_same_across_sweeps": {
    "n1": 1,
    "n2": 1
  },
  "run_model_spike_times_match_database": {
    "n2": true
  },
  "n2_after_opt_sanitycheck": 0.4807348271026444,
  "after_opt": {
    "noise_1": 0.5505687280146931,
    "noise_2": 0.480723605601854
  },
  "before_opt": {
    "noise_1": 0.39168639331277244,
    "noise_2": 0.31778816462351805
  }
}