{
  "El": {
    "El_max_subth_long_square": {
      "dependencies": null, 
      "value": -0.0706377334594727
    }, 
    "El_noise": {
      "measured": {
        "dependencies": null, 
        "list": [
          -0.0706977081298828, 
          -0.07078813934326171, 
          -0.0706006622314453
        ], 
        "mean": -0.070695503234863274
      }
    }, 
    "El_ramp": {
      "dependencies": null, 
      "value": -0.0694565887451172
    }, 
    "El_suprathreshold_blip": {
      "dependencies": null, 
      "value": -0.0705988082885742
    }, 
    "El_subthreshold_blip": {
      "dependencies": null, 
      "value": -0.0706313018798828
    }
  }, 
  "spike_cut_length": {
    "no deltaV shift": {
      "slope": 0.4006385782996299, 
      "length": 57.0, 
      "intercept": 0.010045522063664008, 
      "dependencies": null
    }
  }, 
  "threshold_adaptation": {
    "b_spike_component_of_threshold": 5.8853522436743964, 
    "b_voltage_comp_of_thr_from_fitab": 3.6185068890994869, 
    "b_voltage_comp_of_thr_from_fitabth": 3.5484025107907966, 
    "a_voltage_comp_of_thr_from_fitab": 0.41240339414448579, 
    "a_spike_component_of_threshold": 0.0013351706715059451, 
    "a_voltage_comp_of_thr_from_fitabth": 0.18382291057320455
  }, 
  "th_inf": {
    "via_Vmeasure": {
      "from_zero": 0.03072835074302533, 
      "dependencies": "measured from suprathreshold blip", 
      "value": -0.039870457545548875
    }, 
    "fit_with_v_comp_of_th": {
      "from_zero": 0.032328766340188719, 
      "value": -0.038366736894674555
    }
  }, 
  "resistance": {
    "R_test_list": {
      "list": [
        122796888.9036044, 
        119131171.36611271, 
        120472396.3395234
      ], 
      "mean": 120800152.20308018
    }, 
    "R_fit_ASC_and_R": {
      "list": [
        135296028.9901808, 
        130889288.46532366, 
        135120276.80099136
      ], 
      "mean": 133768531.41883194
    }, 
    "R_from_lims": {
      "value": 102812580.764294
    }
  }, 
  "asc": {
    "amp": [
      -3.177845466876421e-11, 
      -1.513877638272682e-10
    ], 
    "k": [
      10.0, 
      100.0
    ], 
    "dependencies": "Cap and res from least squares"
  }, 
  "capacitance": {
    "C_from_lims": {
      "value": 9.808940247311913e-11
    }, 
    "C_test_list": {
      "list": [
        5.9626251667844694e-11, 
        5.8370737918368273e-11, 
        5.8007249859721876e-11
      ], 
      "mean": 5.8668079815311616e-11
    }
  }, 
  "MLIN": {
    "tau_from_AC": 0.02055259064214153, 
    "sv_for_expsymm": 0.00025797361026141501, 
    "var_of_section": 1.3310076718261694e-07
  }, 
  "sweep_properties": {
    "multi_short_square": {
      "sweep_num": [
        80, 
        81, 
        82, 
        83, 
        84, 
        85, 
        86, 
        87, 
        88, 
        89, 
        90, 
        91, 
        92, 
        93, 
        94, 
        95, 
        96, 
        97, 
        98, 
        99, 
        100
      ]
    }, 
    "noise1": {
      "1": {
        "sweep_num": 56, 
        "El": -0.0706977081298828, 
        "spike_ind": [
          200946, 
          202711, 
          203665, 
          204660, 
          208490, 
          216449, 
          218134, 
          220967, 
          222791, 
          223733, 
          224678, 
          229436, 
          236485, 
          238143, 
          240955, 
          242790, 
          243737, 
          244684, 
          249493, 
          256581, 
          258367, 
          360632, 
          360884, 
          361371, 
          362097, 
          362698, 
          363194, 
          363635, 
          364355, 
          364684, 
          365874, 
          366526, 
          367549, 
          368261, 
          369072, 
          370702, 
          371924, 
          373126, 
          373881, 
          374752, 
          375572, 
          376358, 
          377081, 
          377948, 
          378476, 
          379504, 
          380722, 
          380994, 
          381785, 
          382535, 
          382987, 
          383555, 
          384359, 
          384701, 
          385907, 
          386922, 
          387888, 
          388620, 
          389406, 
          391926, 
          393149, 
          393930, 
          394843, 
          396106, 
          397078, 
          397963, 
          398523, 
          400663, 
          400946, 
          401508, 
          402435, 
          402927, 
          403521, 
          404367, 
          404706, 
          405919, 
          406916, 
          407890, 
          409077, 
          411906, 
          413138, 
          414350, 
          415232, 
          416359, 
          417106, 
          417980, 
          418534
        ]
      }, 
      "3": {
        "sweep_num": 62, 
        "El": -0.0706006622314453, 
        "spike_ind": [
          200958, 
          202773, 
          203766, 
          204710, 
          208516, 
          216519, 
          218177, 
          220949, 
          222803, 
          223767, 
          224692, 
          236525, 
          238150, 
          240958, 
          242798, 
          243706, 
          244686, 
          256554, 
          258495, 
          360654, 
          360903, 
          361379, 
          362071, 
          362696, 
          363192, 
          363655, 
          364368, 
          364703, 
          365879, 
          366572, 
          367580, 
          368296, 
          369102, 
          371871, 
          373103, 
          373883, 
          374783, 
          375574, 
          376369, 
          377101, 
          377958, 
          378473, 
          379492, 
          380733, 
          380993, 
          381801, 
          382611, 
          383182, 
          383688, 
          384393, 
          384732, 
          385916, 
          386957, 
          387883, 
          388605, 
          389416, 
          391918, 
          393135, 
          393942, 
          394820, 
          395608, 
          396414, 
          397137, 
          397979, 
          398558, 
          400692, 
          400975, 
          401788, 
          402630, 
          403206, 
          403737, 
          404438, 
          404786, 
          405941, 
          407588, 
          408458, 
          409405, 
          411910, 
          413164, 
          414468, 
          415255, 
          416346, 
          417103, 
          417970, 
          418531
        ]
      }, 
      "2": {
        "sweep_num": 60, 
        "El": -0.07078813934326171,