{
  "noise1": {
    "RSS_of_voltage_diff": 431.05317556963263,
    "var_of_voltage_difference": 2.5645514955668337e-05,
    "var_of_voltage_data": 0.00011275202647227329,
    "num_data_points_wo_spike_shape": 16797468
  },
  "noise2": {
    "RSS_of_voltage_diff": 574.1870545327913,
    "var_of_voltage_difference": 2.5599003262552622e-05,
    "var_of_voltage_data": 0.00011368353107883812,
    "num_data_points_wo_spike_shape": 22396681
  }
}