{
  "noise1": {
    "RSS_of_voltage_diff": 14.298478326756031,
    "var_of_voltage_difference": 3.3246703075594493e-06,
    "var_of_voltage_data": 7.018215648343797e-05,
    "num_data_points_wo_spike_shape": 4168446
  },
  "noise2": {
    "RSS_of_voltage_diff": 11.7068873341929,
    "var_of_voltage_difference": 4.0720077860852905e-06,
    "var_of_voltage_data": 7.326964401720604e-05,
    "num_data_points_wo_spike_shape": 2779302
  }
}