{
  "model_spike_times_same_across_sweeps": {
    "n1": 1,
    "n2": 1
  },
  "run_model_spike_times_match_database": {
    "n2": true
  },
  "n2_after_opt_sanitycheck": 0.972059377795663,
  "after_opt": {
    "noise_1": 0.964542013582842,
    "noise_2": 0.972065677218419
  },
  "before_opt": {
    "noise_1": 0.9175506860780771,
    "noise_2": 0.9192162154035345
  }
}