{
  "El": {
    "El_max_subth_long_square": {
      "dependencies": null, 
      "value": -0.06885715484619141
    }, 
    "El_noise": {
      "measured": {
        "dependencies": null, 
        "list": [
          -0.06916573333740231, 
          -0.06874694824218751, 
          -0.0692964324951172, 
          -0.0692883224487305
        ], 
        "mean": -0.069124359130859375
      }
    }, 
    "El_ramp": {
      "dependencies": null, 
      "value": -0.0686448516845703
    }, 
    "El_suprathreshold_blip": {
      "dependencies": null, 
      "value": -0.069085693359375
    }, 
    "El_subthreshold_blip": {
      "dependencies": null, 
      "value": -0.06817352294921881
    }
  }, 
  "spike_cut_length": {
    "no deltaV shift": {
      "slope": 0.15995379001829638, 
      "length": 71.0, 
      "intercept": 0.013918315849289549, 
      "dependencies": null
    }
  }, 
  "threshold_adaptation": {
    "b_spike_component_of_threshold": null, 
    "b_voltage_comp_of_thr_from_fitab": null, 
    "b_voltage_comp_of_thr_from_fitabth": null, 
    "a_voltage_comp_of_thr_from_fitab": null, 
    "a_spike_component_of_threshold": null, 
    "a_voltage_comp_of_thr_from_fitabth": null
  }, 
  "th_inf": {
    "via_Vmeasure": {
      "from_zero": 0.022794176702118307, 
      "dependencies": "measured from suprathreshold blip", 
      "value": -0.046291516657256698
    }, 
    "fit_with_v_comp_of_th": {
      "from_zero": null, 
      "value": null
    }
  }, 
  "resistance": {
    "R_test_list": {
      "list": [
        464764631.64355564, 
        462811690.55638993, 
        467451013.28329933, 
        451464240.39589268
      ], 
      "mean": 461622893.96978438
    }, 
    "R_fit_ASC_and_R": {
      "list": [
        672172065.6923704, 
        672263969.5090516, 
        710885543.0511811, 
        695313134.5774931
      ], 
      "mean": 687658678.20752406
    }, 
    "R_from_lims": {
      "value": 287343740.463257
    }
  }, 
  "asc": {
    "amp": [
      -1.7859697799767865e-12, 
      -4.243772155369263e-11
    ], 
    "k": [
      3.0, 
      100.0
    ], 
    "dependencies": "Cap and res from least squares"
  }, 
  "capacitance": {
    "C_from_lims": {
      "value": 4.827989171847419e-11
    }, 
    "C_test_list": {
      "list": [
        3.9805435897016561e-11, 
        4.1978326943976314e-11, 
        4.1922553028578149e-11, 
        3.9230301336632585e-11
      ], 
      "mean": 4.0734154301550907e-11
    }
  }, 
  "MLIN": {
    "tau_from_AC": 0.061080868847757736, 
    "sv_for_expsymm": 0.00027278476990699659, 
    "var_of_section": 1.4882306138642619e-07
  }, 
  "sweep_properties": {
    "multi_short_square": {
      "sweep_num": null
    }, 
    "noise1": {
      "1": {
        "sweep_num": 41, 
        "El": -0.06916573333740231, 
        "spike_ind": [
          201249, 
          201903, 
          202933, 
          203719, 
          204727, 
          207407, 
          209461, 
          215313, 
          217279, 
          218648, 
          221653, 
          223193, 
          224512, 
          228998, 
          236431, 
          238502, 
          241529, 
          243037, 
          244179, 
          244945, 
          256476, 
          258653, 
          360906, 
          361153, 
          361537, 
          362064, 
          362592, 
          363006, 
          363497, 
          364120, 
          364597, 
          364988, 
          365923, 
          366920, 
          367957, 
          369066, 
          373124, 
          373928, 
          375190, 
          376354, 
          377149, 
          378114, 
          378720, 
          380939, 
          381514, 
          382581, 
          383135, 
          383761, 
          384596, 
          386042, 
          387929, 
          389268, 
          393534, 
          394834, 
          395649, 
          396623, 
          397547, 
          398269, 
          400985, 
          401620, 
          402640, 
          403249, 
          403822, 
          404629, 
          405994, 
          407998, 
          409215, 
          413449, 
          414729, 
          416086, 
          417119, 
          418147, 
          418776
        ]
      }, 
      "3": {
        "sweep_num": 45, 
        "El": -0.0692964324951172, 
        "spike_ind": [
          201293, 
          201892, 
          202744, 
          203535, 
          204471, 
          205940, 
          208485, 
          214949, 
          216900, 
          218333, 
          221465, 
          223045, 
          224535, 
          228624, 
          235304, 
          237940, 
          241444, 
          242847, 
          243847, 
          244975, 
          249492, 
          256432, 
          258226, 
          360882, 
          361098, 
          361466, 
          361937, 
          362527, 
          362987, 
          363480, 
          363886, 
          364463, 
          364825, 
          365914, 
          366914, 
          367921, 
          368585, 
          369291, 
          372687, 
          373639, 
          374607, 
          375565, 
          376485, 
          377308, 
          378144, 
          378708, 
          380919, 
          381413, 
          382385, 
          382976, 
          383573, 
          384395, 
          384820, 
          386024, 
          387641, 
          388537, 
          389511, 
          393299, 
          394451, 
          395375, 
          396489, 
          397299, 
          398132, 
          398767, 
          400966, 
          401557, 
          402567, 
          403193, 
          403784, 
          404600, 
          405976, 
          407696, 
          408589, 
          409724, 
          413559, 
          414783, 
          416129, 
          417112, 
          418204, 
          418788
        ]
      }, 
      "2": {
        "sweep_num": 43, 
        "El": -0.06874694824218751, 
        "spike_ind": [
          201350, 
          202123, 
          202972, 
          203797, 
          204754, 
          207909, 
          215441, 
          217491, 
          218698, 
          221640, 
          223135, 
          224133, 
          224925, 
          236495, 
          238480, 
          241475, 
          243146, 
          244278, 
          245185, 
          255820, 
          257492, 
          360935, 
          361216, 
          361599, 
          362114, 
          362726, 
          363235, 
          363744, 
          364399, 
          364790, 
          365927, 
          366906, 
          367939, 
          368714, 
          369442, 
          373110, 
          374051, 
          375255, 
          376463, 
          377228, 
          378143, 
          378701, 
          380970, 
          381671, 
          382642, 
          383226, 
          383816, 
          384618, 
          386135, 
          388084, 
          389168, 
          393468, 
          394494, 
          395657, 
          396523, 
          397616, 
          398345, 
          400974, 
          401514, 
          402614, 
          403173, 
          403747, 
          404528, 
          405077, 
          407813, 
          409209, 
          413539, 
          414851, 
          416355, 
          417383, 
          418232
        ]
      }, 
      "5": {
        "sweep_num": null, 
        "El": null, 
        "spike_ind": null
      }, 
      "4": {
        "sweep_num": 47, 
        "El": -0.0692883224487305,