{
  "model_spike_times_same_across_sweeps": {
    "n1": 1,
    "n2": 1
  },
  "run_model_spike_times_match_database": {
    "n2": true
  },
  "n2_after_opt_sanitycheck": 0.7405474031570067,
  "after_opt": {
    "noise_1": 0.748288832891686,
    "noise_2": 0.740537616264042
  },
  "before_opt": {
    "noise_1": 0.4304385709523307,
    "noise_2": 0.37477734899202136
  }
}