{
  "model_spike_times_same_across_sweeps": {
    "n1": 1,
    "n2": 1
  },
  "run_model_spike_times_match_database": {
    "n2": true
  },
  "n2_after_opt_sanitycheck": 0.625032445640971,
  "after_opt": {
    "noise_1": 0.6301414117448504,
    "noise_2": 0.625016590201723
  },
  "before_opt": {
    "noise_1": 0.5959113315611545,
    "noise_2": 0.6294870033625038
  }
}