{
  "model_spike_times_same_across_sweeps": {
    "n1": 1,
    "n2": 1
  },
  "run_model_spike_times_match_database": {
    "n2": true
  },
  "n2_after_opt_sanitycheck": 0.7617437953118656,
  "after_opt": {
    "noise_1": 0.7270965248473118,
    "noise_2": 0.761736342082239
  },
  "before_opt": {
    "noise_1": 0.806064825391969,
    "noise_2": 0.8143977214263235
  }
}