{
  "El": {
    "El_max_subth_long_square": {
      "dependencies": null, 
      "value": -0.0751634063720703
    }, 
    "El_noise": {
      "measured": {
        "dependencies": null, 
        "list": [
          -0.07494349670410161, 
          -0.07511605834960941, 
          -0.07589746093750001
        ], 
        "mean": -0.075319005330403685
      }
    }, 
    "El_ramp": {
      "dependencies": null, 
      "value": -0.075921875
    }, 
    "El_suprathreshold_blip": {
      "dependencies": null, 
      "value": -0.0748067092895508
    }, 
    "El_subthreshold_blip": {
      "dependencies": null, 
      "value": -0.07689855194091799
    }
  }, 
  "spike_cut_length": {
    "no deltaV shift": {
      "slope": 0.040528147511061569, 
      "length": 130.0, 
      "intercept": 0.024043133075746907, 
      "dependencies": null
    }
  }, 
  "threshold_adaptation": {
    "b_spike_component_of_threshold": 102.1051902739304, 
    "b_voltage_comp_of_thr_from_fitab": 21.214982376892792, 
    "b_voltage_comp_of_thr_from_fitabth": 28.217051635470138, 
    "a_voltage_comp_of_thr_from_fitab": 1.2032624141166393, 
    "a_spike_component_of_threshold": 0.0027100082962706802, 
    "a_voltage_comp_of_thr_from_fitabth": 3.8418868716937995
  }, 
  "th_inf": {
    "via_Vmeasure": {
      "from_zero": 0.028190933174524438, 
      "dependencies": "measured from suprathreshold blip", 
      "value": -0.046615776115026361
    }, 
    "fit_with_v_comp_of_th": {
      "from_zero": 0.026653539789965847, 
      "value": -0.048665465540437838
    }
  }, 
  "resistance": {
    "R_test_list": {
      "list": [
        146819755.12228012, 
        145146056.41113663, 
        161743439.72015488
      ], 
      "mean": 151236417.08452389
    }, 
    "R_fit_ASC_and_R": {
      "list": [
        171370282.67253172, 
        167935753.97598973, 
        175173347.57715234
      ], 
      "mean": 171493128.07522461
    }, 
    "R_from_lims": {
      "value": 95156252.3841858
    }
  }, 
  "asc": {
    "amp": [
      -6.69241504037405e-11, 
      -1.378120226682511e-10
    ], 
    "k": [
      29.999999999999996, 
      100.0
    ], 
    "dependencies": "Cap and res from least squares"
  }, 
  "capacitance": {
    "C_from_lims": {
      "value": 6.19819544141079e-11
    }, 
    "C_test_list": {
      "list": [
        7.9569657290858965e-11, 
        8.2916369556615677e-11, 
        1.0492839333480974e-10
      ], 
      "mean": 8.913814006076147e-11
    }
  }, 
  "MLIN": {
    "tau_from_AC": 0.093279259785171931, 
    "sv_for_expsymm": 0.00076828124536127177, 
    "var_of_section": 1.1805121439477334e-06
  }, 
  "sweep_properties": {
    "multi_short_square": {
      "sweep_num": [
        80, 
        81, 
        82, 
        83, 
        84, 
        85, 
        86, 
        87, 
        88, 
        89, 
        90, 
        91, 
        92, 
        93, 
        94, 
        95, 
        96, 
        97, 
        98, 
        99, 
        100
      ]
    }, 
    "noise1": {
      "1": {
        "sweep_num": 53, 
        "El": -0.07494349670410161, 
        "spike_ind": [
          251148, 
          252995, 
          253663, 
          254449, 
          255458, 
          256002, 
          257415, 
          259831, 
          261370, 
          267089, 
          268926, 
          270448, 
          271416, 
          272495, 
          273147, 
          276000, 
          276395, 
          277301, 
          278235, 
          278916, 
          279506, 
          280420, 
          280861, 
          282331, 
          283600, 
          284855, 
          285730, 
          286712, 
          291426, 
          292338, 
          293567, 
          295172, 
          296324, 
          297463, 
          298151, 
          300966, 
          301323, 
          302278, 
          303322, 
          303970, 
          304615, 
          305473, 
          305936, 
          307376, 
          308595, 
          309824, 
          310654, 
          311534, 
          316444, 
          317409, 
          318897, 
          320340, 
          321364, 
          322491, 
          323140, 
          450802, 
          451081, 
          451298, 
          451785, 
          452246, 
          452925, 
          453385, 
          453938, 
          454361, 
          454719, 
          455216, 
          455577, 
          455856, 
          456853, 
          457369, 
          458008, 
          458589, 
          459238, 
          459775, 
          460293, 
          460720, 
          461313, 
          461761, 
          462968, 
          464523, 
          464923, 
          465752, 
          466378, 
          466924, 
          467398, 
          468000, 
          468475, 
          468979, 
          469480, 
          470099, 
          470508, 
          471109, 
          471459, 
          472152, 
          472504, 
          472962, 
          473358, 
          474272, 
          475591, 
          475951, 
          476204, 
          476736, 
          477225, 
          477913, 
          478367, 
          478687, 
          479042, 
          479452, 
          479780, 
          480390, 
          480747, 
          481031, 
          481911, 
          482376, 
          483040, 
          483619, 
          484294, 
          484810, 
          485346, 
          486001, 
          486433, 
          486819, 
          488010, 
          489535, 
          489913, 
          490780, 
          491411, 
          492016, 
          492827, 
          493407, 
          493970, 
          494472, 
          495129, 
          495532, 
          496286, 
          496886, 
          497431, 
          497934, 
          498336, 
          499286, 
          500615, 
          501027, 
          501259, 
          501763, 
          502281, 
          502949, 
          503407, 
          503780, 
          504281, 
          504654, 
          505226, 
          505543, 
          505844, 
          506156, 
          507120, 
          507659, 
          508183, 
          509200, 
          509797, 
          510364, 
          510998, 
          511483, 
          512948, 
          514614, 
          515052, 
          515795, 
          516425, 
          517025, 
          517860, 
          518467, 
          519014, 
          519515, 
          520175, 
          520598, 
          521323, 
          521943, 
          522460, 
          522933, 
          523380, 
          524318
        ]
      }, 
      "3": {
        "sweep_num": 59, 
        "El": -0.07589746093750001,