{
  "model_spike_times_same_across_sweeps": {
    "n1": 1,
    "n2": 1
  },
  "run_model_spike_times_match_database": {
    "n2": true
  },
  "n2_after_opt_sanitycheck": 0.9007470844897012,
  "after_opt": {
    "noise_1": 0.8951100235652588,
    "noise_2": 0.900755763243174
  },
  "before_opt": {
    "noise_1": 0.853310656484328,
    "noise_2": 0.8455750216698208
  }
}