{
  "noise1": {
    "RSS_of_voltage_diff": 13.507955847632283,
    "var_of_voltage_difference": 2.060923441915031e-06,
    "var_of_voltage_data": 9.053183425772017e-05,
    "num_data_points_wo_spike_shape": 5590890
  },
  "noise2": {
    "RSS_of_voltage_diff": 15.153785477987464,
    "var_of_voltage_difference": 2.3798119343628807e-06,
    "var_of_voltage_data": 9.004844443066445e-05,
    "num_data_points_wo_spike_shape": 5590614
  }
}