{
  "model_spike_times_same_across_sweeps": {
    "n1": 1,
    "n2": 1
  },
  "run_model_spike_times_match_database": {
    "n2": true
  },
  "n2_after_opt_sanitycheck": 0.5561091829585688,
  "after_opt": {
    "noise_1": 0.5898753415278901,
    "noise_2": 0.55611878936157
  },
  "before_opt": {
    "noise_1": 0.5581841991970976,
    "noise_2": 0.32118657602640804
  }
}