{
  "model_spike_times_same_across_sweeps": {
    "n1": 1,
    "n2": 1
  },
  "run_model_spike_times_match_database": {
    "n2": true
  },
  "n2_after_opt_sanitycheck": 0.6663675430617964,
  "after_opt": {
    "noise_1": 0.6312270614349574,
    "noise_2": 0.666341604023026
  },
  "before_opt": {
    "noise_1": 0.328774831110269,
    "noise_2": 0.40241944215472214
  }
}