{
  "model_spike_times_same_across_sweeps": {
    "n1": 1,
    "n2": 1
  },
  "run_model_spike_times_match_database": {
    "n2": true
  },
  "n2_after_opt_sanitycheck": 0.5066577883212888,
  "after_opt": {
    "noise_1": 0.39215338700449165,
    "noise_2": 0.506691431177938
  },
  "before_opt": {
    "noise_1": 0.44796560598800117,
    "noise_2": 0.4324311123576485
  }
}