{
  "model_spike_times_same_across_sweeps": {
    "n1": 1,
    "n2": 1
  },
  "run_model_spike_times_match_database": {
    "n2": true
  },
  "n2_after_opt_sanitycheck": 0.3403611815939506,
  "after_opt": {
    "noise_1": 0.2872549136550881,
    "noise_2": 0.340334809605906
  },
  "before_opt": {
    "noise_1": 0.1736971778263245,
    "noise_2": 0.29643408002208316
  }
}