{
  "model_spike_times_same_across_sweeps": {
    "n1": 1,
    "n2": 1
  },
  "run_model_spike_times_match_database": {
    "n2": true
  },
  "n2_after_opt_sanitycheck": 0.3284227907180867,
  "after_opt": {
    "noise_1": 0.26742206680390435,
    "noise_2": 0.328425786635148
  },
  "before_opt": {
    "noise_1": 0.22331897912386758,
    "noise_2": 0.19162365372182408
  }
}