{
  "noise1": {
    "RSS_of_voltage_diff": 5.49078111387639,
    "var_of_voltage_difference": 1.8791908882416182e-06,
    "var_of_voltage_data": 2.6610659502782156e-05,
    "num_data_points_wo_spike_shape": 2798472
  },
  "noise2": {
    "RSS_of_voltage_diff": 4.732706526588582,
    "var_of_voltage_difference": 1.629720502792081e-06,
    "var_of_voltage_data": 3.0764787659791115e-05,
    "num_data_points_wo_spike_shape": 2798913
  }
}