{
  "noise1": {
    "RSS_of_voltage_diff": 10.3123641168132,
    "var_of_voltage_difference": 3.455989932226998e-06,
    "var_of_voltage_data": 2.6610659502782156e-05,
    "num_data_points_wo_spike_shape": 2798472
  },
  "noise2": {
    "RSS_of_voltage_diff": 13.549145522195124,
    "var_of_voltage_difference": 3.6155853400729083e-06,
    "var_of_voltage_data": 3.0764787659791115e-05,
    "num_data_points_wo_spike_shape": 2798913
  }
}