{
  "noise1": {
    "RSS_of_voltage_diff": 67.62478571784486,
    "var_of_voltage_difference": 6.035641224380197e-06,
    "var_of_voltage_data": 4.9048386605188444e-05,
    "num_data_points_wo_spike_shape": 11204230
  },
  "noise2": {
    "RSS_of_voltage_diff": 58.5952284678847,
    "var_of_voltage_difference": 4.977577218454575e-06,
    "var_of_voltage_data": 4.9471574308556225e-05,
    "num_data_points_wo_spike_shape": 11204640
  }
}