{
  "model_spike_times_same_across_sweeps": {
    "n1": 1,
    "n2": 1
  },
  "run_model_spike_times_match_database": {
    "n2": true
  },
  "n2_after_opt_sanitycheck": 0.7737797826207223,
  "after_opt": {
    "noise_1": 0.5850431310292631,
    "noise_2": 0.773774409550248
  },
  "before_opt": {
    "noise_1": 0.6628863850937979,
    "noise_2": 0.8075507616458321
  }
}