{
  "noise1": {
    "RSS_of_voltage_diff": 90.34614344384829,
    "var_of_voltage_difference": 5.12541291003614e-06,
    "var_of_voltage_data": 6.380375106992508e-05,
    "num_data_points_wo_spike_shape": 16808259
  },
  "noise2": {
    "RSS_of_voltage_diff": 153.7396477239698,
    "var_of_voltage_difference": 6.212477601466569e-06,
    "var_of_voltage_data": 6.433348287285414e-05,
    "num_data_points_wo_spike_shape": 22410460
  }
}