{
  "model_spike_times_same_across_sweeps": {
    "n1": 1,
    "n2": 1
  },
  "run_model_spike_times_match_database": {
    "n2": true
  },
  "n2_after_opt_sanitycheck": 0.5433837801666789,
  "after_opt": {
    "noise_1": 0.5863455830544403,
    "noise_2": 0.543372932283575
  },
  "before_opt": {
    "noise_1": 0.3991678746501758,
    "noise_2": 0.36003513481876015
  }
}