{
  "El_reference": -0.07930771636962893, 
  "C": 8.334421378869991e-11, 
  "asc_amp_array": [
    -1.0390189864747427e-11, 
    -2.0589071503986613e-10
  ], 
  "init_threshold": 0.035809203732131846, 
  "threshold_reset_method": {
    "params": {
      "a_spike": 0.005604545635969537, 
      "b_spike": 617.187078842105
    }, 
    "name": "three_components"
  }, 
  "th_inf": 0.035809203732131846, 
  "spike_cut_length": 66, 
  "init_AScurrents": [
    0.0, 
    0.0
  ], 
  "init_voltage": 0.0, 
  "threshold_dynamics_method": {
    "params": {
      "b_voltage": 47.40521772430894, 
      "a_spike": 0.005604545635969537, 
      "b_spike": 617.187078842105, 
      "a_voltage": 8.645704052488528
    }, 
    "name": "three_components_exact"
  }, 
  "voltage_reset_method": {
    "params": {
      "a": 1.004187921708433, 
      "b": -0.006814159329722867
    }, 
    "name": "v_before"
  }, 
  "extrapolation_method_name": "endpoints", 
  "dt": 5e-05, 
  "voltage_dynamics_method": {
    "params": {}, 
    "name": "linear_forward_euler"
  }, 
  "El": 0.0, 
  "asc_tau_array": [
    0.3333333333333333, 
    0.01
  ], 
  "R_input": 320011751.36272484, 
  "AScurrent_dynamics_method": {
    "params": {}, 
    "name": "exp"
  }, 
  "AScurrent_reset_method": {
    "params": {
      "r": [
        1.0, 
        1.0
      ]
    }, 
    "name": "sum"
  }, 
  "dt_multiplier": 10, 
  "th_adapt": null, 
  "coeffs": {
    "a": 1, 
    "C": 1, 
    "b": 1, 
    "G": 1, 
    "th_inf": 0.8170120258907978, 
    "asc_amp_array": [
      1.0, 
      1.0
    ]
  }, 
  "type": "GLIF"
}