{
  "noise1": {
    "RSS_of_voltage_diff": 645.5177780870121,
    "var_of_voltage_difference": 4.039290997008711e-05,
    "var_of_voltage_data": 0.00015193620111959564,
    "num_data_points_wo_spike_shape": 15005997
  },
  "noise2": {
    "RSS_of_voltage_diff": 556.132951161102,
    "var_of_voltage_difference": 3.624970802766926e-05,
    "var_of_voltage_data": 0.0001454553315801867,
    "num_data_points_wo_spike_shape": 15006327
  }
}