{
  "noise1": {
    "RSS_of_voltage_diff": 336.6300702753146,
    "var_of_voltage_difference": 2.9480906538969914e-05,
    "var_of_voltage_data": 0.0001191227052876832,
    "num_data_points_wo_spike_shape": 11201378
  },
  "noise2": {
    "RSS_of_voltage_diff": 493.61424471319725,
    "var_of_voltage_difference": 2.8932268822172398e-05,
    "var_of_voltage_data": 0.00011803378410690889,
    "num_data_points_wo_spike_shape": 16801923
  }
}