{
  "model_spike_times_same_across_sweeps": {
    "n1": 1,
    "n2": 1
  },
  "run_model_spike_times_match_database": {
    "n2": true
  },
  "n2_after_opt_sanitycheck": 0.7524460716991983,
  "after_opt": {
    "noise_1": 0.7687269082506536,
    "noise_2": 0.752461995519786
  },
  "before_opt": {
    "noise_1": 0.7610409261356007,
    "noise_2": 0.7646874690887653
  }
}