{
  "noise1": {
    "RSS_of_voltage_diff": 23.048325049739237,
    "var_of_voltage_difference": 7.667548163749553e-06,
    "var_of_voltage_data": 5.998881906847371e-05,
    "num_data_points_wo_spike_shape": 2796120
  },
  "noise2": {
    "RSS_of_voltage_diff": 26.032182611074134,
    "var_of_voltage_difference": 8.26971085885503e-06,
    "var_of_voltage_data": 5.974249961857034e-05,
    "num_data_points_wo_spike_shape": 2795826
  }
}