{
  "model_spike_times_same_across_sweeps": {
    "n1": 1,
    "n2": 1
  },
  "run_model_spike_times_match_database": {
    "n2": true
  },
  "n2_after_opt_sanitycheck": 0.4798553678934257,
  "after_opt": {
    "noise_1": 0.3690728871689537,
    "noise_2": 0.479745166925449
  },
  "before_opt": {
    "noise_1": 0.46240005187714633,
    "noise_2": 0.4630480334478093
  }
}