{
  "noise1": {
    "RSS_of_voltage_diff": 39.333127847903285,
    "var_of_voltage_difference": 8.359981728468366e-06,
    "var_of_voltage_data": 0.00010890480143131367,
    "num_data_points_wo_spike_shape": 4192274
  },
  "noise2": {
    "RSS_of_voltage_diff": 68.1688856441059,
    "var_of_voltage_difference": 9.34670115327208e-06,
    "var_of_voltage_data": 0.0001051569159950461,
    "num_data_points_wo_spike_shape": 5588949
  }
}