{
  "model_spike_times_same_across_sweeps": {
    "n1": 1,
    "n2": 1
  },
  "run_model_spike_times_match_database": {
    "n2": true
  },
  "n2_after_opt_sanitycheck": 0.78165061823179,
  "after_opt": {
    "noise_1": 0.7691544556435804,
    "noise_2": 0.781644113886136
  },
  "before_opt": {
    "noise_1": 0.5837583274093727,
    "noise_2": 0.530768233756483
  }
}