{
  "model_spike_times_same_across_sweeps": {
    "n1": 1,
    "n2": 1
  },
  "run_model_spike_times_match_database": {
    "n2": true
  },
  "n2_after_opt_sanitycheck": 0.7831197721563359,
  "after_opt": {
    "noise_1": 0.7584436981002445,
    "noise_2": 0.783113869075372
  },
  "before_opt": {
    "noise_1": 0.5843220853618164,
    "noise_2": 0.5462353692292584
  }
}