{
  "El": {
    "El_max_subth_long_square": {
      "dependencies": null, 
      "value": -0.0807753829956055
    }, 
    "El_noise": {
      "measured": {
        "dependencies": null, 
        "list": [
          -0.0820662384033203, 
          -0.0814325180053711, 
          -0.0817502975463867, 
          -0.0815580291748047
        ], 
        "mean": -0.081701770782470692
      }
    }, 
    "El_ramp": {
      "dependencies": null, 
      "value": -0.0814154357910156
    }, 
    "El_suprathreshold_blip": {
      "dependencies": null, 
      "value": -0.0808310470581055
    }, 
    "El_subthreshold_blip": {
      "dependencies": null, 
      "value": -0.0817493515014648
    }
  }, 
  "spike_cut_length": {
    "no deltaV shift": {
      "slope": 0.8461636823398393, 
      "length": 113.0, 
      "intercept": 0.001066297849832247, 
      "dependencies": null
    }
  }, 
  "threshold_adaptation": {
    "b_spike_component_of_threshold": 1313.6169041974101, 
    "b_voltage_comp_of_thr_from_fitab": 122.89073646679176, 
    "b_voltage_comp_of_thr_from_fitabth": 1899.3378660186236, 
    "a_voltage_comp_of_thr_from_fitab": 44.665197850457446, 
    "a_spike_component_of_threshold": 0.02661394698993776, 
    "a_voltage_comp_of_thr_from_fitabth": 1666.4861143914732
  }, 
  "th_inf": {
    "via_Vmeasure": {
      "from_zero": 0.029445032924690404, 
      "dependencies": "measured from suprathreshold blip", 
      "value": -0.051386014133415092
    }, 
    "fit_with_v_comp_of_th": {
      "from_zero": 0.004968442966449535, 
      "value": -0.076733327816021157
    }
  }, 
  "resistance": {
    "R_test_list": {
      "list": [
        120120912.46484134, 
        122982942.81133914, 
        127192469.71175656, 
        128385271.01739226
      ], 
      "mean": 124670399.00133233
    }, 
    "R_fit_ASC_and_R": {
      "list": [
        116033990.89599898, 
        125670042.78281939, 
        130963077.36132938, 
        131663514.09457476
      ], 
      "mean": 126082656.28368063
    }, 
    "R_from_lims": {
      "value": 104374997.317791
    }
  }, 
  "asc": {
    "amp": [
      -6.142878843147455e-11, 
      -2.5532870467069315e-10
    ], 
    "k": [
      10.0, 
      100.0
    ], 
    "dependencies": "Cap and res from least squares"
  }, 
  "capacitance": {
    "C_from_lims": {
      "value": 1.375092461317235e-10
    }, 
    "C_test_list": {
      "list": [
        1.391923844228321e-10, 
        1.3493126516842048e-10, 
        1.3426214977425522e-10, 
        1.3438647030937476e-10
      ], 
      "mean": 1.3569306741872063e-10
    }
  }, 
  "MLIN": {
    "tau_from_AC": 0.033579737676337873, 
    "sv_for_expsymm": 0.00020082692247362901, 
    "var_of_section": 8.0662905580457992e-08
  }, 
  "sweep_properties": {
    "multi_short_square": {
      "sweep_num": [
        71, 
        72, 
        73, 
        74, 
        75, 
        76, 
        77, 
        78, 
        79, 
        80, 
        81, 
        82, 
        83, 
        84, 
        85, 
        86, 
        87, 
        88, 
        89, 
        90, 
        91
      ]
    }, 
    "noise1": {
      "1": {
        "sweep_num": 60, 
        "El": -0.0820662384033203, 
        "spike_ind": [
          251110, 
          252337, 
          253614, 
          254630, 
          255789, 
          270753, 
          272724, 
          276156, 
          278535, 
          279541, 
          280805, 
          295652, 
          297675, 
          301165, 
          303475, 
          304502, 
          305792, 
          320659, 
          322666, 
          450819, 
          451071, 
          451717, 
          452265, 
          452951, 
          453451, 
          453983, 
          454468, 
          455174, 
          455694, 
          456079, 
          457354, 
          458134, 
          459459, 
          459943, 
          460631, 
          461428, 
          464867, 
          466377, 
          467112, 
          468139, 
          468984, 
          470177, 
          470638, 
          471388, 
          472427, 
          473022, 
          474338, 
          475818, 
          476157, 
          476827, 
          477978, 
          478521, 
          479059, 
          479563, 
          480468, 
          480847, 
          482378, 
          483235, 
          484491, 
          484995, 
          485775, 
          486501, 
          489884, 
          491412, 
          492172, 
          493168, 
          494022, 
          495244, 
          495715, 
          496431, 
          497450, 
          498115, 
          499351, 
          500864, 
          501172, 
          501836, 
          502992, 
          503524, 
          504083, 
          504593, 
          505476, 
          505861, 
          507400, 
          508628, 
          509524, 
          510435, 
          511449, 
          514877, 
          516413, 
          517186, 
          518185, 
          519013, 
          520294, 
          521361, 
          522440, 
          523072
        ]
      }, 
      "3": {
        "sweep_num": 64, 
        "El": -0.0817502975463867, 
        "spike_ind": [
          251099, 
          251822, 
          253182, 
          253993, 
          254727, 
          255673, 
          259922, 
          261586, 
          267346, 
          269106, 
          270580, 
          272517, 
          273433, 
          276126, 
          278243, 
          279089, 
          279868, 
          280797, 
          284967, 
          286783, 
          294076, 
          295588, 
          297602, 
          298417, 
          301109, 
          302313, 
          303480, 
          304397, 
          305570, 
          306071, 
          310532, 
          319122, 
          320613, 
          322616, 
          323433, 
          450785, 
          451006, 
          451275, 
          451777, 
          452316, 
          452949, 
          453428, 
          453960, 
          454433, 
          455170, 
          455613, 
          455966, 
          457330, 
          458085, 
          459249, 
          459850, 
          460492, 
          461346, 
          461875, 
          464837, 
          465821, 
          466430, 
          467135, 
          468115, 
          468965, 
          470113, 
          470602, 
          471349, 
          472208, 
          472689, 
          473251, 
          474320, 
          475696, 
          476117, 
          476787, 
          477667, 
          478373, 
          478988, 
          479495, 
          480442, 
          480850, 
          482368, 
          483173, 
          484458, 
          484955, 
          485699, 
          486458, 
          489857, 
          490839, 
          491466, 
          492319, 
          493341, 
          494027, 
          495206, 
          495649, 
          496382, 
          497425, 
          498070, 
          499321, 
          500830, 
          501169, 
          501830, 
          502981, 
          503531, 
          504054, 
          504615, 
          505475, 
          505875, 
          507386, 
          508263, 
          509481, 
          509976, 
          511369, 
          514860, 
          515856, 
          516459, 
          517396, 
          518403, 
          519033, 
          520188, 
          520694, 
          521403, 
          522443, 
          523055
        ]
      }, 
      "2": {
        "sweep_num": 62, 
        "El": -0.0814325180053711,