{
  "model_spike_times_same_across_sweeps": {
    "n1": 1,
    "n2": 1
  },
  "run_model_spike_times_match_database": {
    "n2": true
  },
  "n2_after_opt_sanitycheck": 0.5255921186276065,
  "after_opt": {
    "noise_1": 0.3837332918109744,
    "noise_2": 0.525561816773951
  },
  "before_opt": {
    "noise_1": 0.2609033963841437,
    "noise_2": 0.5459558041682765
  }
}