{
  "model_spike_times_same_across_sweeps": {
    "n1": 1,
    "n2": 1
  },
  "run_model_spike_times_match_database": {
    "n2": true
  },
  "n2_after_opt_sanitycheck": 0.9285390619261394,
  "after_opt": {
    "noise_1": 0.8659599128503304,
    "noise_2": 0.928537952668342
  },
  "before_opt": {
    "noise_1": 0.7535582301716482,
    "noise_2": 0.8172533698961014
  }
}