{
  "model_spike_times_same_across_sweeps": {
    "n1": 1,
    "n2": 1
  },
  "run_model_spike_times_match_database": {
    "n2": true
  },
  "n2_after_opt_sanitycheck": 0.9231816206489596,
  "after_opt": {
    "noise_1": 0.8620188184855689,
    "noise_2": 0.923180809217247
  },
  "before_opt": {
    "noise_1": 0.8363116983044314,
    "noise_2": 0.9009842757087047
  }
}