{
  "model_spike_times_same_across_sweeps": {
    "n1": 1,
    "n2": 1
  },
  "run_model_spike_times_match_database": {
    "n2": true
  },
  "n2_after_opt_sanitycheck": 0.6618115687599435,
  "after_opt": {
    "noise_1": 0.3369073711536304,
    "noise_2": 0.66175160468853
  },
  "before_opt": {
    "noise_1": 0.2897982571070764,
    "noise_2": 0.44390451358835264
  }
}