{
  "model_spike_times_same_across_sweeps": {
    "n1": 1,
    "n2": 1
  },
  "run_model_spike_times_match_database": {
    "n2": true
  },
  "n2_after_opt_sanitycheck": 0.6892429414999838,
  "after_opt": {
    "noise_1": 0.6969198493741716,
    "noise_2": 0.689201993309959
  },
  "before_opt": {
    "noise_1": 0.30878621170002535,
    "noise_2": 0.3578637147889475
  }
}