{
  "model_spike_times_same_across_sweeps": {
    "n1": 1,
    "n2": 1
  },
  "run_model_spike_times_match_database": {
    "n2": true
  },
  "n2_after_opt_sanitycheck": 0.8354891556863563,
  "after_opt": {
    "noise_1": 0.6674680192899158,
    "noise_2": 0.835485253031003
  },
  "before_opt": {
    "noise_1": 0.714474240331826,
    "noise_2": 0.7923407214016093
  }
}