{
  "El_reference": -0.0744911003112793, 
  "C": 1.4101683908656144e-10, 
  "asc_amp_array": [
    -7.80011920645336e-12, 
    -9.714837542158894e-11
  ], 
  "init_threshold": 0.032701510863202374, 
  "threshold_reset_method": {
    "params": {
      "a_spike": 0.0016337107360755662, 
      "b_spike": 124.01820219283371
    }, 
    "name": "three_components"
  }, 
  "th_inf": 0.032701510863202374, 
  "spike_cut_length": 183, 
  "init_AScurrents": [
    0.0, 
    0.0
  ], 
  "init_voltage": 0.0, 
  "threshold_dynamics_method": {
    "params": {
      "b_voltage": 0, 
      "a_spike": 0.0016337107360755662, 
      "b_spike": 124.01820219283371, 
      "a_voltage": 0
    }, 
    "name": "spike_component"
  }, 
  "voltage_reset_method": {
    "params": {
      "a": 1.0652080419518453, 
      "b": -0.00792830816587805
    }, 
    "name": "v_before"
  }, 
  "extrapolation_method_name": "endpoints", 
  "dt": 5e-05, 
  "voltage_dynamics_method": {
    "params": {}, 
    "name": "linear_forward_euler"
  }, 
  "El": 0.0, 
  "asc_tau_array": [
    0.3333333333333333, 
    0.03333333333333334
  ], 
  "R_input": 255961838.40515518, 
  "AScurrent_dynamics_method": {
    "params": {}, 
    "name": "exp"
  }, 
  "AScurrent_reset_method": {
    "params": {
      "r": [
        1.0, 
        1.0
      ]
    }, 
    "name": "sum"
  }, 
  "dt_multiplier": 10, 
  "th_adapt": null, 
  "coeffs": {
    "a": 1, 
    "C": 1, 
    "b": 1, 
    "G": 1, 
    "th_inf": 0.89676744024082, 
    "asc_amp_array": [
      1.0, 
      1.0
    ]
  }, 
  "type": "GLIF"
}