{
  "model_spike_times_same_across_sweeps": {
    "n1": 1,
    "n2": 1
  },
  "run_model_spike_times_match_database": {
    "n2": true
  },
  "n2_after_opt_sanitycheck": 0.7276764459902975,
  "after_opt": {
    "noise_1": 0.32654742764693845,
    "noise_2": 0.727556506212183
  },
  "before_opt": {
    "noise_1": 0.20359032611666464,
    "noise_2": 0.21769925038901705
  }
}