{
  "El": {
    "El_max_subth_long_square": {
      "dependencies": null, 
      "value": -0.0595997848510742
    }, 
    "El_noise": {
      "measured": {
        "dependencies": null, 
        "list": [
          -0.0615987701416016, 
          -0.0615737800598145, 
          -0.061314460754394506, 
          -0.0618083648681641
        ], 
        "mean": -0.061573843955993676
      }
    }, 
    "El_ramp": {
      "dependencies": null, 
      "value": -0.060628719329834
    }, 
    "El_suprathreshold_blip": {
      "dependencies": null, 
      "value": -0.0605120239257812
    }, 
    "El_subthreshold_blip": {
      "dependencies": null, 
      "value": -0.06119284057617191
    }
  }, 
  "spike_cut_length": {
    "no deltaV shift": {
      "slope": 0.95731942616046672, 
      "length": 198.0, 
      "intercept": -0.010406170073037159, 
      "dependencies": null
    }
  }, 
  "threshold_adaptation": {
    "b_spike_component_of_threshold": null, 
    "b_voltage_comp_of_thr_from_fitab": null, 
    "b_voltage_comp_of_thr_from_fitabth": null, 
    "a_voltage_comp_of_thr_from_fitab": null, 
    "a_spike_component_of_threshold": null, 
    "a_voltage_comp_of_thr_from_fitabth": null
  }, 
  "th_inf": {
    "via_Vmeasure": {
      "from_zero": 0.016344002140588364, 
      "dependencies": "measured from suprathreshold blip", 
      "value": -0.044168021785192836
    }, 
    "fit_with_v_comp_of_th": {
      "from_zero": null, 
      "value": null
    }
  }, 
  "resistance": {
    "R_test_list": {
      "list": [
        334445940.59796637, 
        370632367.14477146, 
        404405636.71893758, 
        361404055.53898638
      ], 
      "mean": 367722000.00016546
    }, 
    "R_fit_ASC_and_R": {
      "list": [
        515517927.97621137, 
        526564940.63630545, 
        581488358.5556844, 
        559260158.2489814
      ], 
      "mean": 545707846.35429573
    }, 
    "R_from_lims": {
      "value": 208593711.25698102
    }
  }, 
  "asc": {
    "amp": [
      -3.077534983836608e-11, 
      -7.524910120815685e-11
    ], 
    "k": [
      10.0, 
      100.0
    ], 
    "dependencies": "Cap and res from least squares"
  }, 
  "capacitance": {
    "C_from_lims": {
      "value": 1.2955186004167418e-10
    }, 
    "C_test_list": {
      "list": [
        1.0723803492623126e-10, 
        9.1049404959279188e-11, 
        1.0651270162064133e-10, 
        9.7438413121500292e-11
      ], 
      "mean": 1.0055963865691302e-10
    }
  }, 
  "MLIN": {
    "tau_from_AC": 0.048524313246300577, 
    "sv_for_expsymm": 0.0003074484235839787, 
    "var_of_section": 1.8904906632854721e-07
  }, 
  "sweep_properties": {
    "multi_short_square": {
      "sweep_num": null
    }, 
    "noise1": {
      "1": {
        "sweep_num": 39, 
        "El": -0.0615987701416016, 
        "spike_ind": [
          254261, 
          259281, 
          268030, 
          272844, 
          277674, 
          281074, 
          297092, 
          303162, 
          306385, 
          321540, 
          451406, 
          453478, 
          455066, 
          456339, 
          459000, 
          461280, 
          466309, 
          469154, 
          471894, 
          476236, 
          478741, 
          480968, 
          485480, 
          492139, 
          495678, 
          498578, 
          501903, 
          504290, 
          507659, 
          511992, 
          519113, 
          522654
        ]
      }, 
      "3": {
        "sweep_num": 43, 
        "El": -0.061314460754394506, 
        "spike_ind": [
          253850, 
          257795, 
          266563, 
          271352, 
          276592, 
          279696, 
          285574, 
          294018, 
          303259, 
          306937, 
          312051, 
          322147, 
          451455, 
          453471, 
          454841, 
          456142, 
          458559, 
          460726, 
          465124, 
          467940, 
          470676, 
          472998, 
          476298, 
          478736, 
          480849, 
          485122, 
          491944, 
          495553, 
          498201, 
          501470, 
          504064, 
          505974, 
          510372, 
          517955, 
          521564
        ]
      }, 
      "2": {
        "sweep_num": 41, 
        "El": -0.0615737800598145, 
        "spike_ind": [
          253886, 
          257079, 
          261715, 
          269673, 
          273154, 
          278539, 
          281280, 
          287565, 
          297800, 
          304355, 
          320395, 
          451448, 
          453635, 
          455554, 
          457680, 
          460303, 
          465212, 
          468274, 
          471001, 
          473167, 
          476485, 
          479079, 
          481112, 
          485466, 
          492289, 
          496024, 
          501467, 
          504395, 
          506317, 
          511802, 
          519511, 
          523333
        ]
      }, 
      "5": {
        "sweep_num": null, 
        "El": null, 
        "spike_ind": null
      }, 
      "4": {
        "sweep_num": 45, 
        "El": -0.0618083648681641, 
        "spike_ind": [
          253701, 
          257613, 
          261968, 
          269268, 
          273156, 
          278025, 
          281099, 
          287126, 
          295614, 
          301652, 
          304903, 
          320763, 
          451713, 
          453675, 
          455191, 
          457024, 
          459618, 
          462099, 
          466411, 
          469176, 
          471538, 
          473515, 
          476425, 
          478939, 
          480957, 
          485049, 
          491973, 
          495480, 
          497951, 
          501363, 
          503737, 
          505884, 
          510318, 
          517111, 
          520448, 
          523204
        ]
      }
    }, 
    "ramp": {
      "sweep_num": [
        4, 
        5, 
        6
      ]
    }, 
    "max_subthresh_long_square": {
      "sweep_num": [
        24
      ]
    }, 
    "suprathreshold_short_square": {
      "R_testpulsesweep_num": [
        11, 
        13, 
        15, 
        16
      ]
    }, 
    "subthreshold_short_square": {
      "sweep_num": [
        14, 
        17
      ]
    }
  }, 
  "spike_cutting": {
    "NOdeltaV": {
      "slope": 0.95731942616046672, 
      "intercept": -0.010406170073037159, 
      "cut_length": 198.0, 
      "dependencies": null
    }
  }, 
  "dt_used_for_preprocessor_calculations": 5e-05
}