{
  "n2_after_opt_sanitycheck": 0.9184968233403515,
  "after_opt": {
    "noise_1": 0.8809673621774056,
    "noise_2": 0.91851042706252
  },
  "before_opt": {
    "noise_1": 0.8831508074999397,
    "noise_2": 0.9077410797825793
  }
}