{
  "model_spike_times_same_across_sweeps": {
    "n1": 1,
    "n2": 1
  },
  "run_model_spike_times_match_database": {
    "n2": true
  },
  "n2_after_opt_sanitycheck": 0.9705080154019803,
  "after_opt": {
    "noise_1": 0.9764969465707588,
    "noise_2": 0.9704928934712
  },
  "before_opt": {
    "noise_1": 0.9276837388764637,
    "noise_2": 0.9243898249494031
  }
}