{
  "model_spike_times_same_across_sweeps": {
    "n1": 1,
    "n2": 1
  },
  "run_model_spike_times_match_database": {
    "n2": true
  },
  "n2_after_opt_sanitycheck": 0.9205710414992769,
  "after_opt": {
    "noise_1": 0.9218632578320434,
    "noise_2": 0.920555766617584
  },
  "before_opt": {
    "noise_1": 0.7912258536129193,
    "noise_2": 0.7886339570253352
  }
}