{
  "noise1": {
    "RSS_of_voltage_diff": 143.89269180804737,
    "var_of_voltage_difference": 8.467251828716057e-06,
    "var_of_voltage_data": 0.00012954287956345675,
    "num_data_points_wo_spike_shape": 16803939
  },
  "noise2": {
    "RSS_of_voltage_diff": 193.79505510273498,
    "var_of_voltage_difference": 8.553304888809328e-06,
    "var_of_voltage_data": 0.0001244613225298535,
    "num_data_points_wo_spike_shape": 22404916
  }
}