{
  "El_reference": -0.07285538736979166, 
  "C": 8.26102640045908e-11, 
  "asc_amp_array": [
    -3.016351333443882e-11, 
    -7.639282493280493e-11
  ], 
  "init_threshold": 0.024632147159037984, 
  "threshold_reset_method": {
    "params": {
      "a_spike": 0.004300083579195761, 
      "b_spike": 171.50425059876747
    }, 
    "name": "three_components"
  }, 
  "th_inf": 0.024632147159037984, 
  "spike_cut_length": 72, 
  "init_AScurrents": [
    0.0, 
    0.0
  ], 
  "init_voltage": 0.0, 
  "threshold_dynamics_method": {
    "params": {
      "b_voltage": 0, 
      "a_spike": 0.004300083579195761, 
      "b_spike": 171.50425059876747, 
      "a_voltage": 0
    }, 
    "name": "spike_component"
  }, 
  "voltage_reset_method": {
    "params": {
      "a": 0.852690495419709, 
      "b": -0.001456272638975721
    }, 
    "name": "v_before"
  }, 
  "extrapolation_method_name": "endpoints", 
  "dt": 5e-05, 
  "voltage_dynamics_method": {
    "params": {}, 
    "name": "linear_forward_euler"
  }, 
  "El": 0.0, 
  "asc_tau_array": [
    0.1, 
    0.01
  ], 
  "R_input": 238065717.23086083, 
  "AScurrent_dynamics_method": {
    "params": {}, 
    "name": "exp"
  }, 
  "AScurrent_reset_method": {
    "params": {
      "r": [
        1.0, 
        1.0
      ]
    }, 
    "name": "sum"
  }, 
  "dt_multiplier": 10, 
  "th_adapt": null, 
  "coeffs": {
    "a": 1, 
    "C": 1, 
    "b": 1, 
    "G": 1, 
    "th_inf": 1.417259271177698, 
    "asc_amp_array": [
      1.0, 
      1.0
    ]
  }, 
  "type": "GLIF"
}