{
  "El": {
    "El_max_subth_long_square": {
      "dependencies": null, 
      "value": -0.0811381912231445
    }, 
    "El_noise": {
      "measured": {
        "dependencies": null, 
        "list": [
          -0.08015491485595701, 
          -0.0804523010253906, 
          -0.0808800964355469, 
          -0.0809693222045898
        ], 
        "mean": -0.08061415863037108
      }
    }, 
    "El_ramp": {
      "dependencies": null, 
      "value": -0.0819712219238281
    }, 
    "El_suprathreshold_blip": {
      "dependencies": null, 
      "value": -0.08126271820068359
    }, 
    "El_subthreshold_blip": {
      "dependencies": null, 
      "value": -0.0814122161865234
    }
  }, 
  "spike_cut_length": {
    "no deltaV shift": {
      "slope": 0.25623476842148318, 
      "length": 89.0, 
      "intercept": 0.020896478407837517, 
      "dependencies": null
    }
  }, 
  "threshold_adaptation": {
    "b_spike_component_of_threshold": 3041.3956854747166, 
    "b_voltage_comp_of_thr_from_fitab": 73.228171643954894, 
    "b_voltage_comp_of_thr_from_fitabth": 97.963219818817151, 
    "a_voltage_comp_of_thr_from_fitab": 16.146648489657263, 
    "a_spike_component_of_threshold": 3.6436848760354618e-08, 
    "a_voltage_comp_of_thr_from_fitabth": 49.152614214088047
  }, 
  "th_inf": {
    "via_Vmeasure": {
      "from_zero": 0.034926188448223733, 
      "dependencies": "measured from suprathreshold blip", 
      "value": -0.04633652975245986
    }, 
    "fit_with_v_comp_of_th": {
      "from_zero": 0.02423026168114175, 
      "value": -0.05638389694922933
    }
  }, 
  "resistance": {
    "R_test_list": {
      "list": [
        146472781.56821892, 
        124536465.26083767, 
        123056059.13384728, 
        116669711.5243582
      ], 
      "mean": 127683754.37181553
    }, 
    "R_fit_ASC_and_R": {
      "list": [
        133824388.81609438, 
        115412136.21862198, 
        111268618.2639947, 
        108673361.22437713
      ], 
      "mean": 117294626.13077205
    }, 
    "R_from_lims": {
      "value": 134687542.915344
    }
  }, 
  "asc": {
    "amp": [
      -1.2632056483725905e-11, 
      -2.3136904570633114e-10
    ], 
    "k": [
      3.0, 
      100.0
    ], 
    "dependencies": "Cap and res from least squares"
  }, 
  "capacitance": {
    "C_from_lims": {
      "value": 1.1433927552821054e-10
    }, 
    "C_test_list": {
      "list": [
        1.0162974974315692e-10, 
        9.8358260612455603e-11, 
        9.3376575296235141e-11, 
        9.1793597139162361e-11
      ], 
      "mean": 9.6289545697752502e-11
    }
  }, 
  "MLIN": {
    "tau_from_AC": 0.033560873271603918, 
    "sv_for_expsymm": 0.00076823752278251287, 
    "var_of_section": 1.1803777828220241e-06
  }, 
  "sweep_properties": {
    "multi_short_square": {
      "sweep_num": [
        78, 
        79, 
        80, 
        81, 
        82, 
        83, 
        84, 
        85, 
        86, 
        87, 
        88, 
        89, 
        90, 
        91, 
        92, 
        93, 
        94, 
        95, 
        96, 
        97, 
        98
      ]
    }, 
    "noise1": {
      "1": {
        "sweep_num": 67, 
        "El": -0.08015491485595701, 
        "spike_ind": [
          251165, 
          251881, 
          253425, 
          254363, 
          255526, 
          255996, 
          273020, 
          276184, 
          278691, 
          279738, 
          280835, 
          298329, 
          301256, 
          304048, 
          305856, 
          450854, 
          451082, 
          451353, 
          451779, 
          452255, 
          452954, 
          453414, 
          453954, 
          454431, 
          455176, 
          455603, 
          455943, 
          457333, 
          458115, 
          459486, 
          459950, 
          460757, 
          461550, 
          466472, 
          469005, 
          470464, 
          471403, 
          472490, 
          473208, 
          475991, 
          476287, 
          478136, 
          478703, 
          479410, 
          480488, 
          480902, 
          484889, 
          486644, 
          494048, 
          495531, 
          496501, 
          497618, 
          498335, 
          501084, 
          501854, 
          503375, 
          504024, 
          504626, 
          505526, 
          505920, 
          509949, 
          511819, 
          519122, 
          520547, 
          521562, 
          522705, 
          523404
        ]
      }, 
      "3": {
        "sweep_num": 71, 
        "El": -0.0808800964355469, 
        "spike_ind": [
          251249, 
          253667, 
          254771, 
          255841, 
          280880, 
          305909, 
          450901, 
          451144, 
          451753, 
          452356, 
          453002, 
          453475, 
          453990, 
          454458, 
          455422, 
          455807, 
          457354, 
          458210, 
          459524, 
          460720, 
          461740, 
          469049, 
          470551, 
          471452, 
          472565, 
          473327, 
          476111, 
          478446, 
          479164, 
          479766, 
          480527, 
          480934, 
          484973, 
          486835, 
          495592, 
          497622, 
          498392, 
          501113, 
          503436, 
          504078, 
          504739, 
          505732, 
          511825, 
          520676, 
          522633, 
          523440
        ]
      }, 
      "2": {
        "sweep_num": 69, 
        "El": -0.0804523010253906, 
        "spike_ind": [
          251229, 
          253681, 
          254717, 
          255777, 
          280860, 
          305943, 
          450892, 
          451121, 
          451661, 
          452186, 
          452951, 
          453433, 
          453977, 
          454460, 
          455420, 
          455816, 
          457387, 
          459531, 
          460415, 
          461489, 
          469047, 
          470518, 
          471405, 
          472521, 
          473315, 
          476095, 
          476866, 
          478392, 
          479075, 
          479702, 
          480529, 
          480953, 
          485018, 
          486840, 
          495652, 
          497707, 
          501120, 
          503429, 
          504071, 
          504701, 
          505506, 
          505911, 
          507437, 
          511835, 
          520565, 
          522618, 
          523349
        ]
      }, 
      "5": {
        "sweep_num": null, 
        "El": null, 
        "spike_ind": null
      }, 
      "4": {
        "sweep_num": 73, 
        "El": -0.0809693222045898, 
        "spike_ind": [
          251309, 
          254537, 
          255884, 
          279756, 
          280900, 
          306066, 
          450894, 
          451128, 
          451746, 
          452642, 
          453269, 
          453692, 
          454354, 
          454776, 
          455459, 
          455838, 
          457369, 
          459532, 
          460541, 
          461501, 
          469035, 
          470516, 
          472478, 
          473234, 
          476099, 
          478382, 
          479004, 
          479649, 
          480512, 
          480938, 
          484911, 
          486809, 
          495561, 
          496476, 
          497634, 
          498406, 
          501111, 
          503453, 
          504434, 
          505530, 
          505927, 
          511834, 
          520631, 
          522623, 
          523397
        ]
      }
    }, 
    "ramp": {
      "sweep_num": [
        4, 
        5, 
        6
      ]
    }, 
    "max_subthresh_long_square": {
      "sweep_num": [
        49
      ]
    }, 
    "suprathreshold_short_square": {
      "R_testpulsesweep_num": [
        17, 
        20, 
        21, 
        22
      ]
    }, 
    "subthreshold_short_square": {
      "sweep_num": [
        30, 
        31
      ]
    }
  },