{
  "noise1": {
    "RSS_of_voltage_diff": 89.51812699069582,
    "var_of_voltage_difference": 3.720537629513567e-06,
    "var_of_voltage_data": 6.444248457062611e-05,
    "num_data_points_wo_spike_shape": 22413510
  },
  "noise2": {
    "RSS_of_voltage_diff": 88.5117541035404,
    "var_of_voltage_difference": 3.738445422403903e-06,
    "var_of_voltage_data": 6.260707748229551e-05,
    "num_data_points_wo_spike_shape": 22413423
  }
}