{
  "model_spike_times_same_across_sweeps": {
    "n1": 1,
    "n2": 1
  },
  "run_model_spike_times_match_database": {
    "n2": true
  },
  "n2_after_opt_sanitycheck": 0.7582616625083946,
  "after_opt": {
    "noise_1": 0.691176789229,
    "noise_2": 0.758223474036825
  },
  "before_opt": {
    "noise_1": 0.5514678175794326,
    "noise_2": 0.6835084771482742
  }
}