{
  "model_spike_times_same_across_sweeps": {
    "n1": 1,
    "n2": 1
  },
  "run_model_spike_times_match_database": {
    "n2": true
  },
  "n2_after_opt_sanitycheck": 0.4614330236614047,
  "after_opt": {
    "noise_1": 0.4531551150994682,
    "noise_2": 0.461485491030376
  },
  "before_opt": {
    "noise_1": 0.3177566729238037,
    "noise_2": 0.26582427431452244
  }
}