{
  "model_spike_times_same_across_sweeps": {
    "n1": 1,
    "n2": 1
  },
  "run_model_spike_times_match_database": {
    "n2": true
  },
  "n2_after_opt_sanitycheck": 0.4574826985916558,
  "after_opt": {
    "noise_1": 0.5234315991921038,
    "noise_2": 0.457532060139196
  },
  "before_opt": {
    "noise_1": 0.4674760671215282,
    "noise_2": 0.4425590033497501
  }
}