{
  "model_spike_times_same_across_sweeps": {
    "n1": 1,
    "n2": 1
  },
  "run_model_spike_times_match_database": {
    "n2": true
  },
  "n2_after_opt_sanitycheck": 0.6470351348604167,
  "after_opt": {
    "noise_1": 0.5513843712458575,
    "noise_2": 0.647058556187627
  },
  "before_opt": {
    "noise_1": 0.6211436871528424,
    "noise_2": 0.5146076001947841
  }
}