{
  "noise1": {
    "RSS_of_voltage_diff": 149.65387182658495,
    "var_of_voltage_difference": 9.841356190798376e-06,
    "var_of_voltage_data": 0.0001555599446984952,
    "num_data_points_wo_spike_shape": 15006173
  },
  "noise2": {
    "RSS_of_voltage_diff": 158.32357779469953,
    "var_of_voltage_difference": 1.0008413153080515e-05,
    "var_of_voltage_data": 0.00014796261944039984,
    "num_data_points_wo_spike_shape": 15007053
  }
}