{
  "model_spike_times_same_across_sweeps": {
    "n1": 1,
    "n2": 1
  },
  "run_model_spike_times_match_database": {
    "n2": true
  },
  "n2_after_opt_sanitycheck": 0.7140294977082331,
  "after_opt": {
    "noise_1": 0.6951694527272465,
    "noise_2": 0.71404629459093
  },
  "before_opt": {
    "noise_1": 0.49591692789458514,
    "noise_2": 0.5403659435251121
  }
}