{
  "model_spike_times_same_across_sweeps": {
    "n1": 1,
    "n2": 1
  },
  "run_model_spike_times_match_database": {
    "n2": true
  },
  "n2_after_opt_sanitycheck": 0.7487242432691344,
  "after_opt": {
    "noise_1": 0.7565898822543824,
    "noise_2": 0.748701083797118
  },
  "before_opt": {
    "noise_1": 0.21947169339314754,
    "noise_2": 0.24810869847387085
  }
}