{
  "noise1": {
    "RSS_of_voltage_diff": 108.3516970223609,
    "var_of_voltage_difference": 6.4467436631973605e-06,
    "var_of_voltage_data": 8.864893188503472e-05,
    "num_data_points_wo_spike_shape": 16805315
  },
  "noise2": {
    "RSS_of_voltage_diff": 107.82472600398161,
    "var_of_voltage_difference": 6.414046440109366e-06,
    "var_of_voltage_data": 8.923426888255476e-05,
    "num_data_points_wo_spike_shape": 16805579
  }
}