{
  "El_reference": -0.07420235697428385, 
  "C": 1.504146738970428e-10, 
  "asc_amp_array": [
    -1.543129517276659e-11, 
    -9.349597020217764e-10
  ], 
  "init_threshold": 0.026053197405191582, 
  "threshold_reset_method": {
    "params": {
      "a_spike": 0.0028626143072930507, 
      "b_spike": 689.26279954159
    }, 
    "name": "three_components"
  }, 
  "th_inf": 0.026053197405191582, 
  "spike_cut_length": 88, 
  "init_AScurrents": [
    0.0, 
    0.0
  ], 
  "init_voltage": 0.0, 
  "threshold_dynamics_method": {
    "params": {
      "b_voltage": 0, 
      "a_spike": 0.0028626143072930507, 
      "b_spike": 689.26279954159, 
      "a_voltage": 0
    }, 
    "name": "spike_component"
  }, 
  "voltage_reset_method": {
    "params": {
      "a": 0.37669983989542305, 
      "b": 0.01396944507565379
    }, 
    "name": "v_before"
  }, 
  "extrapolation_method_name": "endpoints", 
  "dt": 5e-05, 
  "voltage_dynamics_method": {
    "params": {}, 
    "name": "linear_forward_euler"
  }, 
  "El": 0.0, 
  "asc_tau_array": [
    0.3333333333333333, 
    0.0033333333333333335
  ], 
  "R_input": 82359173.20990029, 
  "AScurrent_dynamics_method": {
    "params": {}, 
    "name": "exp"
  }, 
  "AScurrent_reset_method": {
    "params": {
      "r": [
        1.0, 
        1.0
      ]
    }, 
    "name": "sum"
  }, 
  "dt_multiplier": 10, 
  "th_adapt": null, 
  "coeffs": {
    "a": 1, 
    "C": 1, 
    "b": 1, 
    "G": 1, 
    "th_inf": 1.1182118646843593, 
    "asc_amp_array": [
      1.0, 
      1.0
    ]
  }, 
  "type": "GLIF"
}