{
  "model_spike_times_same_across_sweeps": {
    "n1": 1,
    "n2": 1
  },
  "run_model_spike_times_match_database": {
    "n2": true
  },
  "n2_after_opt_sanitycheck": 0.6317500116923925,
  "after_opt": {
    "noise_1": 0.6772063504417628,
    "noise_2": 0.631687283906448
  },
  "before_opt": {
    "noise_1": 0.5634368572464117,
    "noise_2": 0.5222459452043011
  }
}