{
  "El": {
    "El_max_subth_long_square": {
      "dependencies": null, 
      "value": -0.0734045715332031
    }, 
    "El_noise": {
      "measured": {
        "dependencies": null, 
        "list": [
          -0.0730652770996094, 
          -0.0738680725097656, 
          -0.07341022491455079, 
          -0.0734364776611328
        ], 
        "mean": -0.073445013046264648
      }
    }, 
    "El_ramp": {
      "dependencies": null, 
      "value": -0.0733892288208008
    }, 
    "El_suprathreshold_blip": {
      "dependencies": null, 
      "value": -0.07309911346435549
    }, 
    "El_subthreshold_blip": {
      "dependencies": null, 
      "value": -0.0731110000610352
    }
  }, 
  "spike_cut_length": {
    "no deltaV shift": {
      "slope": 0.065832345547568408, 
      "length": 39.0, 
      "intercept": 0.013381006208643423, 
      "dependencies": null
    }
  }, 
  "threshold_adaptation": {
    "b_spike_component_of_threshold": 35.436479965208655, 
    "b_voltage_comp_of_thr_from_fitab": 74.438125076919022, 
    "b_voltage_comp_of_thr_from_fitabth": 1576.1617299039312, 
    "a_voltage_comp_of_thr_from_fitab": 11.795656084846806, 
    "a_spike_component_of_threshold": 0.00071531245769435546, 
    "a_voltage_comp_of_thr_from_fitabth": 1627.7410134532834
  }, 
  "th_inf": {
    "via_Vmeasure": {
      "from_zero": 0.035071996745693605, 
      "dependencies": "measured from suprathreshold blip", 
      "value": -0.038027116718661887
    }, 
    "fit_with_v_comp_of_th": {
      "from_zero": -0.0019362866938440609, 
      "value": -0.075381299740108709
    }
  }, 
  "resistance": {
    "R_test_list": {
      "list": [
        291900923.43554485, 
        287202477.68543786, 
        266577449.90498638, 
        255191955.92291549
      ], 
      "mean": 275218201.73722112
    }, 
    "R_fit_ASC_and_R": {
      "list": [
        347710450.67284584, 
        341163824.19009876, 
        331047368.0319987, 
        320988461.55129606
      ], 
      "mean": 335227526.11155981
    }, 
    "R_from_lims": {
      "value": 165803566.57505003
    }
  }, 
  "asc": {
    "amp": [
      -7.595419804680161e-11, 
      3.089363445629061e-10
    ], 
    "k": [
      100.0, 
      300.0
    ], 
    "dependencies": "Cap and res from least squares"
  }, 
  "capacitance": {
    "C_from_lims": {
      "value": 6.556541065771957e-11
    }, 
    "C_test_list": {
      "list": [
        6.6051476258765056e-11, 
        6.5452915909402546e-11, 
        6.5622944623231047e-11, 
        6.3872214838460299e-11
      ], 
      "mean": 6.5249887907464734e-11
    }
  }, 
  "MLIN": {
    "tau_from_AC": 0.031199413590907454, 
    "sv_for_expsymm": 0.00050210142863880785, 
    "var_of_section": 5.042116892822638e-07
  }, 
  "sweep_properties": {
    "multi_short_square": {
      "sweep_num": [
        70, 
        71, 
        72, 
        73, 
        74, 
        75, 
        76, 
        77, 
        78, 
        79, 
        80, 
        81, 
        82, 
        83, 
        84, 
        85, 
        86, 
        87, 
        88, 
        89, 
        90, 
        91, 
        92, 
        93
      ]
    }, 
    "noise1": {
      "1": {
        "sweep_num": 44, 
        "El": -0.0730652770996094, 
        "spike_ind": [
          201025, 
          201711, 
          202566, 
          202956, 
          203502, 
          203874, 
          204459, 
          204766, 
          205908, 
          207886, 
          209146, 
          213240, 
          214779, 
          216391, 
          217162, 
          217999, 
          218521, 
          220883, 
          221459, 
          222404, 
          222911, 
          223495, 
          223852, 
          224476, 
          224788, 
          225931, 
          227607, 
          228391, 
          229461, 
          233194, 
          235225, 
          236389, 
          237146, 
          237987, 
          238583, 
          240870, 
          241457, 
          242384, 
          242906, 
          243462, 
          243819, 
          244425, 
          244758, 
          245939, 
          247603, 
          248564, 
          249446, 
          253166, 
          255237, 
          256391, 
          257197, 
          258102, 
          258629, 
          360798, 
          361000, 
          361279, 
          361501, 
          361767, 
          362081, 
          362362, 
          362615, 
          362830, 
          363054, 
          363240, 
          363469, 
          363675, 
          363863, 
          364127, 
          364373, 
          364581, 
          364745, 
          364914, 
          365286, 
          365608, 
          365893, 
          366163, 
          366476, 
          366878, 
          367334, 
          367621, 
          367907, 
          368235, 
          368509, 
          369015, 
          369270, 
          369510, 
          370062, 
          371856, 
          372569, 
          373118, 
          373521, 
          373876, 
          374328, 
          374723, 
          375107, 
          375514, 
          376051, 
          376363, 
          376604, 
          377034, 
          377291, 
          377691, 
          377977, 
          378197, 
          378436, 
          378663, 
          379388, 
          380495, 
          380830, 
          381020, 
          381329, 
          381650, 
          381909, 
          382338, 
          382598, 
          382829, 
          383093, 
          383340, 
          383565, 
          383788, 
          384115, 
          384367, 
          384594, 
          384774, 
          384989, 
          385884, 
          386160, 
          386504, 
          386893, 
          387518, 
          387872, 
          388245, 
          388558, 
          389030, 
          389316, 
          390065, 
          390749, 
          391867, 
          392584, 
          393113, 
          393568, 
          393909, 
          394394, 
          394752, 
          395142, 
          395532, 
          396057, 
          396376, 
          396843, 
          397123, 
          397494, 
          397918, 
          398147, 
          398413, 
          398644, 
          399393, 
          400490, 
          400823, 
          401014, 
          401331, 
          401661, 
          401949, 
          402344, 
          402613, 
          402867, 
          403120, 
          403387, 
          403589, 
          403792, 
          404120, 
          404373, 
          404596, 
          404774, 
          405014, 
          405547, 
          405895, 
          406408, 
          406858, 
          407373, 
          407816, 
          408203, 
          408496, 
          409015, 
          409321, 
          410062, 
          411844, 
          412609, 
          413123, 
          413585, 
          413944, 
          414404, 
          414757, 
          415150, 
          415536, 
          416056, 
          416365, 
          416616, 
          417040, 
          417294, 
          417705, 
          417985, 
          418227, 
          418488, 
          418708, 
          419393
        ]
      }, 
      "3": {
        "sweep_num": 48, 
        "El": -0.07341022491455079,