{
  "model_spike_times_same_across_sweeps": {
    "n1": 1,
    "n2": 1
  },
  "run_model_spike_times_match_database": {
    "n2": true
  },
  "n2_after_opt_sanitycheck": 0.941738546961184,
  "after_opt": {
    "noise_1": 0.9468383643759771,
    "noise_2": 0.941737520327349
  },
  "before_opt": {
    "noise_1": 0.9604986342434256,
    "noise_2": 0.9454360951783476
  }
}