{
  "model_spike_times_same_across_sweeps": {
    "n1": 1,
    "n2": 1
  },
  "run_model_spike_times_match_database": {
    "n2": true
  },
  "n2_after_opt_sanitycheck": 0.8775324815093474,
  "after_opt": {
    "noise_1": 0.7688541960121764,
    "noise_2": 0.877515735483792
  },
  "before_opt": {
    "noise_1": 0.7689108157114493,
    "noise_2": 0.8716068386460774
  }
}