{
  "El_reference": -0.07306367874145506, 
  "C": 7.167426573422506e-11, 
  "asc_amp_array": [
    -8.294056643493826e-12, 
    2.8975104976547993e-12
  ], 
  "init_threshold": 0.027073995055134997, 
  "threshold_reset_method": {
    "params": {
      "a_spike": 0.0033701270457289624, 
      "b_spike": 166.6188885638272
    }, 
    "name": "three_components"
  }, 
  "th_inf": 0.027073995055134997, 
  "spike_cut_length": 60, 
  "init_AScurrents": [
    0.0, 
    0.0
  ], 
  "init_voltage": 0.0, 
  "threshold_dynamics_method": {
    "params": {
      "b_voltage": 111.08579961764974, 
      "a_spike": 0.0033701270457289624, 
      "b_spike": 166.6188885638272, 
      "a_voltage": 36.16583518814554
    }, 
    "name": "three_components_exact"
  }, 
  "voltage_reset_method": {
    "params": {
      "a": 0.6069044479575416, 
      "b": 0.0034277139896230283
    }, 
    "name": "v_before"
  }, 
  "extrapolation_method_name": "endpoints", 
  "dt": 5e-05, 
  "voltage_dynamics_method": {
    "params": {}, 
    "name": "linear_forward_euler"
  }, 
  "El": 0.0, 
  "asc_tau_array": [
    0.3333333333333333, 
    0.1
  ], 
  "R_input": 177195760.41590726, 
  "AScurrent_dynamics_method": {
    "params": {}, 
    "name": "exp"
  }, 
  "AScurrent_reset_method": {
    "params": {
      "r": [
        1.0, 
        1.0
      ]
    }, 
    "name": "sum"
  }, 
  "dt_multiplier": 10, 
  "th_adapt": null, 
  "coeffs": {
    "a": 1, 
    "C": 1, 
    "b": 1, 
    "G": 1, 
    "th_inf": 0.7704454063587219, 
    "asc_amp_array": [
      1.0, 
      1.0
    ]
  }, 
  "type": "GLIF"
}