{
  "noise1": {
    "RSS_of_voltage_diff": 80.38492803735116,
    "var_of_voltage_difference": 2.4200051957859593e-05,
    "var_of_voltage_data": 0.00013910889578028798,
    "num_data_points_wo_spike_shape": 2788320
  },
  "noise2": {
    "RSS_of_voltage_diff": 114.3267432733486,
    "var_of_voltage_difference": 2.1949122389896784e-05,
    "var_of_voltage_data": 0.00014111431871015705,
    "num_data_points_wo_spike_shape": 4180260
  }
}