{
  "noise1": {
    "RSS_of_voltage_diff": 843.0462677836082,
    "var_of_voltage_difference": 5.513092361682538e-05,
    "var_of_voltage_data": 0.000137773927765456,
    "num_data_points_wo_spike_shape": 14972871
  },
  "noise2": {
    "RSS_of_voltage_diff": 567.1005628050602,
    "var_of_voltage_difference": 5.585138993675381e-05,
    "var_of_voltage_data": 0.00013971014947030945,
    "num_data_points_wo_spike_shape": 9981506
  }
}