{
  "model_spike_times_same_across_sweeps": {
    "n1": 1,
    "n2": 1
  },
  "run_model_spike_times_match_database": {
    "n2": true
  },
  "n2_after_opt_sanitycheck": 0.9604145722385017,
  "after_opt": {
    "noise_1": 0.95668571844277,
    "noise_2": 0.960412767518437
  },
  "before_opt": {
    "noise_1": 0.8963563409355063,
    "noise_2": 0.897974432921448
  }
}