{
  "model_spike_times_same_across_sweeps": {
    "n1": 1,
    "n2": 1
  },
  "run_model_spike_times_match_database": {
    "n2": true
  },
  "n2_after_opt_sanitycheck": 0.7002508488812191,
  "after_opt": {
    "noise_1": 0.6454649465870899,
    "noise_2": 0.700245021538618
  },
  "before_opt": {
    "noise_1": 0.6192446160346556,
    "noise_2": 0.7559391880707205
  }
}