{
  "model_spike_times_same_across_sweeps": {
    "n1": 1,
    "n2": 1
  },
  "run_model_spike_times_match_database": {
    "n2": true
  },
  "n2_after_opt_sanitycheck": 0.3910422615578528,
  "after_opt": {
    "noise_1": 0.5022668277101924,
    "noise_2": 0.390968822617026
  },
  "before_opt": {
    "noise_1": 0.5350692690562945,
    "noise_2": 0.4891873545079609
  }
}