{
  "El_reference": -0.07728154754638672, 
  "C": 1.0580069768542044e-10, 
  "asc_amp_array": [
    -1.2603232895873977e-11, 
    -1.598235388955268e-10
  ], 
  "init_threshold": 0.02538988956886276, 
  "threshold_reset_method": {
    "params": {
      "a_spike": 0.0036056103314676033, 
      "b_spike": 522.7971472255826
    }, 
    "name": "three_components"
  }, 
  "th_inf": 0.02538988956886276, 
  "spike_cut_length": 68, 
  "init_AScurrents": [
    0.0, 
    0.0
  ], 
  "init_voltage": 0.0, 
  "threshold_dynamics_method": {
    "params": {
      "b_voltage": 0, 
      "a_spike": 0.0036056103314676033, 
      "b_spike": 522.7971472255826, 
      "a_voltage": 0
    }, 
    "name": "spike_component"
  }, 
  "voltage_reset_method": {
    "params": {
      "a": 0.11672124109046081, 
      "b": 0.01561341867875875
    }, 
    "name": "v_before"
  }, 
  "extrapolation_method_name": "endpoints", 
  "dt": 5e-05, 
  "voltage_dynamics_method": {
    "params": {}, 
    "name": "linear_forward_euler"
  }, 
  "El": 0.0, 
  "asc_tau_array": [
    0.3333333333333333, 
    0.01
  ], 
  "R_input": 139181906.62568542, 
  "AScurrent_dynamics_method": {
    "params": {}, 
    "name": "exp"
  }, 
  "AScurrent_reset_method": {
    "params": {
      "r": [
        1.0, 
        1.0
      ]
    }, 
    "name": "sum"
  }, 
  "dt_multiplier": 10, 
  "th_adapt": null, 
  "coeffs": {
    "a": 1, 
    "C": 1, 
    "b": 1, 
    "G": 1, 
    "th_inf": 0.9545994517097485, 
    "asc_amp_array": [
      1.0, 
      1.0
    ]
  }, 
  "type": "GLIF"
}