{
  "model_spike_times_same_across_sweeps": {
    "n1": 1,
    "n2": 1
  },
  "run_model_spike_times_match_database": {
    "n2": true
  },
  "n2_after_opt_sanitycheck": 0.8158514573225394,
  "after_opt": {
    "noise_1": 0.7452260674679247,
    "noise_2": 0.81584131976119
  },
  "before_opt": {
    "noise_1": 0.482984954230206,
    "noise_2": 0.5347943861734913
  }
}