{
  "El_reference": -0.07660922622680666,
  "C": 4.861960769362475e-11,
  "asc_amp_array": [
    -9.561795388831605e-13,
    -3.3604099466090274e-12
  ],
  "init_threshold": 0.03092724285830982,
  "threshold_reset_method": {
    "params": {
      "a_spike": 0.0009397822237933182,
      "b_spike": 100.49798064450258
    },
    "name": "three_components"
  },
  "th_inf": 0.03092724285830982,
  "spike_cut_length": 53,
  "init_AScurrents": [
    0.0,
    0.0
  ],
  "init_voltage": 0.0,
  "threshold_dynamics_method": {
    "params": {
      "b_voltage": 0,
      "a_spike": 0.0009397822237933182,
      "b_spike": 100.49798064450258,
      "a_voltage": 0
    },
    "name": "spike_component"
  },
  "voltage_reset_method": {
    "params": {
      "a": 0.5177587194222527,
      "b": 0.0018821127447282114
    },
    "name": "v_before"
  },
  "extrapolation_method_name": "endpoints",
  "dt": 5e-05,
  "voltage_dynamics_method": {
    "params": {},
    "name": "linear_forward_euler"
  },
  "El": 0.0,
  "asc_tau_array": [
    0.3333333333333333,
    0.01
  ],
  "R_input": 292005065.49610204,
  "AScurrent_dynamics_method": {
    "params": {},
    "name": "none"
  },
  "AScurrent_reset_method": {
    "params": {},
    "name": "none"
  },
  "dt_multiplier": 10,
  "th_adapt": null,
  "coeffs": {
    "a": 1,
    "C": 1,
    "b": 1,
    "G": 1,
    "th_inf": 0.9586470295965093,
    "asc_amp_array": [
      1.0,
      1.0
    ]
  },
  "type": "GLIF"
}