{
  "model_spike_times_same_across_sweeps": {
    "n1": 1,
    "n2": 1
  },
  "run_model_spike_times_match_database": {
    "n2": true
  },
  "n2_after_opt_sanitycheck": 0.9857222881222232,
  "after_opt": {
    "noise_1": 0.9856714116675039,
    "noise_2": 0.985715603553226
  },
  "before_opt": {
    "noise_1": 0.9764146078706252,
    "noise_2": 0.9770724255878025
  }
}