{
  "model_spike_times_same_across_sweeps": {
    "n1": 1,
    "n2": 1
  },
  "run_model_spike_times_match_database": {
    "n2": true
  },
  "n2_after_opt_sanitycheck": 0.953001696466527,
  "after_opt": {
    "noise_1": 0.9525427287870796,
    "noise_2": 0.953011984741975
  },
  "before_opt": {
    "noise_1": 0.858063088220283,
    "noise_2": 0.864536882370945
  }
}