{
  "model_spike_times_same_across_sweeps": {
    "n1": 1,
    "n2": 1
  },
  "run_model_spike_times_match_database": {
    "n2": true
  },
  "n2_after_opt_sanitycheck": 0.66862542609557,
  "after_opt": {
    "noise_1": 0.5886583873980902,
    "noise_2": 0.668589178518356
  },
  "before_opt": {
    "noise_1": 0.5057722029919826,
    "noise_2": 0.54968116167025
  }
}