{
  "model_spike_times_same_across_sweeps": {
    "n1": 1,
    "n2": 1
  },
  "run_model_spike_times_match_database": {
    "n2": true
  },
  "n2_after_opt_sanitycheck": 0.5776155337227816,
  "after_opt": {
    "noise_1": 0.5071370436504857,
    "noise_2": 0.577519639677091
  },
  "before_opt": {
    "noise_1": 0.5606607195387642,
    "noise_2": 0.5421816873636698
  }
}