{
  "El_reference": -0.07271495437622069,
  "C": 6.653866508075747e-11,
  "asc_amp_array": [
    -4.284914532615127e-11,
    -1.3676244891835134e-10
  ],
  "init_threshold": 0.03670356365027194,
  "threshold_reset_method": {
    "params": {
      "a_spike": 0.0013257258703124404,
      "b_spike": 85.53146547113978
    },
    "name": "three_components"
  },
  "th_inf": 0.03670356365027194,
  "spike_cut_length": 62,
  "init_AScurrents": [
    0.0,
    0.0
  ],
  "init_voltage": 0.0,
  "threshold_dynamics_method": {
    "params": {
      "b_voltage": 0,
      "a_spike": 0.0013257258703124404,
      "b_spike": 85.53146547113978,
      "a_voltage": 0
    },
    "name": "spike_component"
  },
  "voltage_reset_method": {
    "params": {
      "a": 0.6595730976914208,
      "b": -0.0014707851470177787
    },
    "name": "v_before"
  },
  "extrapolation_method_name": "endpoints",
  "dt": 5e-05,
  "voltage_dynamics_method": {
    "params": {},
    "name": "linear_forward_euler"
  },
  "El": 0.0,
  "asc_tau_array": [
    0.1,
    0.01
  ],
  "R_input": 254480887.0720291,
  "AScurrent_dynamics_method": {
    "params": {},
    "name": "none"
  },
  "AScurrent_reset_method": {
    "params": {},
    "name": "none"
  },
  "dt_multiplier": 10,
  "th_adapt": null,
  "coeffs": {
    "a": 1,
    "C": 1,
    "b": 1,
    "G": 1,
    "th_inf": 1.137346252861963,
    "asc_amp_array": [
      1.0,
      1.0
    ]
  },
  "type": "GLIF"
}