{
  "noise1": {
    "RSS_of_voltage_diff": 148.89541124501142,
    "var_of_voltage_difference": 9.59393951392369e-06,
    "var_of_voltage_data": 7.96974045597481e-05,
    "num_data_points_wo_spike_shape": 15001811
  },
  "noise2": {
    "RSS_of_voltage_diff": 158.79039268934537,
    "var_of_voltage_difference": 1.0063811545941392e-05,
    "var_of_voltage_data": 7.930475810145573e-05,
    "num_data_points_wo_spike_shape": 15001587
  }
}