{
  "El_reference": -0.06526581573486327, 
  "C": 8.361818488486784e-11, 
  "asc_amp_array": [
    -1.4172654482409118e-10, 
    3.2048232049343387e-10
  ], 
  "init_threshold": 0.021838855728199907, 
  "threshold_reset_method": {
    "params": {
      "a_spike": 0.001555743302683549, 
      "b_spike": 28.365302385520735
    }, 
    "name": "three_components"
  }, 
  "th_inf": 0.021838855728199907, 
  "spike_cut_length": 56, 
  "init_AScurrents": [
    0.0, 
    0.0
  ], 
  "init_voltage": 0.0, 
  "threshold_dynamics_method": {
    "params": {
      "b_voltage": 27.737147101107954, 
      "a_spike": 0.001555743302683549, 
      "b_spike": 28.365302385520735, 
      "a_voltage": 8.983058720954741
    }, 
    "name": "three_components_exact"
  }, 
  "voltage_reset_method": {
    "params": {
      "a": 0.3210317839783145, 
      "b": 0.0058851716670776134
    }, 
    "name": "v_before"
  }, 
  "extrapolation_method_name": "endpoints", 
  "dt": 5e-05, 
  "voltage_dynamics_method": {
    "params": {}, 
    "name": "linear_forward_euler"
  }, 
  "El": 0.0, 
  "asc_tau_array": [
    0.01, 
    0.0033333333333333335
  ], 
  "R_input": 304000011.7310607, 
  "AScurrent_dynamics_method": {
    "params": {}, 
    "name": "exp"
  }, 
  "AScurrent_reset_method": {
    "params": {
      "r": [
        1.0, 
        1.0
      ]
    }, 
    "name": "sum"
  }, 
  "dt_multiplier": 10, 
  "th_adapt": null, 
  "coeffs": {
    "a": 1, 
    "C": 1, 
    "b": 1, 
    "G": 1, 
    "th_inf": 0.9002078151266844, 
    "asc_amp_array": [
      1.0, 
      1.0
    ]
  }, 
  "type": "GLIF"
}