{
  "model_spike_times_same_across_sweeps": {
    "n1": 1,
    "n2": 1
  },
  "run_model_spike_times_match_database": {
    "n2": true
  },
  "n2_after_opt_sanitycheck": 0.7185848891311728,
  "after_opt": {
    "noise_1": 0.7842396555037634,
    "noise_2": 0.718586330155272
  },
  "before_opt": {
    "noise_1": 0.7318967809184826,
    "noise_2": 0.688032393018168
  }
}