{
  "noise1": {
    "RSS_of_voltage_diff": 251.0285680435277,
    "var_of_voltage_difference": 2.2309132173440174e-05,
    "var_of_voltage_data": 9.947474853085843e-05,
    "num_data_points_wo_spike_shape": 11203778
  },
  "noise2": {
    "RSS_of_voltage_diff": 503.860111629234,
    "var_of_voltage_difference": 2.2320736411455354e-05,
    "var_of_voltage_data": 9.952086194295475e-05,
    "num_data_points_wo_spike_shape": 22407490
  }
}