{
  "model_spike_times_same_across_sweeps": {
    "n1": 1,
    "n2": 1
  },
  "run_model_spike_times_match_database": {
    "n2": true
  },
  "n2_after_opt_sanitycheck": 0.697071923908879,
  "after_opt": {
    "noise_1": 0.5465877514377298,
    "noise_2": 0.697080295902961
  },
  "before_opt": {
    "noise_1": 0.6027899207545464,
    "noise_2": 0.6250736707115729
  }
}