{
  "noise1": {
    "RSS_of_voltage_diff": 16.41462011608865,
    "var_of_voltage_difference": 5.81353808226111e-06,
    "var_of_voltage_data": 6.802414999875105e-05,
    "num_data_points_wo_spike_shape": 2798031
  },
  "noise2": {
    "RSS_of_voltage_diff": 11.874482417877273,
    "var_of_voltage_difference": 3.9511197989724304e-06,
    "var_of_voltage_data": 6.702927234154019e-05,
    "num_data_points_wo_spike_shape": 2799543
  }
}