{
  "model_spike_times_same_across_sweeps": {
    "n1": 1,
    "n2": 1
  },
  "run_model_spike_times_match_database": {
    "n2": true
  },
  "n2_after_opt_sanitycheck": 0.7716698305380856,
  "after_opt": {
    "noise_1": 0.6985527888584486,
    "noise_2": 0.771686125848004
  },
  "before_opt": {
    "noise_1": 0.491407203867763,
    "noise_2": 0.5427371202137214
  }
}