{
  "noise1": {
    "RSS_of_voltage_diff": 146.1246398144841,
    "var_of_voltage_difference": 5.705449084091881e-06,
    "var_of_voltage_data": 7.796073939666006e-05,
    "num_data_points_wo_spike_shape": 22408378
  },
  "noise2": {
    "RSS_of_voltage_diff": 102.7427530960748,
    "var_of_voltage_difference": 5.585438301598799e-06,
    "var_of_voltage_data": 7.604330182035353e-05,
    "num_data_points_wo_spike_shape": 16806468
  }
}