{
  "model_spike_times_same_across_sweeps": {
    "n1": 1,
    "n2": 1
  },
  "run_model_spike_times_match_database": {
    "n2": true
  },
  "n2_after_opt_sanitycheck": 0.49585686997554657,
  "after_opt": {
    "noise_1": 0.5993476576689647,
    "noise_2": 0.495838471148692
  },
  "before_opt": {
    "noise_1": 0.6304697537129367,
    "noise_2": 0.5456649787815282
  }
}