{
  "model_spike_times_same_across_sweeps": {
    "n1": 1,
    "n2": 1
  },
  "run_model_spike_times_match_database": {
    "n2": true
  },
  "n2_after_opt_sanitycheck": 0.5605375031173375,
  "after_opt": {
    "noise_1": 0.4713306261958753,
    "noise_2": 0.560600091603132
  },
  "before_opt": {
    "noise_1": 0.47395643194965026,
    "noise_2": 0.4763548316560629
  }
}