{
  "noise1": {
    "RSS_of_voltage_diff": 44.22591238849039,
    "var_of_voltage_difference": 7.299563886782476e-06,
    "var_of_voltage_data": 5.388288186111405e-05,
    "num_data_points_wo_spike_shape": 5600094
  },
  "noise2": {
    "RSS_of_voltage_diff": 27.69208172766744,
    "var_of_voltage_difference": 6.453157230077198e-06,
    "var_of_voltage_data": 5.0637443339915015e-05,
    "num_data_points_wo_spike_shape": 4199388
  }
}