{
  "noise1": {
    "RSS_of_voltage_diff": 16.20502511929978,
    "var_of_voltage_difference": 2.873002804398564e-06,
    "var_of_voltage_data": 5.388288186111405e-05,
    "num_data_points_wo_spike_shape": 5600094
  },
  "noise2": {
    "RSS_of_voltage_diff": 11.01328802041012,
    "var_of_voltage_difference": 2.3630732841324323e-06,
    "var_of_voltage_data": 5.0637443339915015e-05,
    "num_data_points_wo_spike_shape": 4199388
  }
}