{
  "model_spike_times_same_across_sweeps": {
    "n1": 1,
    "n2": 1
  },
  "run_model_spike_times_match_database": {
    "n2": true
  },
  "n2_after_opt_sanitycheck": 0.5774887698068435,
  "after_opt": {
    "noise_1": 0.6345025542235696,
    "noise_2": 0.577477041999692
  },
  "before_opt": {
    "noise_1": 0.6299605025000183,
    "noise_2": 0.5173396535621222
  }
}