{
  "model_spike_times_same_across_sweeps": {
    "n1": 1,
    "n2": 1
  },
  "run_model_spike_times_match_database": {
    "n2": true
  },
  "n2_after_opt_sanitycheck": 0.7316161016584358,
  "after_opt": {
    "noise_1": 0.7502635135987387,
    "noise_2": 0.731551393087556
  },
  "before_opt": {
    "noise_1": 0.6471518496274449,
    "noise_2": 0.6062002235885262
  }
}