{
  "model_spike_times_same_across_sweeps": {
    "n1": 1,
    "n2": 1
  },
  "run_model_spike_times_match_database": {
    "n2": true
  },
  "n2_after_opt_sanitycheck": 0.6657962398081648,
  "after_opt": {
    "noise_1": 0.6516951261202937,
    "noise_2": 0.665732928507629
  },
  "before_opt": {
    "noise_1": 0.6060184687797591,
    "noise_2": 0.6773958347539166
  }
}