{
  "model_spike_times_same_across_sweeps": {
    "n1": 1,
    "n2": 1
  },
  "run_model_spike_times_match_database": {
    "n2": true
  },
  "n2_after_opt_sanitycheck": 0.7035091226327213,
  "after_opt": {
    "noise_1": 0.6843012583870707,
    "noise_2": 0.703503161910504
  },
  "before_opt": {
    "noise_1": 0.7274094882935254,
    "noise_2": 0.6705146402679659
  }
}