{
  "model_spike_times_same_across_sweeps": {
    "n1": 1,
    "n2": 1
  },
  "run_model_spike_times_match_database": {
    "n2": true
  },
  "n2_after_opt_sanitycheck": 0.5111833991634696,
  "after_opt": {
    "noise_1": 0.5250831623226395,
    "noise_2": 0.511196097660094
  },
  "before_opt": {
    "noise_1": 0.5808206967339256,
    "noise_2": 0.5814534320668546
  }
}