{
  "El_reference": -0.07481532096862796, 
  "C": 1.2161515145754548e-10, 
  "asc_amp_array": [
    -2.1964057939989023e-11, 
    -1.7140938238054816e-10
  ], 
  "init_threshold": 0.027840878633608422, 
  "threshold_reset_method": {
    "params": {
      "a_spike": 0.0015320496435103686, 
      "b_spike": 132.9788460844617
    }, 
    "name": "three_components"
  }, 
  "th_inf": 0.027840878633608422, 
  "spike_cut_length": 161, 
  "init_AScurrents": [
    0.0, 
    0.0
  ], 
  "init_voltage": 0.0, 
  "threshold_dynamics_method": {
    "params": {
      "b_voltage": 1035.8010976234264, 
      "a_spike": 0.0015320496435103686, 
      "b_spike": 132.9788460844617, 
      "a_voltage": 189.22533927030884
    }, 
    "name": "three_components_exact"
  }, 
  "voltage_reset_method": {
    "params": {
      "a": 0.4966691021413821, 
      "b": 0.008527960584038125
    }, 
    "name": "v_before"
  }, 
  "extrapolation_method_name": "endpoints", 
  "dt": 5e-05, 
  "voltage_dynamics_method": {
    "params": {}, 
    "name": "linear_forward_euler"
  }, 
  "El": 0.0, 
  "asc_tau_array": [
    0.1, 
    0.01
  ], 
  "R_input": 363799706.8883877, 
  "AScurrent_dynamics_method": {
    "params": {}, 
    "name": "exp"
  }, 
  "AScurrent_reset_method": {
    "params": {
      "r": [
        1.0, 
        1.0
      ]
    }, 
    "name": "sum"
  }, 
  "dt_multiplier": 10, 
  "th_adapt": null, 
  "coeffs": {
    "a": 1, 
    "C": 1, 
    "b": 1, 
    "G": 1, 
    "th_inf": 0.8255924200685418, 
    "asc_amp_array": [
      1.0, 
      1.0
    ]
  }, 
  "type": "GLIF"
}