{
  "noise1": {
    "RSS_of_voltage_diff": 846.3883190089244,
    "var_of_voltage_difference": 3.7005661237751994e-05,
    "var_of_voltage_data": 9.241765175690271e-05,
    "num_data_points_wo_spike_shape": 22392498
  },
  "noise2": {
    "RSS_of_voltage_diff": 827.6604898015837,
    "var_of_voltage_difference": 3.6460767932577405e-05,
    "var_of_voltage_data": 9.409071694004389e-05,
    "num_data_points_wo_spike_shape": 22393142
  }
}