{
  "model_spike_times_same_across_sweeps": {
    "n1": 1,
    "n2": 1
  },
  "run_model_spike_times_match_database": {
    "n2": true
  },
  "n2_after_opt_sanitycheck": 0.935419476520468,
  "after_opt": {
    "noise_1": 0.9224611497593076,
    "noise_2": 0.935418601900569
  },
  "before_opt": {
    "noise_1": 0.9689872070309267,
    "noise_2": 0.9768376838593044
  }
}