{
  "model_spike_times_same_across_sweeps": {
    "n1": 1,
    "n2": 1
  },
  "run_model_spike_times_match_database": {
    "n2": true
  },
  "n2_after_opt_sanitycheck": 0.9423295341368606,
  "after_opt": {
    "noise_1": 0.9322818315403384,
    "noise_2": 0.94232928843393
  },
  "before_opt": {
    "noise_1": 0.9868001777596755,
    "noise_2": 0.9886472893312866
  }
}