{
  "noise1": {
    "RSS_of_voltage_diff": 1946.7374380247584,
    "var_of_voltage_difference": 8.343580201350062e-05,
    "var_of_voltage_data": 0.0001994552503028341,
    "num_data_points_wo_spike_shape": 22296970
  },
  "noise2": {
    "RSS_of_voltage_diff": 2064.13085332955,
    "var_of_voltage_difference": 8.832516385871683e-05,
    "var_of_voltage_data": 0.00020399691504490965,
    "num_data_points_wo_spike_shape": 22291632
  }
}