{
  "model_spike_times_same_across_sweeps": {
    "n1": 1,
    "n2": 1
  },
  "run_model_spike_times_match_database": {
    "n2": true
  },
  "n2_after_opt_sanitycheck": 0.5373081760792617,
  "after_opt": {
    "noise_1": 0.5504892384906794,
    "noise_2": 0.537327767662861
  },
  "before_opt": {
    "noise_1": 0.6314078344182434,
    "noise_2": 0.6263503929868829
  }
}