{
  "model_spike_times_same_across_sweeps": {
    "n1": 1,
    "n2": 1
  },
  "run_model_spike_times_match_database": {
    "n2": true
  },
  "n2_after_opt_sanitycheck": 0.6609055692533371,
  "after_opt": {
    "noise_1": 0.6820064801264644,
    "noise_2": 0.660887821612673
  },
  "before_opt": {
    "noise_1": 0.553717592734124,
    "noise_2": 0.5434562514642944
  }
}