{
  "model_spike_times_same_across_sweeps": {
    "n1": 1,
    "n2": 1
  },
  "run_model_spike_times_match_database": {
    "n2": true
  },
  "n2_after_opt_sanitycheck": 0.7523444780222028,
  "after_opt": {
    "noise_1": 0.7297294685501886,
    "noise_2": 0.752326994192361
  },
  "before_opt": {
    "noise_1": 0.15516184031164532,
    "noise_2": 0.14743760617699733
  }
}