{
  "El": {
    "El_max_subth_long_square": {
      "dependencies": null, 
      "value": -0.0780107803344727
    }, 
    "El_noise": {
      "measured": {
        "dependencies": null, 
        "list": [
          -0.0777865753173828, 
          -0.07812550354003911, 
          -0.0785974426269531, 
          -0.07782272338867191
        ], 
        "mean": -0.078083061218261737
      }
    }, 
    "El_ramp": {
      "dependencies": null, 
      "value": -0.0786157608032227
    }, 
    "El_suprathreshold_blip": {
      "dependencies": null, 
      "value": -0.0772431488037109
    }, 
    "El_subthreshold_blip": {
      "dependencies": null, 
      "value": -0.0778619384765625
    }
  }, 
  "spike_cut_length": {
    "no deltaV shift": {
      "slope": 0.30772825771510542, 
      "length": 157.0, 
      "intercept": 0.013090158442434802, 
      "dependencies": null
    }
  }, 
  "threshold_adaptation": {
    "b_spike_component_of_threshold": 2157.2440384525216, 
    "b_voltage_comp_of_thr_from_fitab": 44.237815371997371, 
    "b_voltage_comp_of_thr_from_fitabth": 715.28635259138673, 
    "a_voltage_comp_of_thr_from_fitab": 15.273926645540723, 
    "a_spike_component_of_threshold": 0.00010442037240300434, 
    "a_voltage_comp_of_thr_from_fitabth": 725.48805631634946
  }, 
  "th_inf": {
    "via_Vmeasure": {
      "from_zero": 0.027049330495599072, 
      "dependencies": "measured from suprathreshold blip", 
      "value": -0.050193818308111829
    }, 
    "fit_with_v_comp_of_th": {
      "from_zero": 0.0010585334428315635, 
      "value": -0.077024527775430174
    }
  }, 
  "resistance": {
    "R_test_list": {
      "list": [
        118020809.67434596, 
        116582843.39855385, 
        113916187.27348784, 
        111661812.58751753
      ], 
      "mean": 115045413.23347628
    }, 
    "R_fit_ASC_and_R": {
      "list": [
        122056034.61364299, 
        117387006.17184003, 
        112314192.96122754, 
        111735666.01254193
      ], 
      "mean": 115873224.93981312
    }, 
    "R_from_lims": {
      "value": 116406254.470348
    }
  }, 
  "asc": {
    "amp": [
      -1.1859189922857013e-11, 
      -4.006915449401958e-10
    ], 
    "k": [
      3.0, 
      100.0
    ], 
    "dependencies": "Cap and res from least squares"
  }, 
  "capacitance": {
    "C_from_lims": {
      "value": 1.5933300858955001e-10
    }, 
    "C_test_list": {
      "list": [
        1.4084711433890477e-10, 
        1.3914126877940096e-10, 
        1.4102042671776728e-10, 
        1.3942067138682543e-10
      ], 
      "mean": 1.4010737030572462e-10
    }
  }, 
  "MLIN": {
    "tau_from_AC": 0.044690987568971642, 
    "sv_for_expsymm": 0.00015355223757832463, 
    "var_of_section": 4.7156579330620509e-08
  }, 
  "sweep_properties": {
    "multi_short_square": {
      "sweep_num": [
        88, 
        89, 
        90, 
        91, 
        92, 
        93, 
        94, 
        95, 
        96, 
        97, 
        98, 
        99, 
        100, 
        101, 
        102, 
        103, 
        104, 
        105, 
        106, 
        107, 
        108
      ]
    }, 
    "noise1": {
      "1": {
        "sweep_num": 62, 
        "El": -0.0777865753173828, 
        "spike_ind": [
          201374, 
          203096, 
          204685, 
          218767, 
          223602, 
          224901, 
          243629, 
          244872, 
          360881, 
          361360, 
          362123, 
          362817, 
          363506, 
          364377, 
          364857, 
          366129, 
          367864, 
          369198, 
          373197, 
          375216, 
          376487, 
          377984, 
          378770, 
          380864, 
          381982, 
          382912, 
          383703, 
          384582, 
          386183, 
          388020, 
          389448, 
          395313, 
          396572, 
          398129, 
          400918, 
          402612, 
          403595, 
          404602, 
          415363, 
          418156
        ]
      }, 
      "3": {
        "sweep_num": 66, 
        "El": -0.0785974426269531, 
        "spike_ind": [
          201669, 
          203521, 
          204973, 
          223816, 
          243789, 
          360894, 
          361345, 
          362131, 
          362825, 
          363497, 
          364402, 
          364870, 
          366153, 
          367919, 
          369300, 
          373916, 
          375626, 
          377174, 
          378202, 
          380901, 
          382623, 
          383533, 
          384586, 
          388422, 
          396481, 
          398121, 
          400931, 
          402797, 
          403720, 
          404659, 
          416561, 
          418170
        ]
      }, 
      "2": {
        "sweep_num": 64, 
        "El": -0.07812550354003911, 
        "spike_ind": [
          201448, 
          203195, 
          204726, 
          223622, 
          224924, 
          243916, 
          360895, 
          361392, 
          362158, 
          362881, 
          363557, 
          364423, 
          364895, 
          366497, 
          367925, 
          369219, 
          373350, 
          375261, 
          376525, 
          378099, 
          380883, 
          382669, 
          383579, 
          384580, 
          387980, 
          395279, 
          396592, 
          398156, 
          400908, 
          402740, 
          403649, 
          404648, 
          408575, 
          416574, 
          418190
        ]
      }, 
      "5": {
        "sweep_num": null, 
        "El": null, 
        "spike_ind": null
      }, 
      "4": {
        "sweep_num": 68, 
        "El": -0.07782272338867191, 
        "spike_ind": [
          201516, 
          203444, 
          204861, 
          224810, 
          244814, 
          360894, 
          361383, 
          362351, 
          362957, 
          363614, 
          364469, 
          365962, 
          367901, 
          369413, 
          373769, 
          375298, 
          376525, 
          378082, 
          380887, 
          382714, 
          383626, 
          384625, 
          395400, 
          397258, 
          398377, 
          400928, 
          402791, 
          403757, 
          404689, 
          416554, 
          418134
        ]
      }
    }, 
    "ramp": {
      "sweep_num": [
        4, 
        5, 
        6
      ]
    }, 
    "max_subthresh_long_square": {
      "sweep_num": [
        58
      ]
    }, 
    "suprathreshold_short_square": {
      "R_testpulsesweep_num": [
        22
      ]
    }, 
    "subthreshold_short_square": {
      "sweep_num": [
        26
      ]
    }
  }, 
  "spike_cutting": {
    "NOdeltaV": {
      "slope": 0.30772825771510542, 
      "intercept": 0.013090158442434802, 
      "cut_length": 157.0, 
      "dependencies": null
    }
  }, 
  "dt_used_for_preprocessor_calculations": 5e-05
}