{
  "El_reference": -0.07808306121826174, 
  "C": 1.4010737030572462e-10, 
  "asc_amp_array": [
    -1.1859189922857013e-11, 
    -4.006915449401958e-10
  ], 
  "init_threshold": 0.027049330495599072, 
  "threshold_reset_method": {
    "params": {
      "a_spike": 0.00010442037240300434, 
      "b_spike": 2157.2440384525216
    }, 
    "name": "three_components"
  }, 
  "th_inf": 0.027049330495599072, 
  "spike_cut_length": 157, 
  "init_AScurrents": [
    0.0, 
    0.0
  ], 
  "init_voltage": 0.0, 
  "threshold_dynamics_method": {
    "params": {
      "b_voltage": 44.23781537199737, 
      "a_spike": 0.00010442037240300434, 
      "b_spike": 2157.2440384525216, 
      "a_voltage": 15.273926645540723
    }, 
    "name": "three_components_exact"
  }, 
  "voltage_reset_method": {
    "params": {
      "a": 0.3077282577151054, 
      "b": 0.013090158442434802
    }, 
    "name": "v_before"
  }, 
  "extrapolation_method_name": "endpoints", 
  "dt": 5e-05, 
  "voltage_dynamics_method": {
    "params": {}, 
    "name": "linear_forward_euler"
  }, 
  "El": 0.0, 
  "asc_tau_array": [
    0.3333333333333333, 
    0.01
  ], 
  "R_input": 115873224.93981312, 
  "AScurrent_dynamics_method": {
    "params": {}, 
    "name": "exp"
  }, 
  "AScurrent_reset_method": {
    "params": {
      "r": [
        1.0, 
        1.0
      ]
    }, 
    "name": "sum"
  }, 
  "dt_multiplier": 10, 
  "th_adapt": null, 
  "coeffs": {
    "a": 1, 
    "C": 1, 
    "b": 1, 
    "G": 1, 
    "th_inf": 0.8456190660107225, 
    "asc_amp_array": [
      1.0, 
      1.0
    ]
  }, 
  "type": "GLIF"
}