{
  "model_spike_times_same_across_sweeps": {
    "n1": 1,
    "n2": 1
  },
  "run_model_spike_times_match_database": {
    "n2": true
  },
  "n2_after_opt_sanitycheck": 0.7775868841819669,
  "after_opt": {
    "noise_1": 0.6622157883935644,
    "noise_2": 0.777578424059579
  },
  "before_opt": {
    "noise_1": 0.6866266952122214,
    "noise_2": 0.6562383514064181
  }
}