{
  "noise1": {
    "RSS_of_voltage_diff": 184.714033834063,
    "var_of_voltage_difference": 1.6391307361767273e-05,
    "var_of_voltage_data": 6.538464003965623e-05,
    "num_data_points_wo_spike_shape": 11201762
  },
  "noise2": {
    "RSS_of_voltage_diff": 269.51659367190604,
    "var_of_voltage_difference": 1.5897904150081458e-05,
    "var_of_voltage_data": 6.483200756443529e-05,
    "num_data_points_wo_spike_shape": 16802877
  }
}