{
  "noise1": {
    "RSS_of_voltage_diff": 24.821924736442874,
    "var_of_voltage_difference": 4.333276305315196e-06,
    "var_of_voltage_data": 0.00012091190144135492,
    "num_data_points_wo_spike_shape": 5596792
  },
  "noise2": {
    "RSS_of_voltage_diff": 19.973783854982155,
    "var_of_voltage_difference": 3.559821773587032e-06,
    "var_of_voltage_data": 0.0001126500800083921,
    "num_data_points_wo_spike_shape": 5598382
  }
}