{
  "El_reference": -0.07708100891113281, 
  "C": 1.618410863593903e-10, 
  "asc_amp_array": [
    -1.86663149327441e-11, 
    -2.526983636018218e-10
  ], 
  "init_threshold": 0.02871065673432921, 
  "threshold_reset_method": {
    "params": {
      "a_spike": 0.0030811290799583817, 
      "b_spike": 114.70998442301135
    }, 
    "name": "three_components"
  }, 
  "th_inf": 0.02871065673432921, 
  "spike_cut_length": 106, 
  "init_AScurrents": [
    0.0, 
    0.0
  ], 
  "init_voltage": 0.0, 
  "threshold_dynamics_method": {
    "params": {
      "b_voltage": 47.11788719945375, 
      "a_spike": 0.0030811290799583817, 
      "b_spike": 114.70998442301135, 
      "a_voltage": 18.258436273822237
    }, 
    "name": "three_components_exact"
  }, 
  "voltage_reset_method": {
    "params": {
      "a": 0.35909366335626236, 
      "b": 0.018562258676121712
    }, 
    "name": "v_before"
  }, 
  "extrapolation_method_name": "endpoints", 
  "dt": 5e-05, 
  "voltage_dynamics_method": {
    "params": {}, 
    "name": "linear_forward_euler"
  }, 
  "El": 0.0, 
  "asc_tau_array": [
    0.3333333333333333, 
    0.01
  ], 
  "R_input": 121982194.40541996, 
  "AScurrent_dynamics_method": {
    "params": {}, 
    "name": "exp"
  }, 
  "AScurrent_reset_method": {
    "params": {
      "r": [
        1.0, 
        1.0
      ]
    }, 
    "name": "sum"
  }, 
  "dt_multiplier": 10, 
  "th_adapt": null, 
  "coeffs": {
    "a": 1, 
    "C": 1, 
    "b": 1, 
    "G": 1, 
    "th_inf": 0.8400021576057811, 
    "asc_amp_array": [
      1.0, 
      1.0
    ]
  }, 
  "type": "GLIF"
}