{
  "noise1": {
    "RSS_of_voltage_diff": 9.14931778525884,
    "var_of_voltage_difference": 1.4330013969084402e-06,
    "var_of_voltage_data": 4.981429886095533e-05,
    "num_data_points_wo_spike_shape": 5581194
  },
  "noise2": {
    "RSS_of_voltage_diff": 11.776597366208453,
    "var_of_voltage_difference": 1.6346609004791255e-06,
    "var_of_voltage_data": 4.956393578988731e-05,
    "num_data_points_wo_spike_shape": 5583336
  }
}