{
  "noise1": {
    "RSS_of_voltage_diff": 72.2121535734584,
    "var_of_voltage_difference": 7.619489527405118e-06,
    "var_of_voltage_data": 7.116777642936551e-05,
    "num_data_points_wo_spike_shape": 9204282
  },
  "noise2": {
    "RSS_of_voltage_diff": 78.76162882485959,
    "var_of_voltage_difference": 8.155412039923556e-06,
    "var_of_voltage_data": 7.125420318107217e-05,
    "num_data_points_wo_spike_shape": 9203910
  }
}