{
  "model_spike_times_same_across_sweeps": {
    "n1": 1,
    "n2": 1
  },
  "run_model_spike_times_match_database": {
    "n2": true
  },
  "n2_after_opt_sanitycheck": 0.4067665400728359,
  "after_opt": {
    "noise_1": 0.3760816087940085,
    "noise_2": 0.407127702599041
  },
  "before_opt": {
    "noise_1": 0.31777252811116785,
    "noise_2": 0.3542075647511394
  }
}