{
  "model_spike_times_same_across_sweeps": {
    "n1": 1,
    "n2": 1
  },
  "run_model_spike_times_match_database": {
    "n2": true
  },
  "n2_after_opt_sanitycheck": 0.9558118942488231,
  "after_opt": {
    "noise_1": 0.952204321812442,
    "noise_2": 0.955813621381706
  },
  "before_opt": {
    "noise_1": 0.9643406613016374,
    "noise_2": 0.9686011069176272
  }
}