{
  "model_spike_times_same_across_sweeps": {
    "n1": 1,
    "n2": 1
  },
  "run_model_spike_times_match_database": {
    "n2": true
  },
  "n2_after_opt_sanitycheck": 0.6780733894931331,
  "after_opt": {
    "noise_1": 0.6001416358640603,
    "noise_2": 0.678066145832004
  },
  "before_opt": {
    "noise_1": 0.180318134560737,
    "noise_2": 0.3398790236938038
  }
}