{
  "model_spike_times_same_across_sweeps": {
    "n1": 1,
    "n2": 1
  },
  "run_model_spike_times_match_database": {
    "n2": true
  },
  "n2_after_opt_sanitycheck": 0.515662374826265,
  "after_opt": {
    "noise_1": 0.5076343828284752,
    "noise_2": 0.515903207807699
  },
  "before_opt": {
    "noise_1": 0.5502639058890952,
    "noise_2": 0.4716103660463828
  }
}