{
  "noise1": {
    "RSS_of_voltage_diff": 94.76153025755542,
    "var_of_voltage_difference": 1.5131876604195131e-05,
    "var_of_voltage_data": 9.869408836616332e-05,
    "num_data_points_wo_spike_shape": 5592300
  },
  "noise2": {
    "RSS_of_voltage_diff": 95.43800406584681,
    "var_of_voltage_difference": 1.5863979055450384e-05,
    "var_of_voltage_data": 9.733021269993181e-05,
    "num_data_points_wo_spike_shape": 5592360
  }
}