{
  "El": {
    "El_max_subth_long_square": {
      "dependencies": null, 
      "value": -0.0698253784179688
    }, 
    "El_noise": {
      "measured": {
        "dependencies": null, 
        "list": [
          -0.06941404724121089, 
          -0.0694738922119141, 
          -0.0686740188598633, 
          -0.0693495788574219
        ], 
        "mean": -0.069227884292602543
      }
    }, 
    "El_ramp": {
      "dependencies": null, 
      "value": -0.0690034866333008
    }, 
    "El_suprathreshold_blip": {
      "dependencies": null, 
      "value": -0.0691714248657227
    }, 
    "El_subthreshold_blip": {
      "dependencies": null, 
      "value": -0.0697555770874023
    }
  }, 
  "spike_cut_length": {
    "no deltaV shift": {
      "slope": 0.93960715511580173, 
      "length": 60.0, 
      "intercept": -0.010539027455933558, 
      "dependencies": null
    }
  }, 
  "threshold_adaptation": {
    "b_spike_component_of_threshold": null, 
    "b_voltage_comp_of_thr_from_fitab": null, 
    "b_voltage_comp_of_thr_from_fitabth": null, 
    "a_voltage_comp_of_thr_from_fitab": null, 
    "a_spike_component_of_threshold": null, 
    "a_voltage_comp_of_thr_from_fitabth": null
  }, 
  "th_inf": {
    "via_Vmeasure": {
      "from_zero": 0.020492612461848254, 
      "dependencies": "measured from suprathreshold blip", 
      "value": -0.048678812403874443
    }, 
    "fit_with_v_comp_of_th": {
      "from_zero": null, 
      "value": null
    }
  }, 
  "resistance": {
    "R_test_list": {
      "list": [
        197735567.76285771, 
        190199842.59628856, 
        178298689.38996872, 
        174155825.65310678
      ], 
      "mean": 185097481.35055545
    }, 
    "R_fit_ASC_and_R": {
      "list": [
        182583950.0961522, 
        176863333.35032883, 
        171880547.84467265, 
        159291805.96642557
      ], 
      "mean": 172654909.3143948
    }, 
    "R_from_lims": {
      "value": 204062417.149544
    }
  }, 
  "asc": {
    "amp": [
      -1.82135912187224e-11, 
      -6.806124396265048e-11
    ], 
    "k": [
      3.0, 
      29.999999999999996
    ], 
    "dependencies": "Cap and res from least squares"
  }, 
  "capacitance": {
    "C_from_lims": {
      "value": 1.0491016445727885e-10
    }, 
    "C_test_list": {
      "list": [
        1.0735118644951777e-10, 
        1.0024993821067367e-10, 
        1.0133727825581115e-10, 
        1.0133547376770753e-10
      ], 
      "mean": 1.0256846917092753e-10
    }
  }, 
  "MLIN": {
    "tau_from_AC": 0.04447320215561433, 
    "sv_for_expsymm": 0.00031387251836410753, 
    "var_of_section": 1.9703191556845408e-07
  }, 
  "sweep_properties": {
    "multi_short_square": {
      "sweep_num": null
    }, 
    "noise1": {
      "1": {
        "sweep_num": 46, 
        "El": -0.06941404724121089, 
        "spike_ind": [
          251198, 
          253638, 
          255878, 
          273149, 
          276188, 
          278670, 
          280874, 
          297988, 
          301200, 
          303684, 
          305888, 
          323306, 
          450919, 
          451277, 
          452269, 
          453106, 
          453983, 
          454730, 
          455583, 
          457441, 
          459561, 
          460697, 
          461844, 
          464980, 
          466501, 
          468559, 
          470492, 
          471534, 
          472646, 
          475952, 
          478441, 
          479475, 
          480608, 
          481132, 
          484887, 
          486554, 
          490032, 
          491516, 
          493653, 
          495544, 
          496644, 
          497664, 
          500969, 
          503258, 
          504376, 
          505618, 
          506206, 
          509917, 
          511538, 
          515116, 
          516612, 
          519079, 
          520540, 
          521614, 
          522647
        ]
      }, 
      "3": {
        "sweep_num": 50, 
        "El": -0.0686740188598633, 
        "spike_ind": [
          251352, 
          254068, 
          255906, 
          276235, 
          280921, 
          301216, 
          303820, 
          305877, 
          323524, 
          451010, 
          451364, 
          452422, 
          453465, 
          454449, 
          455531, 
          456077, 
          459883, 
          461536, 
          465028, 
          466567, 
          469114, 
          470561, 
          472606, 
          475972, 
          478422, 
          479535, 
          480636, 
          484939, 
          486569, 
          490082, 
          491637, 
          494137, 
          495569, 
          497578, 
          500919, 
          501374, 
          503415, 
          504578, 
          505712, 
          509922, 
          511603, 
          515090, 
          516539, 
          519091, 
          520581, 
          522639
        ]
      }, 
      "2": {
        "sweep_num": 48, 
        "El": -0.0694738922119141, 
        "spike_ind": [
          251265, 
          253726, 
          255895, 
          273038, 
          276227, 
          279051, 
          280955, 
          298122, 
          301199, 
          303708, 
          305909, 
          323264, 
          450943, 
          451275, 
          452360, 
          453407, 
          454411, 
          455541, 
          456114, 
          457465, 
          459858, 
          461522, 
          464971, 
          466592, 
          468520, 
          470522, 
          471555, 
          472647, 
          473572, 
          475959, 
          478263, 
          479508, 
          480612, 
          484914, 
          486548, 
          490035, 
          491540, 
          494185, 
          495572, 
          497602, 
          500950, 
          501951, 
          503319, 
          504444, 
          505665, 
          509910, 
          511626, 
          515022, 
          516506, 
          519201, 
          520608, 
          521656, 
          522700
        ]
      }, 
      "5": {
        "sweep_num": null, 
        "El": null, 
        "spike_ind": null
      }, 
      "4": {
        "sweep_num": 52, 
        "El": -0.0693495788574219, 
        "spike_ind": [
          253981, 
          255972, 
          276266, 
          280975, 
          301281, 
          305969, 
          451063, 
          451830, 
          453107, 
          454012, 
          454813, 
          455780, 
          457589, 
          459885, 
          461564, 
          466563, 
          469129, 
          470616, 
          472562, 
          475972, 
          478450, 
          479588, 
          480651, 
          482580, 
          484914, 
          486740, 
          491582, 
          494178, 
          495623, 
          497568, 
          500980, 
          503246, 
          504604, 
          505758, 
          509913, 
          511565, 
          516524, 
          519132, 
          520621, 
          521679, 
          522725
        ]
      }
    }, 
    "ramp": {
      "sweep_num": [
        4, 
        5, 
        6
      ]
    }, 
    "max_subthresh_long_square": {
      "sweep_num": [
        31
      ]
    }, 
    "suprathreshold_short_square": {
      "R_testpulsesweep_num": [
        15, 
        16, 
        17
      ]
    }, 
    "subthreshold_short_square": {
      "sweep_num": [
        18, 
        19
      ]
    }
  }, 
  "spike_cutting": {
    "NOdeltaV": {
      "slope": 0.93960715511580173, 
      "intercept": -0.010539027455933558, 
      "cut_length": 60.0, 
      "dependencies": null
    }
  }, 
  "dt_used_for_preprocessor_calculations": 5e-05
}