{
  "model_spike_times_same_across_sweeps": {
    "n1": 1,
    "n2": 1
  },
  "run_model_spike_times_match_database": {
    "n2": true
  },
  "n2_after_opt_sanitycheck": 0.6900577932934616,
  "after_opt": {
    "noise_1": 0.6554706309700798,
    "noise_2": 0.689979229992561
  },
  "before_opt": {
    "noise_1": 0.3661058232850896,
    "noise_2": 0.36765009492976175
  }
}