{
  "model_spike_times_same_across_sweeps": {
    "n1": 1,
    "n2": 1
  },
  "run_model_spike_times_match_database": {
    "n2": true
  },
  "n2_after_opt_sanitycheck": 0.45297898244395357,
  "after_opt": {
    "noise_1": 0.5282842131581995,
    "noise_2": 0.45290287444402
  },
  "before_opt": {
    "noise_1": 0.28185553039526584,
    "noise_2": 0.27006086232567983
  }
}