{
  "model_spike_times_same_across_sweeps": {
    "n1": 1,
    "n2": 1
  },
  "run_model_spike_times_match_database": {
    "n2": true
  },
  "n2_after_opt_sanitycheck": 0.6081312703461921,
  "after_opt": {
    "noise_1": 0.6234949444975076,
    "noise_2": 0.608144382555239
  },
  "before_opt": {
    "noise_1": 0.4912762669243309,
    "noise_2": 0.583177529432348
  }
}