{
  "El_reference": -0.07621530342102054, 
  "C": 1.624752900729343e-10, 
  "asc_amp_array": [
    -2.915778062905974e-11, 
    -2.2945142555541126e-10
  ], 
  "init_threshold": 0.030760756281826312, 
  "threshold_reset_method": {
    "params": {
      "a_spike": 0.0016686353096946518, 
      "b_spike": 115.61568083737066
    }, 
    "name": "three_components"
  }, 
  "th_inf": 0.030760756281826312, 
  "spike_cut_length": 199, 
  "init_AScurrents": [
    0.0, 
    0.0
  ], 
  "init_voltage": 0.0, 
  "threshold_dynamics_method": {
    "params": {
      "b_voltage": 0, 
      "a_spike": 0.0016686353096946518, 
      "b_spike": 115.61568083737066, 
      "a_voltage": 0
    }, 
    "name": "spike_component"
  }, 
  "voltage_reset_method": {
    "params": {
      "a": 0.35930834839370773, 
      "b": 0.009669513492828184
    }, 
    "name": "v_before"
  }, 
  "extrapolation_method_name": "endpoints", 
  "dt": 5e-05, 
  "voltage_dynamics_method": {
    "params": {}, 
    "name": "linear_forward_euler"
  }, 
  "El": 0.0, 
  "asc_tau_array": [
    0.1, 
    0.01
  ], 
  "R_input": 288887825.9708421, 
  "AScurrent_dynamics_method": {
    "params": {}, 
    "name": "none"
  }, 
  "AScurrent_reset_method": {
    "params": {}, 
    "name": "none"
  }, 
  "dt_multiplier": 10, 
  "th_adapt": null, 
  "coeffs": {
    "a": 1, 
    "C": 1, 
    "b": 1, 
    "G": 1, 
    "th_inf": 0.844050938099445, 
    "asc_amp_array": [
      1.0, 
      1.0
    ]
  }, 
  "type": "GLIF"
}