{
  "El": {
    "El_max_subth_long_square": {
      "dependencies": null, 
      "value": -0.0651003875732422
    }, 
    "El_noise": {
      "measured": {
        "dependencies": null, 
        "list": [
          -0.0649684677124023, 
          -0.06378007507324221, 
          -0.06454762268066411
        ], 
        "mean": -0.064432055155436208
      }
    }, 
    "El_ramp": {
      "dependencies": null, 
      "value": -0.06518080139160161
    }, 
    "El_suprathreshold_blip": {
      "dependencies": null, 
      "value": -0.0640260314941406
    }, 
    "El_subthreshold_blip": {
      "dependencies": null, 
      "value": -0.06597254943847661
    }
  }, 
  "spike_cut_length": {
    "no deltaV shift": {
      "slope": 0.43285733436311891, 
      "length": 87.0, 
      "intercept": 0.0061539155879471903, 
      "dependencies": null
    }
  }, 
  "threshold_adaptation": {
    "b_spike_component_of_threshold": null, 
    "b_voltage_comp_of_thr_from_fitab": null, 
    "b_voltage_comp_of_thr_from_fitabth": null, 
    "a_voltage_comp_of_thr_from_fitab": null, 
    "a_spike_component_of_threshold": null, 
    "a_voltage_comp_of_thr_from_fitabth": null
  }, 
  "th_inf": {
    "via_Vmeasure": {
      "from_zero": 0.014670507872735661, 
      "dependencies": "measured from suprathreshold blip", 
      "value": -0.04935552362140494
    }, 
    "fit_with_v_comp_of_th": {
      "from_zero": null, 
      "value": null
    }
  }, 
  "resistance": {
    "R_test_list": {
      "list": [
        265254873.3607696, 
        256472039.54790267, 
        265402031.18186319
      ], 
      "mean": 262376314.69684514
    }, 
    "R_fit_ASC_and_R": {
      "list": [
        256303413.75915396, 
        265904318.636817, 
        269377003.0547701
      ], 
      "mean": 263861578.48358035
    }, 
    "R_from_lims": {
      "value": 338593661.78512603
    }
  }, 
  "asc": {
    "amp": [
      -3.078353881184112e-12, 
      -5.457950629239197e-11
    ], 
    "k": [
      3.0, 
      29.999999999999996
    ], 
    "dependencies": "Cap and res from least squares"
  }, 
  "capacitance": {
    "C_from_lims": {
      "value": 1.0739793530505903e-10
    }, 
    "C_test_list": {
      "list": [
        7.1673039313618692e-11, 
        6.7890025806133059e-11, 
        6.2260194501509468e-11
      ], 
      "mean": 6.727441987375374e-11
    }
  }, 
  "MLIN": {
    "tau_from_AC": 0.024601144866661803, 
    "sv_for_expsymm": 0.0001844226860666877, 
    "var_of_section": 6.8023454272104099e-08
  }, 
  "sweep_properties": {
    "multi_short_square": {
      "sweep_num": null
    }, 
    "noise1": {
      "1": {
        "sweep_num": 54, 
        "El": -0.0649684677124023, 
        "spike_ind": [
          250864, 
          253261, 
          254565, 
          255871, 
          260032, 
          270523, 
          272810, 
          276152, 
          278674, 
          280884, 
          295619, 
          297523, 
          301170, 
          303751, 
          304804, 
          305829, 
          320573, 
          322709, 
          450649, 
          451059, 
          451316, 
          451888, 
          452935, 
          453439, 
          453999, 
          454721, 
          455582, 
          456114, 
          457470, 
          459540, 
          460455, 
          461333, 
          464896, 
          466407, 
          467388, 
          468455, 
          469061, 
          470515, 
          471374, 
          472502, 
          473460, 
          474328, 
          475701, 
          476157, 
          478028, 
          478675, 
          479445, 
          480489, 
          480877, 
          482409, 
          484468, 
          484959, 
          486343, 
          488128, 
          489861, 
          491391, 
          493424, 
          494063, 
          495482, 
          496357, 
          497457, 
          498304, 
          499325, 
          500644, 
          501170, 
          503000, 
          503681, 
          504540, 
          505491, 
          506076, 
          507377, 
          509495, 
          510657, 
          511806, 
          514878, 
          515851, 
          516487, 
          518031, 
          518963, 
          520128, 
          521376, 
          522470, 
          523169, 
          524352
        ]
      }, 
      "3": {
        "sweep_num": 58, 
        "El": -0.06454762268066411, 
        "spike_ind": [
          251179, 
          254034, 
          255928, 
          276133, 
          279826, 
          280868, 
          301194, 
          304810, 
          305891, 
          450682, 
          451144, 
          451866, 
          452937, 
          453662, 
          454376, 
          455517, 
          455912, 
          457368, 
          459487, 
          461318, 
          464852, 
          466461, 
          468981, 
          470487, 
          471466, 
          472471, 
          473479, 
          474327, 
          475673, 
          476211, 
          478050, 
          479486, 
          480521, 
          482394, 
          484515, 
          486360, 
          489926, 
          491511, 
          494123, 
          495170, 
          496392, 
          497473, 
          498409, 
          499334, 
          500650, 
          501182, 
          502977, 
          503704, 
          504827, 
          505786, 
          507480, 
          509939, 
          511420, 
          514859, 
          516441, 
          518551, 
          520479, 
          521398, 
          522483, 
          523408, 
          524315
        ]
      }, 
      "2": {
        "sweep_num": 56, 
        "El": -0.06378007507324221, 
        "spike_ind": [
          250883, 
          255853, 
          276191, 
          280892, 
          301123, 
          304028, 
          305806, 
          322616, 
          450662, 
          451109, 
          451803, 
          452679, 
          453294, 
          453987, 
          454475, 
          455167, 
          455783, 
          457376, 
          459539, 
          460601, 
          461336, 
          464953, 
          466467, 
          469101, 
          470155, 
          471362, 
          472472, 
          473227, 
          474291, 
          475647, 
          476178, 
          477995, 
          479025, 
          479772, 
          480467, 
          481019, 
          482401, 
          484539, 
          486440, 
          489894, 
          490771, 
          491467, 
          494098, 
          495500, 
          496393, 
          497458, 
          498420, 
          499296, 
          500647, 
          501195, 
          503019, 
          503722, 
          504686, 
          505489, 
          506217, 
          507459, 
          509526, 
          510655, 
          514868, 
          515833, 
          516474, 
          519070, 
          520150, 
          521375, 
          522479, 
          523409, 
          524316
        ]
      }, 
      "5": {
        "sweep_num": null, 
        "El": null, 
        "spike_ind": null
      }, 
      "4": {
        "sweep_num": null, 
        "El": null, 
        "spike_ind": null
      }
    }, 
    "ramp": {
      "sweep_num": [
        4, 
        5, 
        6
      ]
    }, 
    "max_subthresh_long_square": {
      "sweep_num": [
        30
      ]
    }, 
    "suprathreshold_short_square": {
      "R_testpulsesweep_num": [
        9
      ]
    }, 
    "subthreshold_short_square": {
      "sweep_num": [
        22, 
        23
      ]
    }
  }, 
  "spike_cutting": {
    "NOdeltaV": {
      "slope": 0.43285733436311891, 
      "intercept": 0.0061539155879471903, 
      "cut_length": 87.0, 
      "dependencies": null
    }
  }, 
  "dt_used_for_preprocessor_calculations": 5e-05
}