{
  "model_spike_times_same_across_sweeps": {
    "n1": 1,
    "n2": 1
  },
  "run_model_spike_times_match_database": {
    "n2": true
  },
  "n2_after_opt_sanitycheck": 0.8079999409990102,
  "after_opt": {
    "noise_1": 0.7459033724057136,
    "noise_2": 0.808030859510083
  },
  "before_opt": {
    "noise_1": 0.7041570657280343,
    "noise_2": 0.647500317537384
  }
}