{
  "model_spike_times_same_across_sweeps": {
    "n1": 1,
    "n2": 1
  },
  "run_model_spike_times_match_database": {
    "n2": true
  },
  "n2_after_opt_sanitycheck": 0.683182777125768,
  "after_opt": {
    "noise_1": 0.7309593975155751,
    "noise_2": 0.683189327267604
  },
  "before_opt": {
    "noise_1": 0.40846384434618577,
    "noise_2": 0.37407386390579456
  }
}