{
  "El": {
    "El_max_subth_long_square": {
      "dependencies": null, 
      "value": -0.07927653503417971
    }, 
    "El_noise": {
      "measured": {
        "dependencies": null, 
        "list": [
          -0.079447998046875, 
          -0.07973992156982421, 
          -0.0798126983642578, 
          -0.07963430023193359
        ], 
        "mean": -0.079658729553222646
      }
    }, 
    "El_ramp": {
      "dependencies": null, 
      "value": -0.0810764312744141
    }, 
    "El_suprathreshold_blip": {
      "dependencies": null, 
      "value": -0.078495231628418
    }, 
    "El_subthreshold_blip": {
      "dependencies": null, 
      "value": -0.07920361328125
    }
  }, 
  "spike_cut_length": {
    "no deltaV shift": {
      "slope": 0.2201710641856465, 
      "length": 92.0, 
      "intercept": 0.020149414471955729, 
      "dependencies": null
    }
  }, 
  "threshold_adaptation": {
    "b_spike_component_of_threshold": 3018.189579950807, 
    "b_voltage_comp_of_thr_from_fitab": 71.800131617691221, 
    "b_voltage_comp_of_thr_from_fitabth": 570.69884998049474, 
    "a_voltage_comp_of_thr_from_fitab": 17.919806344819186, 
    "a_spike_component_of_threshold": 15.468128678432066, 
    "a_voltage_comp_of_thr_from_fitabth": 567.58185498616399
  }, 
  "th_inf": {
    "via_Vmeasure": {
      "from_zero": 0.028201755443468021, 
      "dependencies": "measured from suprathreshold blip", 
      "value": -0.050293476184949976
    }, 
    "fit_with_v_comp_of_th": {
      "from_zero": 0.0018953804282302034, 
      "value": -0.077763349124992442
    }
  }, 
  "resistance": {
    "R_test_list": {
      "list": [
        123805517.88083504, 
        114108359.32374686, 
        109381062.04364853, 
        107392379.73816875
      ], 
      "mean": 113671829.74659979
    }, 
    "R_fit_ASC_and_R": {
      "list": [
        112565679.13099225, 
        102411907.28605591, 
        98240276.7692837, 
        96020019.66411741
      ], 
      "mean": 102309470.71261232
    }, 
    "R_from_lims": {
      "value": 142968714.237213
    }
  }, 
  "asc": {
    "amp": [
      -1.3710762825025727e-11, 
      -2.991365069010392e-10
    ], 
    "k": [
      3.0, 
      100.0
    ], 
    "dependencies": "Cap and res from least squares"
  }, 
  "capacitance": {
    "C_from_lims": {
      "value": 1.1864470082318666e-10
    }, 
    "C_test_list": {
      "list": [
        1.2611356846406004e-10, 
        1.2156618449283425e-10, 
        1.2450852119662371e-10, 
        1.2390284206397775e-10
      ], 
      "mean": 1.2402277905437393e-10
    }
  }, 
  "MLIN": {
    "tau_from_AC": 0.038528361642099308, 
    "sv_for_expsymm": 0.0005534425768306591, 
    "var_of_section": 6.1259737169792017e-07
  }, 
  "sweep_properties": {
    "multi_short_square": {
      "sweep_num": [
        75, 
        76, 
        77, 
        78, 
        79, 
        80, 
        81, 
        82, 
        83, 
        84, 
        85, 
        86, 
        87, 
        88, 
        89, 
        90, 
        91, 
        92, 
        93, 
        94, 
        95
      ]
    }, 
    "noise1": {
      "1": {
        "sweep_num": 64, 
        "El": -0.079447998046875, 
        "spike_ind": [
          251161, 
          252365, 
          253481, 
          254439, 
          255716, 
          270778, 
          272747, 
          276200, 
          278643, 
          279687, 
          280808, 
          297912, 
          301222, 
          303631, 
          304697, 
          305862, 
          323248, 
          450867, 
          451102, 
          451653, 
          452226, 
          452940, 
          453417, 
          453957, 
          454458, 
          455178, 
          455677, 
          456054, 
          457333, 
          458098, 
          459419, 
          459946, 
          460637, 
          461434, 
          466429, 
          468090, 
          469051, 
          470430, 
          471398, 
          472452, 
          473070, 
          475988, 
          476335, 
          477228, 
          478218, 
          478935, 
          479529, 
          480488, 
          480889, 
          482435, 
          484909, 
          486745, 
          494072, 
          495607, 
          497532, 
          498284, 
          501092, 
          502343, 
          503358, 
          504058, 
          504675, 
          505576, 
          506016, 
          509954, 
          511776, 
          520559, 
          522519, 
          523285
        ]
      }, 
      "3": {
        "sweep_num": 68, 
        "El": -0.0798126983642578, 
        "spike_ind": [
          251230, 
          253601, 
          254633, 
          255843, 
          273414, 
          273599, 
          276286, 
          279049, 
          280867, 
          301335, 
          304797, 
          305954, 
          450890, 
          451105, 
          451679, 
          452256, 
          452933, 
          453436, 
          453969, 
          454473, 
          455406, 
          455838, 
          457361, 
          459475, 
          460464, 
          461568, 
          466481, 
          468188, 
          469090, 
          470500, 
          471429, 
          472530, 
          473318, 
          476077, 
          476889, 
          478278, 
          478980, 
          479690, 
          480529, 
          480932, 
          486842, 
          494109, 
          495716, 
          497606, 
          498419, 
          501119, 
          503591, 
          504466, 
          505533, 
          505974, 
          520544, 
          522646, 
          523419
        ]
      }, 
      "2": {
        "sweep_num": 66, 
        "El": -0.07973992156982421, 
        "spike_ind": [
          251189, 
          253639, 
          254747, 
          255827, 
          273251, 
          276220, 
          278641, 
          279750, 
          280861, 
          301286, 
          303696, 
          305858, 
          450873, 
          451122, 
          451642, 
          452208, 
          452937, 
          453435, 
          453960, 
          454450, 
          455215, 
          455717, 
          456147, 
          457379, 
          458210, 
          459491, 
          460377, 
          461445, 
          466490, 
          469062, 
          470491, 
          471431, 
          472503, 
          473256, 
          476034, 
          476856, 
          478142, 
          478711, 
          479432, 
          480520, 
          480944, 
          484918, 
          486795, 
          494086, 
          495592, 
          496539, 
          497674, 
          498464, 
          501098, 
          503410, 
          504418, 
          505572, 
          506048, 
          520555, 
          521631, 
          522688, 
          523430
        ]
      }, 
      "5": {
        "sweep_num": null, 
        "El": null, 
        "spike_ind": null
      }, 
      "4": {
        "sweep_num": 70, 
        "El": -0.07963430023193359, 
        "spike_ind": [
          251263, 
          254011, 
          255808, 
          273429, 
          276324, 
          279790, 
          280900, 
          305867, 
          450874, 
          451110, 
          451688, 
          452284, 
          452947, 
          453418, 
          453962, 
          454423, 
          455163, 
          455716, 
          456119, 
          457362, 
          458189, 
          459507, 
          460427, 
          461465, 
          469025, 
          470520, 
          471528, 
          472619, 
          473397, 
          476098, 
          478434, 
          479378, 
          480505, 
          480936, 
          486802, 
          495641, 
          497641, 
          498412, 
          501111, 
          503454, 
          504408, 
          505512, 
          505936, 
          511834, 
          520722, 
          522659, 
          523460
        ]
      }
    },