{
  "model_spike_times_same_across_sweeps": {
    "n1": 1,
    "n2": 1
  },
  "run_model_spike_times_match_database": {
    "n2": true
  },
  "n2_after_opt_sanitycheck": 0.9074909682174785,
  "after_opt": {
    "noise_1": 0.9096792608566546,
    "noise_2": 0.907489641426623
  },
  "before_opt": {
    "noise_1": 0.9687415433113696,
    "noise_2": 0.9670599052624487
  }
}