{
  "model_spike_times_same_across_sweeps": {
    "n1": 1,
    "n2": 1
  },
  "run_model_spike_times_match_database": {
    "n2": true
  },
  "n2_after_opt_sanitycheck": 0.8761418159536478,
  "after_opt": {
    "noise_1": 0.8727676710112613,
    "noise_2": 0.876142488813092
  },
  "before_opt": {
    "noise_1": 0.9333756692979539,
    "noise_2": 0.9339040979988131
  }
}