{
  "model_spike_times_same_across_sweeps": {
    "n1": 1,
    "n2": 1
  },
  "run_model_spike_times_match_database": {
    "n2": true
  },
  "n2_after_opt_sanitycheck": 0.7591289900037289,
  "after_opt": {
    "noise_1": 0.6667826416581925,
    "noise_2": 0.75911870402026
  },
  "before_opt": {
    "noise_1": 0.6033148809796497,
    "noise_2": 0.5704554136774438
  }
}