{
  "model_spike_times_same_across_sweeps": {
    "n1": 1,
    "n2": 1
  },
  "run_model_spike_times_match_database": {
    "n2": true
  },
  "n2_after_opt_sanitycheck": 0.6845470151339677,
  "after_opt": {
    "noise_1": 0.6596341640761008,
    "noise_2": 0.684569741072946
  },
  "before_opt": {
    "noise_1": 0.3123125747674718,
    "noise_2": 0.29401985301790096
  }
}