{
  "El": {
    "El_max_subth_long_square": {
      "dependencies": null, 
      "value": -0.07646924591064451
    }, 
    "El_noise": {
      "measured": {
        "dependencies": null, 
        "list": [
          -0.0765305252075195, 
          -0.07624963378906251, 
          -0.07658709716796881, 
          -0.07606442260742191
        ], 
        "mean": -0.076357919692993187
      }
    }, 
    "El_ramp": {
      "dependencies": null, 
      "value": -0.0760142364501953
    }, 
    "El_suprathreshold_blip": {
      "dependencies": null, 
      "value": -0.0762483825683594
    }, 
    "El_subthreshold_blip": {
      "dependencies": null, 
      "value": -0.0771909866333008
    }
  }, 
  "spike_cut_length": {
    "no deltaV shift": {
      "slope": 0.47950997193781864, 
      "length": 111.0, 
      "intercept": 0.010776555561232092, 
      "dependencies": null
    }
  }, 
  "threshold_adaptation": {
    "b_spike_component_of_threshold": 242.05973204047709, 
    "b_voltage_comp_of_thr_from_fitab": 86.598870530953747, 
    "b_voltage_comp_of_thr_from_fitabth": 1007.0696779789216, 
    "a_voltage_comp_of_thr_from_fitab": 35.91602074681721, 
    "a_spike_component_of_threshold": 0.0047221091479712528, 
    "a_voltage_comp_of_thr_from_fitabth": 902.91712578863326
  }, 
  "th_inf": {
    "via_Vmeasure": {
      "from_zero": 0.024736446693873947, 
      "dependencies": "measured from suprathreshold blip", 
      "value": -0.051511935874485458
    }, 
    "fit_with_v_comp_of_th": {
      "from_zero": 0.0047462968140749712, 
      "value": -0.071611622878918216
    }
  }, 
  "resistance": {
    "R_test_list": {
      "list": [
        95320996.184915796, 
        86929011.2048783, 
        85653428.170572355, 
        80950799.725888208
      ], 
      "mean": 87213558.821563661
    }, 
    "R_fit_ASC_and_R": {
      "list": [
        86698724.70233954, 
        80980540.92722312, 
        77165082.05606627, 
        76918181.91682678
      ], 
      "mean": 80440632.400613934
    }, 
    "R_from_lims": {
      "value": 82455344.4981575
    }
  }, 
  "asc": {
    "amp": [
      -1.478363885683797e-11, 
      -3.4029218295643746e-10
    ], 
    "k": [
      3.0, 
      100.0
    ], 
    "dependencies": "Cap and res from least squares"
  }, 
  "capacitance": {
    "C_from_lims": {
      "value": 2.421001788355571e-10
    }, 
    "C_test_list": {
      "list": [
        1.7879420633977118e-10, 
        1.7623165588829013e-10, 
        1.6104166121614076e-10, 
        1.7437992815870006e-10
      ], 
      "mean": 1.7261186290072554e-10
    }
  }, 
  "MLIN": {
    "tau_from_AC": 0.021968499130663725, 
    "sv_for_expsymm": 0.00035152458506409318, 
    "var_of_section": 2.4713906780896584e-07
  }, 
  "sweep_properties": {
    "multi_short_square": {
      "sweep_num": [
        86, 
        87, 
        89, 
        90, 
        91, 
        92, 
        93, 
        94, 
        95, 
        96, 
        97, 
        98, 
        99, 
        100, 
        101, 
        102, 
        103, 
        104, 
        105, 
        106
      ]
    }, 
    "noise1": {
      "1": {
        "sweep_num": 63, 
        "El": -0.0765305252075195, 
        "spike_ind": [
          201355, 
          202897, 
          204504, 
          218712, 
          223542, 
          224850, 
          244669, 
          360850, 
          361295, 
          361868, 
          362543, 
          363180, 
          363725, 
          364457, 
          365966, 
          367898, 
          369382, 
          375261, 
          377260, 
          378547, 
          380940, 
          382871, 
          383817, 
          384697, 
          396531, 
          398182, 
          400929, 
          402929, 
          404643, 
          416564, 
          418154
        ]
      }, 
      "3": {
        "sweep_num": 67, 
        "El": -0.07658709716796881, 
        "spike_ind": [
          201374, 
          203159, 
          204786, 
          224735, 
          244930, 
          360859, 
          361325, 
          361911, 
          362613, 
          363214, 
          363828, 
          364596, 
          367941, 
          369486, 
          376562, 
          378598, 
          380933, 
          382897, 
          384670, 
          398468, 
          400973, 
          402934, 
          404649, 
          418164
        ]
      }, 
      "2": {
        "sweep_num": 65, 
        "El": -0.07624963378906251, 
        "spike_ind": [
          201466, 
          202965, 
          204686, 
          224734, 
          244859, 
          360869, 
          361331, 
          362056, 
          362719, 
          363471, 
          364426, 
          367938, 
          369453, 
          376550, 
          378217, 
          380938, 
          382844, 
          383851, 
          384731, 
          398188, 
          400945, 
          402952, 
          404642, 
          418153
        ]
      }, 
      "5": {
        "sweep_num": null, 
        "El": null, 
        "spike_ind": null
      }, 
      "4": {
        "sweep_num": 69, 
        "El": -0.07606442260742191, 
        "spike_ind": [
          201431, 
          203219, 
          204747, 
          244907, 
          360874, 
          361421, 
          362349, 
          362946, 
          363658, 
          364460, 
          367972, 
          378158, 
          380946, 
          382942, 
          383809, 
          384694, 
          398409, 
          400992, 
          402904, 
          404682, 
          418532
        ]
      }
    }, 
    "ramp": {
      "sweep_num": [
        4, 
        5, 
        6
      ]
    }, 
    "max_subthresh_long_square": {
      "sweep_num": [
        50
      ]
    }, 
    "suprathreshold_short_square": {
      "R_testpulsesweep_num": [
        21, 
        24
      ]
    }, 
    "subthreshold_short_square": {
      "sweep_num": [
        30
      ]
    }
  }, 
  "spike_cutting": {
    "NOdeltaV": {
      "slope": 0.47950997193781864, 
      "intercept": 0.010776555561232092, 
      "cut_length": 111.0, 
      "dependencies": null
    }
  }, 
  "dt_used_for_preprocessor_calculations": 5e-05
}