{
  "noise1": {
    "RSS_of_voltage_diff": 736.7974148300766,
    "var_of_voltage_difference": 3.147991664742301e-05,
    "var_of_voltage_data": 0.00010185059961801046,
    "num_data_points_wo_spike_shape": 22402591
  },
  "noise2": {
    "RSS_of_voltage_diff": 766.3622425864868,
    "var_of_voltage_difference": 3.333981362233698e-05,
    "var_of_voltage_data": 0.0001041502532081844,
    "num_data_points_wo_spike_shape": 22402234
  }
}