{
  "El": {
    "El_max_subth_long_square": {
      "dependencies": null, 
      "value": -0.0683284912109375
    }, 
    "El_noise": {
      "measured": {
        "dependencies": null, 
        "list": [
          -0.0679586715698242, 
          -0.0681899871826172, 
          -0.0678838272094727, 
          -0.0686037216186523
        ], 
        "mean": -0.068159051895141598
      }
    }, 
    "El_ramp": {
      "dependencies": null, 
      "value": -0.068942008972168
    }, 
    "El_suprathreshold_blip": {
      "dependencies": null, 
      "value": -0.0681657257080078
    }, 
    "El_subthreshold_blip": {
      "dependencies": null, 
      "value": -0.0685084762573242
    }
  }, 
  "spike_cut_length": {
    "no deltaV shift": {
      "slope": 0.53851909855122004, 
      "length": 51.0, 
      "intercept": 0.0080726104713503624, 
      "dependencies": null
    }
  }, 
  "threshold_adaptation": {
    "b_spike_component_of_threshold": 26410.184905109567, 
    "b_voltage_comp_of_thr_from_fitab": 2076.9062518201681, 
    "b_voltage_comp_of_thr_from_fitabth": 9.0489093132670266, 
    "a_voltage_comp_of_thr_from_fitab": 374.89356453961398, 
    "a_spike_component_of_threshold": 8.1381525877394213e+128, 
    "a_voltage_comp_of_thr_from_fitabth": -0.21960676943130003
  }, 
  "th_inf": {
    "via_Vmeasure": {
      "from_zero": 0.027447764380538912, 
      "dependencies": "measured from suprathreshold blip", 
      "value": -0.040717961327468889
    }, 
    "fit_with_v_comp_of_th": {
      "from_zero": 0.033924729177216402, 
      "value": -0.034234322717925196
    }
  }, 
  "resistance": {
    "R_test_list": {
      "list": [
        236363080.87476677, 
        238043972.76612183, 
        234752080.4167811, 
        227748969.93441996
      ], 
      "mean": 234227025.99802241
    }, 
    "R_fit_ASC_and_R": {
      "list": [
        246865364.247256, 
        247578129.3532867, 
        256160480.55638203, 
        246602865.64363793
      ], 
      "mean": 249301709.95014066
    }, 
    "R_from_lims": {
      "value": 157031327.486038
    }
  }, 
  "asc": {
    "amp": [
      -1.2324527402535897e-10, 
      -1.918899049345089e-10
    ], 
    "k": [
      29.999999999999996, 
      300.0
    ], 
    "dependencies": "Cap and res from least squares"
  }, 
  "capacitance": {
    "C_from_lims": {
      "value": 5.431819062199089e-11
    }, 
    "C_test_list": {
      "list": [
        4.4928570492609502e-11, 
        4.5256843669542497e-11, 
        4.7592111788566055e-11, 
        4.6701492583167346e-11
      ], 
      "mean": 4.6119754633471345e-11
    }
  }, 
  "MLIN": {
    "tau_from_AC": 0.04704368922070272, 
    "sv_for_expsymm": 0.00049848715097447547, 
    "var_of_section": 4.9697887937329896e-07
  }, 
  "sweep_properties": {
    "multi_short_square": {
      "sweep_num": [
        72, 
        73, 
        75, 
        77, 
        78, 
        79, 
        80, 
        81, 
        82, 
        83, 
        84, 
        85, 
        86, 
        87, 
        88, 
        89, 
        90, 
        91, 
        92, 
        93, 
        94, 
        95, 
        96, 
        97, 
        98
      ]
    }, 
    "noise1": {
      "1": {
        "sweep_num": 49, 
        "El": -0.0679586715698242, 
        "spike_ind": [
          201350, 
          203171, 
          204689, 
          208031, 
          213912, 
          216446, 
          218384, 
          220990, 
          222875, 
          224612, 
          227891, 
          233882, 
          236486, 
          238237, 
          240986, 
          242900, 
          244567, 
          247934, 
          253884, 
          256497, 
          258360, 
          360779, 
          361574, 
          362606, 
          363461, 
          364400, 
          365664, 
          366897, 
          367995, 
          369165, 
          371810, 
          373161, 
          374519, 
          375580, 
          376551, 
          377925, 
          378764, 
          380679, 
          381533, 
          382673, 
          383593, 
          384570, 
          385909, 
          387571, 
          388627, 
          390458, 
          392607, 
          393870, 
          395178, 
          396387, 
          397760, 
          398650, 
          400713, 
          401523, 
          402716, 
          403554, 
          404532, 
          405879, 
          407533, 
          408600, 
          411807, 
          413217, 
          414707, 
          416102, 
          417168, 
          418162
        ]
      }, 
      "3": {
        "sweep_num": 53, 
        "El": -0.0678838272094727, 
        "spike_ind": [
          201071, 
          202929, 
          204655, 
          207949, 
          213932, 
          216490, 
          218425, 
          220957, 
          222841, 
          224469, 
          227585, 
          233665, 
          236363, 
          238179, 
          240963, 
          242777, 
          244439, 
          247872, 
          253678, 
          256374, 
          258230, 
          360793, 
          361699, 
          362701, 
          363543, 
          364465, 
          365792, 
          366932, 
          367936, 
          369123, 
          371654, 
          373132, 
          374439, 
          375586, 
          376590, 
          377915, 
          378730, 
          380675, 
          381692, 
          382723, 
          383596, 
          384559, 
          385898, 
          387421, 
          388483, 
          389518, 
          391862, 
          393209, 
          394539, 
          396027, 
          397123, 
          398138, 
          400576, 
          401471, 
          402599, 
          403516, 
          404467, 
          405853, 
          407407, 
          408483, 
          409514, 
          411866, 
          413227, 
          414535, 
          416063, 
          417157, 
          418150
        ]
      }, 
      "2": {
        "sweep_num": 51, 
        "El": -0.0681899871826172, 
        "spike_ind": [
          201499, 
          203255, 
          204746, 
          208505, 
          215241, 
          217951, 
          220979, 
          222855, 
          224595, 
          227981, 
          234727, 
          237168, 
          238781, 
          241026, 
          242935, 
          244630, 
          247935, 
          253882, 
          256493, 
          258486, 
          360800, 
          361714, 
          362744, 
          363594, 
          364553, 
          365859, 
          367362, 
          368394, 
          369422, 
          371858, 
          373182, 
          374510, 
          375897, 
          377084, 
          378120, 
          380541, 
          381393, 
          382537, 
          383453, 
          384422, 
          385855, 
          387505, 
          388674, 
          390685, 
          392626, 
          393901, 
          395221, 
          396432, 
          397889, 
          398774, 
          400738, 
          401736, 
          402792, 
          403672, 
          404611, 
          405908, 
          407560, 
          409026, 
          411846, 
          413234, 
          414594, 
          416048, 
          417108, 
          418128
        ]
      }, 
      "5": {
        "sweep_num": null, 
        "El": null, 
        "spike_ind": null
      }, 
      "4": {
        "sweep_num": 55, 
        "El": -0.0686037216186523,