{
  "model_spike_times_same_across_sweeps": {
    "n1": 1,
    "n2": 1
  },
  "run_model_spike_times_match_database": {
    "n2": true
  },
  "n2_after_opt_sanitycheck": 0.6415934126097008,
  "after_opt": {
    "noise_1": 0.6988120478493633,
    "noise_2": 0.641590097673375
  },
  "before_opt": {
    "noise_1": 0.7186141345107907,
    "noise_2": 0.6471961203586257
  }
}