{
  "El": {
    "El_max_subth_long_square": {
      "dependencies": null, 
      "value": -0.0718627471923828
    }, 
    "El_noise": {
      "measured": {
        "dependencies": null, 
        "list": [
          -0.0712180480957031, 
          -0.0720511856079102, 
          -0.0711501617431641, 
          -0.07112718963623049
        ], 
        "mean": -0.071386646270751974
      }
    }, 
    "El_ramp": {
      "dependencies": null, 
      "value": -0.0732443618774414
    }, 
    "El_suprathreshold_blip": {
      "dependencies": null, 
      "value": -0.0715426864624023
    }, 
    "El_subthreshold_blip": {
      "dependencies": null, 
      "value": -0.0715606307983398
    }
  }, 
  "spike_cut_length": {
    "no deltaV shift": {
      "slope": 0.57309030835351304, 
      "length": 47.0, 
      "intercept": 0.0020082179013063937, 
      "dependencies": null
    }
  }, 
  "threshold_adaptation": {
    "b_spike_component_of_threshold": null, 
    "b_voltage_comp_of_thr_from_fitab": null, 
    "b_voltage_comp_of_thr_from_fitabth": null, 
    "a_voltage_comp_of_thr_from_fitab": null, 
    "a_spike_component_of_threshold": null, 
    "a_voltage_comp_of_thr_from_fitabth": null
  }, 
  "th_inf": {
    "via_Vmeasure": {
      "from_zero": 0.022572107372731284, 
      "dependencies": "measured from suprathreshold blip", 
      "value": -0.048970579089671021
    }, 
    "fit_with_v_comp_of_th": {
      "from_zero": null, 
      "value": null
    }
  }, 
  "resistance": {
    "R_test_list": {
      "list": [
        199634341.93668738, 
        208104451.07534075, 
        212796361.50145409, 
        220130534.53670806
      ], 
      "mean": 210166422.26254755
    }, 
    "R_fit_ASC_and_R": {
      "list": [
        200083602.56524345, 
        207013357.91485518, 
        216847966.5977184, 
        219168206.2960782
      ], 
      "mean": 210778283.34347379
    }, 
    "R_from_lims": {
      "value": 186718717.21744502
    }
  }, 
  "asc": {
    "amp": [
      -4.058374723896617e-12, 
      -5.008746636525504e-11
    ], 
    "k": [
      3.0, 
      100.0
    ], 
    "dependencies": "Cap and res from least squares"
  }, 
  "capacitance": {
    "C_from_lims": {
      "value": 1.3129433558325758e-10
    }, 
    "C_test_list": {
      "list": [
        8.0833474222856399e-11, 
        9.110197029551441e-11, 
        8.0332819448696421e-11, 
        7.9259029734969459e-11
      ], 
      "mean": 8.2881823425509179e-11
    }
  }, 
  "MLIN": {
    "tau_from_AC": 0.013651232529282015, 
    "sv_for_expsymm": 0.00021822324131457379, 
    "var_of_section": 9.5242766099677434e-08
  }, 
  "sweep_properties": {
    "multi_short_square": {
      "sweep_num": null
    }, 
    "noise1": {
      "1": {
        "sweep_num": 45, 
        "El": -0.0712180480957031, 
        "spike_ind": [
          201003, 
          202941, 
          204715, 
          218698, 
          221004, 
          224825, 
          238682, 
          241031, 
          244828, 
          258653, 
          360777, 
          360966, 
          361285, 
          361664, 
          362141, 
          362620, 
          362948, 
          363366, 
          363758, 
          364393, 
          364695, 
          365208, 
          366119, 
          367890, 
          368626, 
          369338, 
          373197, 
          374521, 
          375288, 
          376396, 
          377162, 
          378040, 
          378571, 
          380787, 
          381042, 
          381618, 
          382527, 
          383009, 
          383578, 
          384425, 
          384797, 
          386083, 
          387944, 
          388707, 
          389477, 
          393206, 
          393972, 
          395300, 
          396410, 
          397190, 
          398046, 
          398602, 
          400832, 
          401083, 
          401716, 
          402707, 
          403257, 
          403747, 
          404461, 
          404800, 
          408006, 
          409293, 
          413209, 
          414947, 
          416466, 
          417220, 
          418129, 
          418692
        ]
      }, 
      "3": {
        "sweep_num": 49, 
        "El": -0.0711501617431641, 
        "spike_ind": [
          200976, 
          201714, 
          202805, 
          203661, 
          204708, 
          218532, 
          220992, 
          223003, 
          224718, 
          238630, 
          240999, 
          242982, 
          244733, 
          258356, 
          360752, 
          360934, 
          361195, 
          361465, 
          361827, 
          362373, 
          362746, 
          363138, 
          363523, 
          363824, 
          364352, 
          364677, 
          364966, 
          365934, 
          366654, 
          367623, 
          368276, 
          369150, 
          371971, 
          373143, 
          373862, 
          374725, 
          375292, 
          376372, 
          377127, 
          377980, 
          378485, 
          380826, 
          381058, 
          381501, 
          382421, 
          382903, 
          383359, 
          383784, 
          384437, 
          384754, 
          385955, 
          387941, 
          388648, 
          389403, 
          393190, 
          393902, 
          394768, 
          395415, 
          396422, 
          397173, 
          398006, 
          398500, 
          400804, 
          401050, 
          401526, 
          402432, 
          402893, 
          403344, 
          403711, 
          404423, 
          404735, 
          407923, 
          408576, 
          409434, 
          412319, 
          413228, 
          414559, 
          415321, 
          416416, 
          417188, 
          418034, 
          418553
        ]
      }, 
      "2": {
        "sweep_num": 47, 
        "El": -0.0720511856079102, 
        "spike_ind": [
          200974, 
          201781, 
          202901, 
          203760, 
          204743, 
          218776, 
          220991, 
          224892, 
          238604, 
          241031, 
          243166, 
          244752, 
          258608, 
          360765, 
          360962, 
          361310, 
          361561, 
          361912, 
          362410, 
          362799, 
          363168, 
          363560, 
          363869, 
          364392, 
          364718, 
          365158, 
          365938, 
          366701, 
          367838, 
          368497, 
          369237, 
          372038, 
          373175, 
          373846, 
          374771, 
          375386, 
          376370, 
          377125, 
          377987, 
          378514, 
          380795, 
          381048, 
          381554, 
          382465, 
          382936, 
          383513, 
          384424, 
          384754, 
          387942, 
          388611, 
          389384, 
          393171, 
          395592, 
          396538, 
          397296, 
          398057, 
          398616, 
          400852, 
          401100, 
          401801, 
          402713, 
          403209, 
          403681, 
          404442, 
          404784, 
          406201, 
          407978, 
          409322, 
          413176, 
          413988, 
          415262, 
          416430, 
          417197, 
          418084, 
          418624
        ]
      }, 
      "5": {
        "sweep_num": null, 
        "El": null, 
        "spike_ind": null
      }, 
      "4": {
        "sweep_num": 51, 
        "El": -0.07112718963623049,