{
  "model_spike_times_same_across_sweeps": {
    "n1": 1,
    "n2": 1
  },
  "run_model_spike_times_match_database": {
    "n2": true
  },
  "n2_after_opt_sanitycheck": 0.7309090603875101,
  "after_opt": {
    "noise_1": 0.6967813594300277,
    "noise_2": 0.730889381313773
  },
  "before_opt": {
    "noise_1": 0.5737878966917251,
    "noise_2": 0.6258791187829057
  }
}