{
  "El": {
    "El_max_subth_long_square": {
      "dependencies": null, 
      "value": -0.07449439239501951
    }, 
    "El_noise": {
      "measured": {
        "dependencies": null, 
        "list": [
          -0.07487832641601559, 
          -0.0750735855102539, 
          -0.07535711669921881, 
          -0.0756019515991211
        ], 
        "mean": -0.075227745056152345
      }
    }, 
    "El_ramp": {
      "dependencies": null, 
      "value": -0.0749782028198242
    }, 
    "El_suprathreshold_blip": {
      "dependencies": null, 
      "value": -0.0751933135986328
    }, 
    "El_subthreshold_blip": {
      "dependencies": null, 
      "value": -0.07485263824462891
    }
  }, 
  "spike_cut_length": {
    "no deltaV shift": {
      "slope": 0.4757226549476874, 
      "length": 43.0, 
      "intercept": 0.0021950906066740133, 
      "dependencies": null
    }
  }, 
  "threshold_adaptation": {
    "b_spike_component_of_threshold": 6.3263999265250668, 
    "b_voltage_comp_of_thr_from_fitab": 56.409862235626292, 
    "b_voltage_comp_of_thr_from_fitabth": 138.58612794676648, 
    "a_voltage_comp_of_thr_from_fitab": 8.4774180764020031, 
    "a_spike_component_of_threshold": 0.0011494415098766519, 
    "a_voltage_comp_of_thr_from_fitabth": 71.956698890534
  }, 
  "th_inf": {
    "via_Vmeasure": {
      "from_zero": 0.027321173895924644, 
      "dependencies": "measured from suprathreshold blip", 
      "value": -0.04787213970270815
    }, 
    "fit_with_v_comp_of_th": {
      "from_zero": 0.016394991079741988, 
      "value": -0.058832753976410357
    }
  }, 
  "resistance": {
    "R_test_list": {
      "list": [
        115236723.9987669, 
        117820219.04702477, 
        122084006.69034357, 
        123866081.95137958
      ], 
      "mean": 119751757.92187871
    }, 
    "R_fit_ASC_and_R": {
      "list": [
        125138315.29181162, 
        124800348.04155923, 
        128270775.21003264, 
        127441014.19252697
      ], 
      "mean": 126412613.18398261
    }, 
    "R_from_lims": {
      "value": 128906220.19767801
    }
  }, 
  "asc": {
    "amp": [
      -1.699223313526988e-11, 
      1.4754090554743264e-10
    ], 
    "k": [
      10.0, 
      300.0
    ], 
    "dependencies": "Cap and res from least squares"
  }, 
  "capacitance": {
    "C_from_lims": {
      "value": 9.341193492492382e-11
    }, 
    "C_test_list": {
      "list": [
        7.0445736761651384e-11, 
        7.1463529484067083e-11, 
        7.014035157780359e-11, 
        7.091406146005484e-11
      ], 
      "mean": 7.0740919820894221e-11
    }
  }, 
  "MLIN": {
    "tau_from_AC": 0.012736842739890496, 
    "sv_for_expsymm": 0.00010198043280492017, 
    "var_of_section": 2.0800017350157673e-08
  }, 
  "sweep_properties": {
    "multi_short_square": {
      "sweep_num": [
        60, 
        61, 
        62, 
        63, 
        64, 
        65, 
        66, 
        67, 
        68, 
        69, 
        70, 
        71, 
        72, 
        73, 
        74, 
        75, 
        76, 
        77, 
        78, 
        79, 
        80
      ]
    }, 
    "noise1": {
      "1": {
        "sweep_num": 49, 
        "El": -0.07487832641601559, 
        "spike_ind": [
          200932, 
          201526, 
          202972, 
          204661, 
          216494, 
          220946, 
          223820, 
          224685, 
          236501, 
          238183, 
          240944, 
          242950, 
          244649, 
          256531, 
          258160, 
          360631, 
          360816, 
          360942, 
          361085, 
          362373, 
          363543, 
          363805, 
          365896, 
          367582, 
          367906, 
          371898, 
          373124, 
          374788, 
          375197, 
          376398, 
          377085, 
          377957, 
          379477, 
          380715, 
          380911, 
          382391, 
          383541, 
          383794, 
          384407, 
          384634, 
          384827, 
          385922, 
          387888, 
          389142, 
          391909, 
          393135, 
          394777, 
          395218, 
          396390, 
          397097, 
          397955, 
          399500, 
          400696, 
          400895, 
          401049, 
          404384, 
          404622, 
          404809, 
          405920, 
          407597, 
          407927, 
          411890, 
          413132, 
          414768, 
          415204, 
          416364, 
          417099, 
          417958, 
          418200
        ]
      }, 
      "3": {
        "sweep_num": 53, 
        "El": -0.07535711669921881, 
        "spike_ind": [
          200908, 
          201442, 
          202927, 
          204633, 
          209434, 
          215326, 
          218155, 
          220926, 
          222910, 
          224660, 
          229469, 
          236441, 
          238167, 
          240931, 
          242896, 
          244633, 
          249463, 
          255282, 
          258148, 
          360618, 
          360786, 
          360923, 
          361054, 
          362358, 
          362730, 
          362946, 
          363199, 
          364385, 
          364619, 
          364781, 
          365919, 
          367592, 
          367898, 
          369071, 
          369436, 
          371887, 
          372679, 
          373154, 
          375199, 
          376368, 
          377086, 
          377955, 
          378173, 
          379468, 
          380724, 
          380905, 
          381081, 
          382383, 
          384386, 
          384616, 
          384791, 
          385912, 
          387595, 
          387914, 
          389084, 
          389455, 
          391902, 
          393139, 
          394791, 
          395210, 
          396364, 
          397099, 
          397957, 
          398182, 
          399493, 
          400715, 
          400905, 
          401070, 
          402396, 
          402771, 
          404378, 
          404609, 
          404771, 
          405903, 
          407605, 
          407921, 
          409124, 
          409456, 
          411891, 
          412691, 
          413177, 
          414772, 
          415200, 
          416372, 
          417090, 
          417951, 
          418173, 
          419477
        ]
      }, 
      "2": {
        "sweep_num": 51, 
        "El": -0.0750735855102539, 
        "spike_ind": [
          200928, 
          202782, 
          204689, 
          216538, 
          218174, 
          220939, 
          222936, 
          224667, 
          236498, 
          238196, 
          240943, 
          244646, 
          256479, 
          258164, 
          360640, 
          360817, 
          360947, 
          361103, 
          362367, 
          364148, 
          364406, 
          364641, 
          364807, 
          365906, 
          367585, 
          367913, 
          371879, 
          373120, 
          374759, 
          375230, 
          376363, 
          377087, 
          377957, 
          379490, 
          380701, 
          380899, 
          381060, 
          383547, 
          383781, 
          384396, 
          384628, 
          384812, 
          385931, 
          387602, 
          387926, 
          391897, 
          393129, 
          394776, 
          395203, 
          396355, 
          397085, 
          397969, 
          398198, 
          400682, 
          400879, 
          401039, 
          403238, 
          403525, 
          403799, 
          404372, 
          404623, 
          404799, 
          405913, 
          407605, 
          407911, 
          409152, 
          411900, 
          413133, 
          414773, 
          415210, 
          416384, 
          417110, 
          417971, 
          419486
        ]
      }, 
      "5": {
        "sweep_num": null, 
        "El": null, 
        "spike_ind": null
      }, 
      "4": {
        "sweep_num": 55,