{
  "noise1": {
    "RSS_of_voltage_diff": 581.0849428960784,
    "var_of_voltage_difference": 3.291475595488653e-05,
    "var_of_voltage_data": 9.28194041988368e-05,
    "num_data_points_wo_spike_shape": 16803523
  },
  "noise2": {
    "RSS_of_voltage_diff": 642.2791316495776,
    "var_of_voltage_difference": 2.8398811854243688e-05,
    "var_of_voltage_data": 8.754014602417157e-05,
    "num_data_points_wo_spike_shape": 22406564
  }
}