{
  "model_spike_times_same_across_sweeps": {
    "n1": 1,
    "n2": 1
  },
  "run_model_spike_times_match_database": {
    "n2": true
  },
  "n2_after_opt_sanitycheck": 0.7842248556193556,
  "after_opt": {
    "noise_1": 0.7451647034671084,
    "noise_2": 0.784225156822306
  },
  "before_opt": {
    "noise_1": 0.741724959897662,
    "noise_2": 0.6669807329779401
  }
}