{
  "noise1": {
    "RSS_of_voltage_diff": 40.33838671324115,
    "var_of_voltage_difference": 9.178078386337347e-06,
    "var_of_voltage_data": 6.120645845006018e-05,
    "num_data_points_wo_spike_shape": 4168270
  },
  "noise2": {
    "RSS_of_voltage_diff": 42.99617968759173,
    "var_of_voltage_difference": 8.754298796776146e-06,
    "var_of_voltage_data": 5.7773338303002756e-05,
    "num_data_points_wo_spike_shape": 4167666
  }
}