{
  "model_spike_times_same_across_sweeps": {
    "n1": 1,
    "n2": 1
  },
  "run_model_spike_times_match_database": {
    "n2": true
  },
  "n2_after_opt_sanitycheck": 0.5937949155027407,
  "after_opt": {
    "noise_1": 0.43852205127146193,
    "noise_2": 0.593855752986062
  },
  "before_opt": {
    "noise_1": 0.10271825403152626,
    "noise_2": 0.6667264807343509
  }
}