{
  "model_spike_times_same_across_sweeps": {
    "n1": 1,
    "n2": 1
  },
  "run_model_spike_times_match_database": {
    "n2": true
  },
  "n2_after_opt_sanitycheck": 0.7101601808009557,
  "after_opt": {
    "noise_1": 0.4971832261647925,
    "noise_2": 0.710117958399344
  },
  "before_opt": {
    "noise_1": 0.4347715375614348,
    "noise_2": 0.6614360701792383
  }
}