{
  "model_spike_times_same_across_sweeps": {
    "n1": 1,
    "n2": 1
  },
  "run_model_spike_times_match_database": {
    "n2": true
  },
  "n2_after_opt_sanitycheck": 0.7670102230332941,
  "after_opt": {
    "noise_1": 0.7980622041012707,
    "noise_2": 0.767008066300897
  },
  "before_opt": {
    "noise_1": 0.7529755947187298,
    "noise_2": 0.7770708493532081
  }
}