{
  "model_spike_times_same_across_sweeps": {
    "n1": 1,
    "n2": 1
  },
  "run_model_spike_times_match_database": {
    "n2": true
  },
  "n2_after_opt_sanitycheck": 0.6904519173739155,
  "after_opt": {
    "noise_1": 0.730825063983744,
    "noise_2": 0.69046637788074
  },
  "before_opt": {
    "noise_1": 0.4335184488387207,
    "noise_2": 0.4542328125457799
  }
}