{
  "model_spike_times_same_across_sweeps": {
    "n1": 1,
    "n2": 1
  },
  "run_model_spike_times_match_database": {
    "n2": true
  },
  "n2_after_opt_sanitycheck": 0.541008655501822,
  "after_opt": {
    "noise_1": 0.4905260613184044,
    "noise_2": 0.54109267766575
  },
  "before_opt": {
    "noise_1": 0.27947573578010976,
    "noise_2": 0.4099565057162645
  }
}