{
  "model_spike_times_same_across_sweeps": {
    "n1": 1,
    "n2": 1
  },
  "run_model_spike_times_match_database": {
    "n2": true
  },
  "n2_after_opt_sanitycheck": 0.6372464443952991,
  "after_opt": {
    "noise_1": 0.6365663396706978,
    "noise_2": 0.637259378365384
  },
  "before_opt": {
    "noise_1": 0.5758604677094709,
    "noise_2": 0.556456369357937
  }
}