{
  "model_spike_times_same_across_sweeps": {
    "n1": 1,
    "n2": 1
  },
  "run_model_spike_times_match_database": {
    "n2": true
  },
  "n2_after_opt_sanitycheck": 0.8534057172546895,
  "after_opt": {
    "noise_1": 0.872421686452642,
    "noise_2": 0.853404981791349
  },
  "before_opt": {
    "noise_1": 0.8579241781141773,
    "noise_2": 0.8441310621734452
  }
}