{
  "El": {
    "El_max_subth_long_square": {
      "dependencies": null, 
      "value": -0.07149325561523441
    }, 
    "El_noise": {
      "measured": {
        "dependencies": null, 
        "list": [
          -0.0710523529052734, 
          -0.0718812866210938, 
          -0.0718915557861328, 
          -0.0720039215087891
        ], 
        "mean": -0.071707279205322272
      }
    }, 
    "El_ramp": {
      "dependencies": null, 
      "value": -0.0720556869506836
    }, 
    "El_suprathreshold_blip": {
      "dependencies": null, 
      "value": -0.071455810546875
    }, 
    "El_subthreshold_blip": {
      "dependencies": null, 
      "value": -0.07177442932128911
    }
  }, 
  "spike_cut_length": {
    "no deltaV shift": {
      "slope": 0.59551419194538591, 
      "length": 91.0, 
      "intercept": 0.0055779922277617057, 
      "dependencies": null
    }
  }, 
  "threshold_adaptation": {
    "b_spike_component_of_threshold": 136.44931727602102, 
    "b_voltage_comp_of_thr_from_fitab": 39.379238088842101, 
    "b_voltage_comp_of_thr_from_fitabth": 502.59178464706497, 
    "a_voltage_comp_of_thr_from_fitab": 14.871950251502103, 
    "a_spike_component_of_threshold": 0.0013755760643931381, 
    "a_voltage_comp_of_thr_from_fitabth": 417.83168937130426
  }, 
  "th_inf": {
    "via_Vmeasure": {
      "from_zero": 0.022209814030133404, 
      "dependencies": "measured from suprathreshold blip", 
      "value": -0.049245996516741594
    }, 
    "fit_with_v_comp_of_th": {
      "from_zero": 0.0071604233826491337, 
      "value": -0.064546855822673138
    }
  }, 
  "resistance": {
    "R_test_list": {
      "list": [
        83908230.554418772, 
        82683510.560647979, 
        82329244.515664324, 
        81576576.520500749
      ], 
      "mean": 82624390.537807971
    }, 
    "R_fit_ASC_and_R": {
      "list": [
        112489717.00278768, 
        114450908.13880159, 
        113399287.5131548, 
        110423429.59281574
      ], 
      "mean": 112690835.56188996
    }, 
    "R_from_lims": {
      "value": 80312579.870224
    }
  }, 
  "asc": {
    "amp": [
      -2.0403983378825466e-11, 
      -2.233874954067522e-10
    ], 
    "k": [
      29.999999999999996, 
      100.0
    ], 
    "dependencies": "Cap and res from least squares"
  }, 
  "capacitance": {
    "C_from_lims": {
      "value": 1.6525362278333925e-10
    }, 
    "C_test_list": {
      "list": [
        1.6718298132401054e-10, 
        1.6658181313836166e-10, 
        1.6599476744499523e-10, 
        1.7239477786672853e-10
      ], 
      "mean": 1.6803858494352401e-10
    }
  }, 
  "MLIN": {
    "tau_from_AC": 0.021279439507637516, 
    "sv_for_expsymm": 0.00027553881703070349, 
    "var_of_section": 1.5184327938135903e-07
  }, 
  "sweep_properties": {
    "multi_short_square": {
      "sweep_num": [
        89, 
        90, 
        91, 
        92, 
        93, 
        94, 
        95, 
        96, 
        97, 
        98, 
        99, 
        100, 
        101, 
        102, 
        103, 
        104, 
        105, 
        106, 
        107, 
        108, 
        109
      ]
    }, 
    "noise1": {
      "1": {
        "sweep_num": 64, 
        "El": -0.0710523529052734, 
        "spike_ind": [
          202957, 
          204754, 
          218512, 
          221684, 
          223591, 
          224844, 
          237643, 
          241419, 
          243180, 
          244661, 
          257715, 
          360990, 
          361328, 
          362285, 
          362881, 
          363492, 
          364284, 
          364692, 
          366123, 
          367815, 
          368547, 
          369424, 
          373143, 
          374207, 
          375176, 
          376364, 
          377128, 
          377992, 
          378486, 
          380853, 
          381132, 
          381800, 
          382659, 
          383144, 
          383651, 
          384406, 
          384769, 
          385977, 
          387585, 
          388429, 
          389339, 
          392641, 
          393591, 
          394699, 
          395447, 
          396377, 
          397111, 
          397979, 
          398460, 
          400858, 
          401139, 
          401813, 
          402571, 
          402962, 
          403509, 
          404106, 
          404610, 
          404907, 
          406365, 
          407818, 
          408449, 
          409339, 
          412879, 
          413826, 
          415100, 
          416279, 
          417068, 
          418060, 
          418537
        ]
      }, 
      "3": {
        "sweep_num": 68, 
        "El": -0.0718915557861328, 
        "spike_ind": [
          202437, 
          204136, 
          218360, 
          221684, 
          223410, 
          224703, 
          237107, 
          238698, 
          241481, 
          243190, 
          244632, 
          257119, 
          258685, 
          360913, 
          361151, 
          362067, 
          362801, 
          363354, 
          363809, 
          364566, 
          364859, 
          366144, 
          367854, 
          368615, 
          369430, 
          372976, 
          373865, 
          375008, 
          375866, 
          376512, 
          377333, 
          378108, 
          378593, 
          380877, 
          381314, 
          382050, 
          382757, 
          383224, 
          383704, 
          384418, 
          384753, 
          385923, 
          386905, 
          387963, 
          388647, 
          389414, 
          393089, 
          393876, 
          394812, 
          395556, 
          396443, 
          397248, 
          398090, 
          398569, 
          400858, 
          401142, 
          401772, 
          402553, 
          402972, 
          403519, 
          404058, 
          404583, 
          404881, 
          406098, 
          407318, 
          408054, 
          408802, 
          409421, 
          412669, 
          413694, 
          414746, 
          415528, 
          416448, 
          417175, 
          418005, 
          418455
        ]
      }, 
      "2": {
        "sweep_num": 66, 
        "El": -0.0718812866210938, 
        "spike_ind": [
          202588, 
          204416, 
          218118, 
          221616, 
          223283, 
          224691, 
          237687, 
          241478, 
          243195, 
          244597, 
          249439, 
          256577, 
          258463, 
          360934, 
          361087, 
          362086, 
          362812, 
          363327, 
          363776, 
          364519, 
          364823, 
          366145, 
          367621, 
          368387, 
          369343, 
          372997, 
          373800, 
          374987, 
          375839, 
          376535, 
          377267, 
          378064, 
          378574, 
          380822, 
          381065, 
          381769, 
          382546, 
          382989, 
          383502, 
          384159, 
          384624, 
          385012, 
          386395, 
          387870, 
          388550, 
          389382, 
          392642, 
          393679, 
          394744, 
          395433, 
          396386, 
          397130, 
          397987, 
          398443, 
          400836, 
          401110, 
          401728, 
          402566, 
          402965, 
          403491, 
          403873, 
          404516, 
          404825, 
          405924, 
          406740, 
          407806, 
          408399, 
          409260, 
          412435, 
          413286, 
          414284, 
          415180, 
          416240, 
          416865, 
          417704, 
          418201, 
          418707
        ]
      }, 
      "5": {
        "sweep_num": null, 
        "El": null, 
        "spike_ind": null
      }, 
      "4": {
        "sweep_num": 70, 
        "El": -0.0720039215087891,