{
  "model_spike_times_same_across_sweeps": {
    "n1": 1,
    "n2": 1
  },
  "run_model_spike_times_match_database": {
    "n2": true
  },
  "n2_after_opt_sanitycheck": 0.8003794936412234,
  "after_opt": {
    "noise_1": 0.8088458909178138,
    "noise_2": 0.800386054882965
  },
  "before_opt": {
    "noise_1": 0.7764027574356768,
    "noise_2": 0.7516654287554875
  }
}