{
  "El": {
    "El_max_subth_long_square": {
      "dependencies": null, 
      "value": -0.078417366027832
    }, 
    "El_noise": {
      "measured": {
        "dependencies": null, 
        "list": [
          -0.0781233673095703, 
          -0.0782689437866211
        ], 
        "mean": -0.078196155548095697
      }
    }, 
    "El_ramp": {
      "dependencies": null, 
      "value": -0.0803475723266602
    }, 
    "El_suprathreshold_blip": {
      "dependencies": null, 
      "value": -0.0787309646606445
    }, 
    "El_subthreshold_blip": {
      "dependencies": null, 
      "value": -0.0786688079833984
    }
  }, 
  "spike_cut_length": {
    "no deltaV shift": {
      "slope": 1.6606298596395035, 
      "length": 103.0, 
      "intercept": -0.023910142545890113, 
      "dependencies": null
    }
  }, 
  "threshold_adaptation": {
    "b_spike_component_of_threshold": null, 
    "b_voltage_comp_of_thr_from_fitab": null, 
    "b_voltage_comp_of_thr_from_fitabth": null, 
    "a_voltage_comp_of_thr_from_fitab": null, 
    "a_spike_component_of_threshold": null, 
    "a_voltage_comp_of_thr_from_fitabth": null
  }, 
  "th_inf": {
    "via_Vmeasure": {
      "from_zero": 0.028776412780247507, 
      "dependencies": "measured from suprathreshold blip", 
      "value": -0.049954551880396991
    }, 
    "fit_with_v_comp_of_th": {
      "from_zero": null, 
      "value": null
    }
  }, 
  "resistance": {
    "R_test_list": {
      "list": [
        90543053.488976419, 
        89783060.552820593
      ], 
      "mean": 90163057.020898506
    }, 
    "R_fit_ASC_and_R": {
      "list": [
        108290373.78888793, 
        106216803.37077115
      ], 
      "mean": 107253588.57982954
    }, 
    "R_from_lims": {
      "value": 85781328.3801079
    }
  }, 
  "asc": {
    "amp": [
      -4.5435384889470535e-11, 
      -1.4502223932235676e-09
    ], 
    "k": [
      10.0, 
      300.0
    ], 
    "dependencies": "Cap and res from least squares"
  }, 
  "capacitance": {
    "C_from_lims": {
      "value": 2.767576087320127e-10
    }, 
    "C_test_list": {
      "list": [
        1.868225062936122e-10, 
        1.7880220998424975e-10
      ], 
      "mean": 1.8281235813893097e-10
    }
  }, 
  "MLIN": {
    "tau_from_AC": 0.090676093066983293, 
    "sv_for_expsymm": 0.00068743328830859769, 
    "var_of_section": 9.4512905174954336e-07
  }, 
  "sweep_properties": {
    "multi_short_square": {
      "sweep_num": null
    }, 
    "noise1": {
      "1": {
        "sweep_num": 63, 
        "El": -0.0781233673095703, 
        "spike_ind": [
          253547, 
          254730, 
          255959, 
          270673, 
          272998, 
          276321, 
          278625, 
          279782, 
          280941, 
          286799, 
          295574, 
          297794, 
          301296, 
          303507, 
          304707, 
          305917, 
          311618, 
          319486, 
          322613, 
          451152, 
          451648, 
          452215, 
          452994, 
          453536, 
          454311, 
          454814, 
          455605, 
          456066, 
          457423, 
          458688, 
          459857, 
          460744, 
          461770, 
          464978, 
          466450, 
          467387, 
          468562, 
          470205, 
          471360, 
          472501, 
          473211, 
          475916, 
          476227, 
          477321, 
          478344, 
          479048, 
          479738, 
          480712, 
          482411, 
          484470, 
          485441, 
          486526, 
          489916, 
          491441, 
          492985, 
          494027, 
          495464, 
          496397, 
          497504, 
          498234, 
          500918, 
          501233, 
          502307, 
          503376, 
          504057, 
          504768, 
          505747, 
          507425, 
          509527, 
          510524, 
          511722, 
          514896, 
          516446, 
          517423, 
          518952, 
          520421, 
          521383, 
          522504, 
          523264
        ]
      }, 
      "3": {
        "sweep_num": null, 
        "El": null, 
        "spike_ind": null
      }, 
      "2": {
        "sweep_num": 65, 
        "El": -0.0782689437866211, 
        "spike_ind": [
          253573, 
          254766, 
          255932, 
          271528, 
          273302, 
          276386, 
          278694, 
          279795, 
          280958, 
          295617, 
          298030, 
          301306, 
          303526, 
          304690, 
          305894, 
          311802, 
          320665, 
          323013, 
          451150, 
          451704, 
          452294, 
          453041, 
          453589, 
          454320, 
          454800, 
          455531, 
          455946, 
          457411, 
          458632, 
          459850, 
          460751, 
          461747, 
          464937, 
          466444, 
          467386, 
          468502, 
          469517, 
          470521, 
          471449, 
          472492, 
          473243, 
          475937, 
          476248, 
          477299, 
          478371, 
          479029, 
          479707, 
          480624, 
          481122, 
          483190, 
          484834, 
          486369, 
          489929, 
          491450, 
          492357, 
          493935, 
          495438, 
          496380, 
          497488, 
          498210, 
          500923, 
          501237, 
          502322, 
          503415, 
          504095, 
          504784, 
          505716, 
          507430, 
          509488, 
          510448, 
          511607, 
          514910, 
          516427, 
          517383, 
          518936, 
          520432, 
          521366, 
          522501, 
          523234
        ]
      }, 
      "5": {
        "sweep_num": null, 
        "El": null, 
        "spike_ind": null
      }, 
      "4": {
        "sweep_num": null, 
        "El": null, 
        "spike_ind": null
      }
    }, 
    "ramp": {
      "sweep_num": [
        4, 
        5, 
        6
      ]
    }, 
    "max_subthresh_long_square": {
      "sweep_num": [
        58
      ]
    }, 
    "suprathreshold_short_square": {
      "R_testpulsesweep_num": [
        20, 
        23, 
        24, 
        25
      ]
    }, 
    "subthreshold_short_square": {
      "sweep_num": [
        26, 
        27
      ]
    }
  }, 
  "spike_cutting": {
    "NOdeltaV": {
      "slope": 1.6606298596395035, 
      "intercept": -0.023910142545890113, 
      "cut_length": 103.0, 
      "dependencies": null
    }
  }, 
  "dt_used_for_preprocessor_calculations": 5e-05
}