{
  "model_spike_times_same_across_sweeps": {
    "n1": 1,
    "n2": 1
  },
  "run_model_spike_times_match_database": {
    "n2": true
  },
  "n2_after_opt_sanitycheck": 0.7769935902259151,
  "after_opt": {
    "noise_1": 0.7820040736658254,
    "noise_2": 0.776993952124608
  },
  "before_opt": {
    "noise_1": 0.7972032137099834,
    "noise_2": 0.7939587676385518
  }
}