{
  "noise1": {
    "RSS_of_voltage_diff": 167.79829413613265,
    "var_of_voltage_difference": 9.620202552373999e-06,
    "var_of_voltage_data": 9.436690338021597e-05,
    "num_data_points_wo_spike_shape": 16804677
  },
  "noise2": {
    "RSS_of_voltage_diff": 114.04497669887716,
    "var_of_voltage_difference": 9.800581649100879e-06,
    "var_of_voltage_data": 9.657674469701242e-05,
    "num_data_points_wo_spike_shape": 11203229
  }
}