{
  "model_spike_times_same_across_sweeps": {
    "n1": 1,
    "n2": 1
  },
  "run_model_spike_times_match_database": {
    "n2": true
  },
  "n2_after_opt_sanitycheck": 0.7924957360860542,
  "after_opt": {
    "noise_1": 0.8103941516899631,
    "noise_2": 0.79250686439359
  },
  "before_opt": {
    "noise_1": 0.7393988732427439,
    "noise_2": 0.7194707051911141
  }
}