{
  "El": {
    "El_max_subth_long_square": {
      "dependencies": null, 
      "value": -0.08055234527587891
    }, 
    "El_noise": {
      "measured": {
        "dependencies": null, 
        "list": [
          -0.0805008697509766, 
          -0.08011236572265619, 
          -0.0801010818481445
        ], 
        "mean": -0.080238105773925761
      }
    }, 
    "El_ramp": {
      "dependencies": null, 
      "value": -0.0798553771972656
    }, 
    "El_suprathreshold_blip": {
      "dependencies": null, 
      "value": -0.0794947280883789
    }, 
    "El_subthreshold_blip": {
      "dependencies": null, 
      "value": -0.07926953125
    }
  }, 
  "spike_cut_length": {
    "no deltaV shift": {
      "slope": 0.54543773521059857, 
      "length": 79.0, 
      "intercept": 0.011269948974399834, 
      "dependencies": null
    }
  }, 
  "threshold_adaptation": {
    "b_spike_component_of_threshold": null, 
    "b_voltage_comp_of_thr_from_fitab": null, 
    "b_voltage_comp_of_thr_from_fitabth": null, 
    "a_voltage_comp_of_thr_from_fitab": null, 
    "a_spike_component_of_threshold": null, 
    "a_voltage_comp_of_thr_from_fitabth": null
  }, 
  "th_inf": {
    "via_Vmeasure": {
      "from_zero": 0.031304453819549674, 
      "dependencies": "measured from suprathreshold blip", 
      "value": -0.048190274268829228
    }, 
    "fit_with_v_comp_of_th": {
      "from_zero": null, 
      "value": null
    }
  }, 
  "resistance": {
    "R_test_list": {
      "list": [
        172601357.49168873, 
        164433060.83533934, 
        162893432.83404341
      ], 
      "mean": 166642617.05369046
    }, 
    "R_fit_ASC_and_R": {
      "list": [
        159761451.9112731, 
        150755214.98793754, 
        148981068.81355467
      ], 
      "mean": 153165911.90425512
    }, 
    "R_from_lims": {
      "value": 139375120.401382
    }
  }, 
  "asc": {
    "amp": [
      -1.1656990324151029e-11, 
      -2.2741587624766387e-10
    ], 
    "k": [
      3.0, 
      100.0
    ], 
    "dependencies": "Cap and res from least squares"
  }, 
  "capacitance": {
    "C_from_lims": {
      "value": 1.6324901857351572e-10
    }, 
    "C_test_list": {
      "list": [
        1.0700950375436563e-10, 
        1.094776388850748e-10, 
        1.0953841689723986e-10
      ], 
      "mean": 1.0867518651222677e-10
    }
  }, 
  "MLIN": {
    "tau_from_AC": 0.025301237588624303, 
    "sv_for_expsymm": 0.00040229423999707455, 
    "var_of_section": 3.2368131106964775e-07
  }, 
  "sweep_properties": {
    "multi_short_square": {
      "sweep_num": null
    }, 
    "noise1": {
      "1": {
        "sweep_num": 60, 
        "El": -0.0805008697509766, 
        "spike_ind": [
          201337, 
          202526, 
          203198, 
          203816, 
          204650, 
          208423, 
          216566, 
          218248, 
          221029, 
          222902, 
          223762, 
          224711, 
          238351, 
          241069, 
          242944, 
          243810, 
          244773, 
          258770, 
          360831, 
          360994, 
          361388, 
          361841, 
          362382, 
          362770, 
          363183, 
          363573, 
          364201, 
          364581, 
          364870, 
          365838, 
          366584, 
          367622, 
          368296, 
          369141, 
          373197, 
          374464, 
          375308, 
          376376, 
          377215, 
          378022, 
          378525, 
          380858, 
          381474, 
          382665, 
          383208, 
          383675, 
          384426, 
          384760, 
          387928, 
          389280, 
          395265, 
          396447, 
          397275, 
          398141, 
          398781, 
          400926, 
          402698, 
          403292, 
          403832, 
          404630, 
          408317, 
          409475, 
          416512, 
          418109, 
          418745
        ]
      }, 
      "3": {
        "sweep_num": 64, 
        "El": -0.0801010818481445, 
        "spike_ind": [
          201093, 
          201791, 
          202825, 
          203560, 
          204580, 
          218230, 
          221037, 
          222962, 
          223909, 
          224746, 
          238643, 
          241119, 
          243229, 
          244746, 
          360795, 
          360959, 
          361331, 
          361736, 
          362336, 
          362746, 
          363167, 
          363564, 
          364125, 
          364512, 
          364820, 
          365882, 
          366596, 
          367623, 
          368339, 
          369230, 
          373208, 
          374747, 
          376383, 
          377169, 
          378054, 
          378643, 
          380920, 
          381574, 
          382724, 
          383434, 
          384482, 
          384841, 
          388591, 
          389483, 
          395325, 
          396563, 
          398128, 
          398700, 
          400949, 
          402754, 
          403360, 
          403848, 
          404602, 
          409485, 
          416501, 
          418107, 
          418760
        ]
      }, 
      "2": {
        "sweep_num": 62, 
        "El": -0.08011236572265619, 
        "spike_ind": [
          201092, 
          202081, 
          202904, 
          203604, 
          204549, 
          209513, 
          217319, 
          218691, 
          221022, 
          222973, 
          223838, 
          224792, 
          238716, 
          241108, 
          243459, 
          244764, 
          258559, 
          360824, 
          360995, 
          361368, 
          361796, 
          362360, 
          362757, 
          363178, 
          363556, 
          364131, 
          364526, 
          364840, 
          365216, 
          365927, 
          366637, 
          367704, 
          368375, 
          369196, 
          373292, 
          374614, 
          375327, 
          376388, 
          377160, 
          378066, 
          378659, 
          380894, 
          381518, 
          382562, 
          383168, 
          383726, 
          384465, 
          384809, 
          388041, 
          395299, 
          396449, 
          398084, 
          398789, 
          400932, 
          401859, 
          402786, 
          403454, 
          404514, 
          404887, 
          416501, 
          418077, 
          418727
        ]
      }, 
      "5": {
        "sweep_num": null, 
        "El": null, 
        "spike_ind": null
      }, 
      "4": {
        "sweep_num": null, 
        "El": null, 
        "spike_ind": null
      }
    }, 
    "ramp": {
      "sweep_num": [
        4, 
        5, 
        6
      ]
    }, 
    "max_subthresh_long_square": {
      "sweep_num": [
        55
      ]
    }, 
    "suprathreshold_short_square": {
      "R_testpulsesweep_num": [
        21
      ]
    }, 
    "subthreshold_short_square": {
      "sweep_num": [
        28, 
        29
      ]
    }
  }, 
  "spike_cutting": {
    "NOdeltaV": {
      "slope": 0.54543773521059857, 
      "intercept": 0.011269948974399834, 
      "cut_length": 79.0, 
      "dependencies": null
    }
  }, 
  "dt_used_for_preprocessor_calculations": 5e-05
}