{
  "model_spike_times_same_across_sweeps": {
    "n1": 1,
    "n2": 1
  },
  "run_model_spike_times_match_database": {
    "n2": true
  },
  "n2_after_opt_sanitycheck": 0.4450124242444806,
  "after_opt": {
    "noise_1": 0.4876269658184797,
    "noise_2": 0.445071248667689
  },
  "before_opt": {
    "noise_1": 0.4808012724991834,
    "noise_2": 0.5363924700432268
  }
}