{
  "noise1": {
    "RSS_of_voltage_diff": 55.52886145431762,
    "var_of_voltage_difference": 1.2716515067358954e-05,
    "var_of_voltage_data": 0.00010104287253098315,
    "num_data_points_wo_spike_shape": 4196812
  },
  "noise2": {
    "RSS_of_voltage_diff": 63.71341600967177,
    "var_of_voltage_difference": 1.3081608188560527e-05,
    "var_of_voltage_data": 9.814131461824856e-05,
    "num_data_points_wo_spike_shape": 4196336
  }
}