{
  "model_spike_times_same_across_sweeps": {
    "n1": 1,
    "n2": 1
  },
  "run_model_spike_times_match_database": {
    "n2": true
  },
  "n2_after_opt_sanitycheck": 0.8459306660658213,
  "after_opt": {
    "noise_1": 0.7999935683533089,
    "noise_2": 0.845932200980906
  },
  "before_opt": {
    "noise_1": 0.7953231319623248,
    "noise_2": 0.778924008734067
  }
}