{
  "model_spike_times_same_across_sweeps": {
    "n1": 1,
    "n2": 1
  },
  "run_model_spike_times_match_database": {
    "n2": true
  },
  "n2_after_opt_sanitycheck": 0.6201756990455082,
  "after_opt": {
    "noise_1": 0.5950575392106416,
    "noise_2": 0.620202577108619
  },
  "before_opt": {
    "noise_1": 0.668698286833224,
    "noise_2": 0.6636200493777328
  }
}