{
  "El_reference": -0.07255248260498046, 
  "C": 9.078717103717066e-11, 
  "asc_amp_array": [
    -5.183729854894788e-12, 
    -1.473791288920182e-10
  ], 
  "init_threshold": 0.028592841156702145, 
  "threshold_reset_method": {
    "params": {
      "a_spike": 0.0008796429217625014, 
      "b_spike": 38.87000129673353
    }, 
    "name": "three_components"
  }, 
  "th_inf": 0.028592841156702145, 
  "spike_cut_length": 99, 
  "init_AScurrents": [
    0.0, 
    0.0
  ], 
  "init_voltage": 0.0, 
  "threshold_dynamics_method": {
    "params": {
      "b_voltage": 73.6698047348099, 
      "a_spike": 0.0008796429217625014, 
      "b_spike": 38.87000129673353, 
      "a_voltage": 17.673666061971755
    }, 
    "name": "three_components_exact"
  }, 
  "voltage_reset_method": {
    "params": {
      "a": 0.4904333138060026, 
      "b": 0.0059122541509843175
    }, 
    "name": "v_before"
  }, 
  "extrapolation_method_name": "endpoints", 
  "dt": 5e-05, 
  "voltage_dynamics_method": {
    "params": {}, 
    "name": "linear_forward_euler"
  }, 
  "El": 0.0, 
  "asc_tau_array": [
    0.3333333333333333, 
    0.01
  ], 
  "R_input": 360731868.6442354, 
  "AScurrent_dynamics_method": {
    "params": {}, 
    "name": "exp"
  }, 
  "AScurrent_reset_method": {
    "params": {
      "r": [
        1.0, 
        1.0
      ]
    }, 
    "name": "sum"
  }, 
  "dt_multiplier": 10, 
  "th_adapt": null, 
  "coeffs": {
    "a": 1, 
    "C": 1, 
    "b": 1, 
    "G": 1, 
    "th_inf": 0.7760230401883981, 
    "asc_amp_array": [
      1.0, 
      1.0
    ]
  }, 
  "type": "GLIF"
}