{
  "El": {
    "El_max_subth_long_square": {
      "dependencies": null, 
      "value": -0.0777786178588867
    }, 
    "El_noise": {
      "measured": {
        "dependencies": null, 
        "list": [
          -0.0781868515014648, 
          -0.0776126480102539, 
          -0.0778704681396484, 
          -0.07826481628417971
        ], 
        "mean": -0.0779836959838867
      }
    }, 
    "El_ramp": {
      "dependencies": null, 
      "value": -0.0765003509521484
    }, 
    "El_suprathreshold_blip": {
      "dependencies": null, 
      "value": -0.0774378128051758
    }, 
    "El_subthreshold_blip": {
      "dependencies": null, 
      "value": -0.077990837097168
    }
  }, 
  "spike_cut_length": {
    "no deltaV shift": {
      "slope": 0.94819538236955392, 
      "length": 157.0, 
      "intercept": -0.005267998758868242, 
      "dependencies": null
    }
  }, 
  "threshold_adaptation": {
    "b_spike_component_of_threshold": null, 
    "b_voltage_comp_of_thr_from_fitab": null, 
    "b_voltage_comp_of_thr_from_fitabth": null, 
    "a_voltage_comp_of_thr_from_fitab": null, 
    "a_spike_component_of_threshold": null, 
    "a_voltage_comp_of_thr_from_fitabth": null
  }, 
  "th_inf": {
    "via_Vmeasure": {
      "from_zero": 0.029771553592594431, 
      "dependencies": "measured from suprathreshold blip", 
      "value": -0.047666259212581365
    }, 
    "fit_with_v_comp_of_th": {
      "from_zero": null, 
      "value": null
    }
  }, 
  "resistance": {
    "R_test_list": {
      "list": [
        296720287.57668239, 
        297018361.91213596, 
        318405472.23560691, 
        285555033.33092427
      ], 
      "mean": 299424788.7638374
    }, 
    "R_fit_ASC_and_R": {
      "list": [
        377281555.03768754, 
        382552694.9610936, 
        372228468.706709, 
        358463422.0703743
      ], 
      "mean": 372631535.19396609
    }, 
    "R_from_lims": {
      "value": 173124969.005585
    }
  }, 
  "asc": {
    "amp": [
      -9.709995606122103e-11, 
      -1.2111474028948886e-09
    ], 
    "k": [
      29.999999999999996, 
      300.0
    ], 
    "dependencies": "Cap and res from least squares"
  }, 
  "capacitance": {
    "C_from_lims": {
      "value": 1.4895567044638015e-10
    }, 
    "C_test_list": {
      "list": [
        1.2565419143054688e-10, 
        1.2223102272562282e-10, 
        1.5257584239718522e-10, 
        1.9385504923816062e-10
      ], 
      "mean": 1.4857902644787889e-10
    }
  }, 
  "MLIN": {
    "tau_from_AC": 0.06159093482612428, 
    "sv_for_expsymm": 0.00063056843861631002, 
    "var_of_section": 7.952331115580222e-07
  }, 
  "sweep_properties": {
    "multi_short_square": {
      "sweep_num": null
    }, 
    "noise1": {
      "1": {
        "sweep_num": 49, 
        "El": -0.0781868515014648, 
        "spike_ind": [
          203172, 
          204842, 
          209075, 
          216555, 
          221947, 
          224094, 
          229431, 
          236632, 
          241507, 
          243626, 
          246136, 
          256885, 
          361393, 
          362353, 
          363225, 
          364371, 
          365933, 
          367850, 
          369197, 
          373042, 
          374746, 
          376393, 
          377987, 
          380908, 
          382415, 
          383503, 
          384652, 
          386563, 
          388494, 
          393166, 
          395187, 
          396572, 
          398054, 
          400935, 
          402388, 
          403485, 
          404645, 
          406646, 
          408545, 
          413177, 
          415202, 
          416597, 
          418110
        ]
      }, 
      "3": {
        "sweep_num": 53, 
        "El": -0.0778704681396484, 
        "spike_ind": [
          203508, 
          209104, 
          217140, 
          222683, 
          224786, 
          237948, 
          242380, 
          244642, 
          257161, 
          361383, 
          362448, 
          363284, 
          364385, 
          366116, 
          367994, 
          369472, 
          373189, 
          375138, 
          376667, 
          378176, 
          380933, 
          382390, 
          383488, 
          384666, 
          386736, 
          388492, 
          393216, 
          395258, 
          397048, 
          398362, 
          400966, 
          402393, 
          403517, 
          404645, 
          406898, 
          408493, 
          413300, 
          415198, 
          416596, 
          418203
        ]
      }, 
      "2": {
        "sweep_num": 51, 
        "El": -0.0776126480102539, 
        "spike_ind": [
          203217, 
          204825, 
          209445, 
          216377, 
          221474, 
          223746, 
          228394, 
          236876, 
          241727, 
          244129, 
          249177, 
          257725, 
          361365, 
          362368, 
          363182, 
          364347, 
          365960, 
          367890, 
          369348, 
          373129, 
          374899, 
          376410, 
          378008, 
          380881, 
          382108, 
          383212, 
          384505, 
          386528, 
          388385, 
          393184, 
          394835, 
          396498, 
          398067, 
          400888, 
          402018, 
          403184, 
          404499, 
          406662, 
          408502, 
          413193, 
          415214, 
          416535, 
          418052
        ]
      }, 
      "5": {
        "sweep_num": null, 
        "El": null, 
        "spike_ind": null
      }, 
      "4": {
        "sweep_num": 55, 
        "El": -0.07826481628417971, 
        "spike_ind": [
          203663, 
          218525, 
          223302, 
          238542, 
          242902, 
          244797, 
          258157, 
          361457, 
          362602, 
          363488, 
          364472, 
          366106, 
          367945, 
          369452, 
          373237, 
          375189, 
          376906, 
          378220, 
          380964, 
          382437, 
          383575, 
          384697, 
          387874, 
          393554, 
          396166, 
          397985, 
          400916, 
          402416, 
          403574, 
          404676, 
          407614, 
          409442, 
          413623, 
          415572, 
          417245, 
          418565
        ]
      }
    }, 
    "ramp": {
      "sweep_num": [
        4, 
        5, 
        6
      ]
    }, 
    "max_subthresh_long_square": {
      "sweep_num": [
        44
      ]
    }, 
    "suprathreshold_short_square": {
      "R_testpulsesweep_num": [
        21, 
        25
      ]
    }, 
    "subthreshold_short_square": {
      "sweep_num": [
        24
      ]
    }
  }, 
  "spike_cutting": {
    "NOdeltaV": {
      "slope": 0.94819538236955392, 
      "intercept": -0.005267998758868242, 
      "cut_length": 157.0, 
      "dependencies": null
    }
  }, 
  "dt_used_for_preprocessor_calculations": 5e-05
}