{
  "noise1": {
    "RSS_of_voltage_diff": 623.4297785979385,
    "var_of_voltage_difference": 3.642396666860201e-05,
    "var_of_voltage_data": 0.00015340333195468329,
    "num_data_points_wo_spike_shape": 16798353
  },
  "noise2": {
    "RSS_of_voltage_diff": 415.3943172118599,
    "var_of_voltage_difference": 3.636001926641819e-05,
    "var_of_voltage_data": 0.00015408738108001766,
    "num_data_points_wo_spike_shape": 11198954
  }
}