{
  "model_spike_times_same_across_sweeps": {
    "n1": 1,
    "n2": 1
  },
  "run_model_spike_times_match_database": {
    "n2": true
  },
  "n2_after_opt_sanitycheck": 0.6378326142360878,
  "after_opt": {
    "noise_1": 0.689133079124299,
    "noise_2": 0.637829455949876
  },
  "before_opt": {
    "noise_1": 0.5335156941024195,
    "noise_2": 0.5164944509154401
  }
}