{
  "model_spike_times_same_across_sweeps": {
    "n1": 1,
    "n2": 1
  },
  "run_model_spike_times_match_database": {
    "n2": true
  },
  "n2_after_opt_sanitycheck": 0.9059243367012466,
  "after_opt": {
    "noise_1": 0.8667643211217843,
    "noise_2": 0.905895946879886
  },
  "before_opt": {
    "noise_1": 0.7585006037817464,
    "noise_2": 0.8054370716971851
  }
}