{
  "model_spike_times_same_across_sweeps": {
    "n1": 1,
    "n2": 1
  },
  "run_model_spike_times_match_database": {
    "n2": true
  },
  "n2_after_opt_sanitycheck": 0.7551745288715608,
  "after_opt": {
    "noise_1": 0.5899920725742166,
    "noise_2": 0.755180529055481
  },
  "before_opt": {
    "noise_1": 0.47733702930181554,
    "noise_2": 0.45604385945219506
  }
}