{
  "model_spike_times_same_across_sweeps": {
    "n1": 1,
    "n2": 1
  },
  "run_model_spike_times_match_database": {
    "n2": true
  },
  "n2_after_opt_sanitycheck": 0.5823800864461542,
  "after_opt": {
    "noise_1": 0.7190772552317991,
    "noise_2": 0.582371000318304
  },
  "before_opt": {
    "noise_1": 0.5167921349833607,
    "noise_2": 0.4676903723935652
  }
}