{
  "El": {
    "El_max_subth_long_square": {
      "dependencies": null, 
      "value": -0.0625504455566406
    }, 
    "El_noise": {
      "measured": {
        "dependencies": null, 
        "list": [
          -0.0651856918334961, 
          -0.0648267288208008, 
          -0.0641773223876953
        ], 
        "mean": -0.064729914347330733
      }
    }, 
    "El_ramp": {
      "dependencies": null, 
      "value": -0.06455125427246089
    }, 
    "El_suprathreshold_blip": {
      "dependencies": null, 
      "value": -0.0650980072021484
    }, 
    "El_subthreshold_blip": {
      "dependencies": null, 
      "value": -0.0648482818603516
    }
  }, 
  "spike_cut_length": {
    "no deltaV shift": {
      "slope": 0.034946676112413706, 
      "length": 42.0, 
      "intercept": 0.017039342330259687, 
      "dependencies": null
    }
  }, 
  "threshold_adaptation": {
    "b_spike_component_of_threshold": 83.228431590313875, 
    "b_voltage_comp_of_thr_from_fitab": 1395.894570939018, 
    "b_voltage_comp_of_thr_from_fitabth": 1745.8637536231035, 
    "a_voltage_comp_of_thr_from_fitab": 80.586913029796989, 
    "a_spike_component_of_threshold": 0.014758697313941624, 
    "a_voltage_comp_of_thr_from_fitabth": 61.392386086198108
  }, 
  "th_inf": {
    "via_Vmeasure": {
      "from_zero": 0.022458265063365138, 
      "dependencies": "measured from suprathreshold blip", 
      "value": -0.042639742138783257
    }, 
    "fit_with_v_comp_of_th": {
      "from_zero": 0.022600865264258932, 
      "value": -0.042129049083071801
    }
  }, 
  "resistance": {
    "R_test_list": {
      "list": [
        241041294.18271077, 
        225309644.99077693, 
        220139361.28310981
      ], 
      "mean": 228830100.15219915
    }, 
    "R_fit_ASC_and_R": {
      "list": [
        311382769.8516389, 
        281235708.29046935, 
        321193031.55911744
      ], 
      "mean": 304603836.56707519
    }, 
    "R_from_lims": {
      "value": 118906289.33906601
    }
  }, 
  "asc": {
    "amp": [
      -8.382198456654068e-11, 
      -2.7706419579765403e-10
    ], 
    "k": [
      29.999999999999996, 
      300.0
    ], 
    "dependencies": "Cap and res from least squares"
  }, 
  "capacitance": {
    "C_from_lims": {
      "value": 6.009493199762177e-11
    }, 
    "C_test_list": {
      "list": [
        6.8107862032594617e-11, 
        7.6850851793322525e-11, 
        8.6961135786360108e-11
      ], 
      "mean": 7.7306616537425746e-11
    }
  }, 
  "MLIN": {
    "tau_from_AC": 0.057144088175074111, 
    "sv_for_expsymm": 0.00037317829663958139, 
    "var_of_section": 2.7852408216563885e-07
  }, 
  "sweep_properties": {
    "multi_short_square": {
      "sweep_num": [
        70, 
        71, 
        72, 
        73, 
        74, 
        75, 
        90
      ]
    }, 
    "noise1": {
      "1": {
        "sweep_num": 46, 
        "El": -0.0651856918334961, 
        "spike_ind": [
          202630, 
          204782, 
          209266, 
          216490, 
          218812, 
          221720, 
          223728, 
          227928, 
          235305, 
          238290, 
          241392, 
          243489, 
          245099, 
          248742, 
          256122, 
          258679, 
          360960, 
          362400, 
          363506, 
          364624, 
          366134, 
          367902, 
          369363, 
          372554, 
          374301, 
          375993, 
          377276, 
          378425, 
          380833, 
          382010, 
          383162, 
          384368, 
          385876, 
          387823, 
          389232, 
          392538, 
          394335, 
          396084, 
          397506, 
          398659, 
          400866, 
          402097, 
          403160, 
          404425, 
          405924, 
          407822, 
          409315, 
          412045, 
          413896, 
          415551, 
          417113, 
          418488
        ]
      }, 
      "3": {
        "sweep_num": 52, 
        "El": -0.0641773223876953, 
        "spike_ind": [
          203508, 
          216612, 
          221812, 
          223886, 
          229402, 
          236963, 
          241532, 
          243633, 
          249412, 
          257992, 
          360968, 
          362507, 
          363703, 
          364705, 
          366483, 
          367975, 
          369433, 
          373074, 
          374822, 
          376401, 
          377962, 
          380718, 
          381821, 
          382939, 
          383842, 
          384822, 
          386483, 
          388018, 
          389436, 
          391959, 
          393540, 
          395086, 
          396505, 
          397979, 
          399470, 
          400898, 
          402506, 
          403624, 
          404687, 
          406110, 
          407885, 
          409356, 
          412549, 
          414475, 
          416132, 
          417626, 
          418757
        ]
      }, 
      "2": {
        "sweep_num": 50, 
        "El": -0.0648267288208008, 
        "spike_ind": [
          203677, 
          218563, 
          223212, 
          229560, 
          238435, 
          242903, 
          244876, 
          258060, 
          361004, 
          362678, 
          363771, 
          364771, 
          366639, 
          368379, 
          373136, 
          375117, 
          376542, 
          378097, 
          380881, 
          382406, 
          383502, 
          384648, 
          386117, 
          387889, 
          389410, 
          393070, 
          394997, 
          396529, 
          397993, 
          400786, 
          402114, 
          403205, 
          404438, 
          406005, 
          407870, 
          409431, 
          412987, 
          415036, 
          416533, 
          418087
        ]
      }, 
      "5": {
        "sweep_num": null, 
        "El": null, 
        "spike_ind": null
      }, 
      "4": {
        "sweep_num": null, 
        "El": null, 
        "spike_ind": null
      }
    }, 
    "ramp": {
      "sweep_num": [
        4
      ]
    }, 
    "max_subthresh_long_square": {
      "sweep_num": [
        30
      ]
    }, 
    "suprathreshold_short_square": {
      "R_testpulsesweep_num": [
        20
      ]
    }, 
    "subthreshold_short_square": {
      "sweep_num": [
        19
      ]
    }
  }, 
  "spike_cutting": {
    "NOdeltaV": {
      "slope": 0.034946676112413706, 
      "intercept": 0.017039342330259687, 
      "cut_length": 42.0, 
      "dependencies": null
    }
  }, 
  "dt_used_for_preprocessor_calculations": 5e-05
}