{
  "model_spike_times_same_across_sweeps": {
    "n1": 1,
    "n2": 1
  },
  "run_model_spike_times_match_database": {
    "n2": true
  },
  "n2_after_opt_sanitycheck": 0.8465366077509526,
  "after_opt": {
    "noise_1": 0.8639898645039391,
    "noise_2": 0.84653039860595
  },
  "before_opt": {
    "noise_1": 0.8469539182522964,
    "noise_2": 0.8404802934040873
  }
}