{
  "noise1": {
    "RSS_of_voltage_diff": 217.48241885052542,
    "var_of_voltage_difference": 9.700414935002865e-06,
    "var_of_voltage_data": 9.654853824433159e-05,
    "num_data_points_wo_spike_shape": 22394693
  },
  "noise2": {
    "RSS_of_voltage_diff": 164.57284283208733,
    "var_of_voltage_difference": 9.796328816689055e-06,
    "var_of_voltage_data": 9.67686212422775e-05,
    "num_data_points_wo_spike_shape": 16796247
  }
}