{
  "model_spike_times_same_across_sweeps": {
    "n1": 1,
    "n2": 1
  },
  "run_model_spike_times_match_database": {
    "n2": true
  },
  "n2_after_opt_sanitycheck": 0.5475448039129243,
  "after_opt": {
    "noise_1": 0.59866393074001,
    "noise_2": 0.547534079913768
  },
  "before_opt": {
    "noise_1": 0.4171480150566094,
    "noise_2": 0.41207900214389503
  }
}