{
  "El_reference": -0.07188024330139157, 
  "C": 1.6262648950927987e-10, 
  "asc_amp_array": [
    -9.32408897662889e-11, 
    -1.1111641620206356e-10
  ], 
  "init_threshold": 0.02287436705801226, 
  "threshold_reset_method": {
    "params": {
      "a_spike": 0.003380367146056933, 
      "b_spike": 120.11197653069523
    }, 
    "name": "three_components"
  }, 
  "th_inf": 0.02287436705801226, 
  "spike_cut_length": 101, 
  "init_AScurrents": [
    0.0, 
    0.0
  ], 
  "init_voltage": 0.0, 
  "threshold_dynamics_method": {
    "params": {
      "b_voltage": 30.22300933375581, 
      "a_spike": 0.003380367146056933, 
      "b_spike": 120.11197653069523, 
      "a_voltage": 12.485778706666627
    }, 
    "name": "three_components_exact"
  }, 
  "voltage_reset_method": {
    "params": {
      "a": 0.8014734958600775, 
      "b": 0.002455319156772183
    }, 
    "name": "v_before"
  }, 
  "extrapolation_method_name": "endpoints", 
  "dt": 5e-05, 
  "voltage_dynamics_method": {
    "params": {}, 
    "name": "linear_forward_euler"
  }, 
  "El": 0.0, 
  "asc_tau_array": [
    0.03333333333333334, 
    0.01
  ], 
  "R_input": 130040129.67675483, 
  "AScurrent_dynamics_method": {
    "params": {}, 
    "name": "exp"
  }, 
  "AScurrent_reset_method": {
    "params": {
      "r": [
        1.0, 
        1.0
      ]
    }, 
    "name": "sum"
  }, 
  "dt_multiplier": 10, 
  "th_adapt": null, 
  "coeffs": {
    "a": 1, 
    "C": 1, 
    "b": 1, 
    "G": 1, 
    "th_inf": 0.7803194614197968, 
    "asc_amp_array": [
      1.0, 
      1.0
    ]
  }, 
  "type": "GLIF"
}