{
  "model_spike_times_same_across_sweeps": {
    "n1": 1,
    "n2": 1
  },
  "run_model_spike_times_match_database": {
    "n2": true
  },
  "n2_after_opt_sanitycheck": 0.5691911109332106,
  "after_opt": {
    "noise_1": 0.3686131410548798,
    "noise_2": 0.569090847604326
  },
  "before_opt": {
    "noise_1": 0.42820461423720685,
    "noise_2": 0.4106164341023602
  }
}