{
  "El_reference": -0.07069018173217773,
  "C": 3.361471851416662e-10,
  "asc_amp_array": [
    -8.182710638879903e-11,
    -1.5393889309069098e-09
  ],
  "init_threshold": 0.019127177532050538,
  "threshold_reset_method": {
    "params": {
      "a_spike": 0.0038235885083581604,
      "b_spike": 56.647900428488796
    },
    "name": "three_components"
  },
  "th_inf": 0.019127177532050538,
  "spike_cut_length": 106,
  "init_AScurrents": [
    0.0,
    0.0
  ],
  "init_voltage": 0.0,
  "threshold_dynamics_method": {
    "params": {
      "b_voltage": 118.61868013175138,
      "a_spike": 0.0038235885083581604,
      "b_spike": 56.647900428488796,
      "a_voltage": 37.28447312612441
    },
    "name": "three_components_exact"
  },
  "voltage_reset_method": {
    "params": {
      "a": 0.4823429900156151,
      "b": 0.004229438313880741
    },
    "name": "v_before"
  },
  "extrapolation_method_name": "endpoints",
  "dt": 5e-05,
  "voltage_dynamics_method": {
    "params": {},
    "name": "linear_forward_euler"
  },
  "El": 0.0,
  "asc_tau_array": [
    0.1,
    0.0033333333333333335
  ],
  "R_input": 115006489.62750593,
  "AScurrent_dynamics_method": {
    "params": {},
    "name": "exp"
  },
  "AScurrent_reset_method": {
    "params": {
      "r": [
        1.0,
        1.0
      ]
    },
    "name": "sum"
  },
  "dt_multiplier": 10,
  "th_adapt": null,
  "coeffs": {
    "a": 1,
    "C": 1,
    "b": 1,
    "G": 1,
    "th_inf": 0.7929837233920696,
    "asc_amp_array": [
      1.0,
      1.0
    ]
  },
  "type": "GLIF"
}