{
  "model_spike_times_same_across_sweeps": {
    "n1": 1,
    "n2": 1
  },
  "run_model_spike_times_match_database": {
    "n2": true
  },
  "n2_after_opt_sanitycheck": 0.5390441948548731,
  "after_opt": {
    "noise_1": 0.4703073621977425,
    "noise_2": 0.53905098622525
  },
  "before_opt": {
    "noise_1": 0.3757377850215691,
    "noise_2": 0.4661982799186083
  }
}