{
  "model_spike_times_same_across_sweeps": {
    "n1": 1,
    "n2": 1
  },
  "run_model_spike_times_match_database": {
    "n2": true
  },
  "n2_after_opt_sanitycheck": 0.7934853994380315,
  "after_opt": {
    "noise_1": 0.6621115965770831,
    "noise_2": 0.793507883761823
  },
  "before_opt": {
    "noise_1": 0.585706425232047,
    "noise_2": 0.5711604147844445
  }
}