{
  "model_spike_times_same_across_sweeps": {
    "n1": 1,
    "n2": 1
  },
  "run_model_spike_times_match_database": {
    "n2": true
  },
  "n2_after_opt_sanitycheck": 0.7583422414908622,
  "after_opt": {
    "noise_1": 0.7154897126528704,
    "noise_2": 0.758335085975399
  },
  "before_opt": {
    "noise_1": 0.42976820575341107,
    "noise_2": 0.4508195041190075
  }
}