{
  "noise1": {
    "RSS_of_voltage_diff": 382.50251023098946,
    "var_of_voltage_difference": 1.6973485417949656e-05,
    "var_of_voltage_data": 0.0001025093002108814,
    "num_data_points_wo_spike_shape": 22407796
  },
  "noise2": {
    "RSS_of_voltage_diff": 384.41190303292825,
    "var_of_voltage_difference": 1.6734939892739622e-05,
    "var_of_voltage_data": 0.00010155555849186152,
    "num_data_points_wo_spike_shape": 22407868
  }
}