{
  "model_spike_times_same_across_sweeps": {
    "n1": 1,
    "n2": 1
  },
  "run_model_spike_times_match_database": {
    "n2": true
  },
  "n2_after_opt_sanitycheck": 0.6514466597659141,
  "after_opt": {
    "noise_1": 0.6893802473573899,
    "noise_2": 0.651429612541207
  },
  "before_opt": {
    "noise_1": 0.0945386335278866,
    "noise_2": 0.09811956426714732
  }
}