{
  "noise1": {
    "RSS_of_voltage_diff": 15.172289637402306,
    "var_of_voltage_difference": 5.067022495375985e-06,
    "var_of_voltage_data": 3.838504460710379e-05,
    "num_data_points_wo_spike_shape": 2784180
  },
  "noise2": {
    "RSS_of_voltage_diff": 26.798895615765417,
    "var_of_voltage_difference": 4.645607205741439e-06,
    "var_of_voltage_data": 4.2281690848008985e-05,
    "num_data_points_wo_spike_shape": 4175874
  }
}